Date,PMI,EPS,PE,Price,Country,Forward_3M,Forward_6M,Macro_Signal,Micro_Signal,PE_6M_Change,Valuation_Signal,Monthly_Return,Vol_12M,Mom_6M_ex1M,Technical_Signal,Macro_Score,Micro_Score,Valuation_Score,Technical_Score,Composite_Score,Country_Rank
2005-12-30,52.8,8.2908,13.135,38.82500076293945,Eurozone,0.12234384820757382,0.13406304994399076,52.8,,,,,,,,-0.8499341502148812,,,,,
2006-01-31,53.5,8.4093,13.4672,41.43999862670898,Eurozone,0.098576328053666,0.07516896191350542,53.5,,,,0.06735345299118922,,,,-0.8265555181244963,,,,,
2006-02-28,54.5,8.563,13.5957,41.7400016784668,Eurozone,0.051868639524923266,0.10888830824580498,54.5,,,,0.007239456122096977,,,,-0.4485111714311304,,,,,
2006-03-31,56.1,8.5932,13.9157,43.57500076293945,Eurozone,0.010441721362961065,0.08078027300363089,56.1,,,,0.0439626020767343,,,,-0.026354855899452072,,,,,
2006-04-28,56.1,8.7048,13.7097,45.525001525878906,Eurozone,-0.021307000289757738,0.06974188095865741,56.1,,,,0.04475044701772979,,,,-0.06703178432531215,,,,,
2006-05-31,57.0,9.0183,12.4691,43.90499877929688,Eurozone,0.054207974815785764,0.1604601339145144,57.0,,,,-0.03558490263116465,,,,0.09591037564571084,,,,,
2006-06-30,57.7,9.1519,12.3123,44.02999877929688,Eurozone,0.06961168581379606,0.17363163001854054,57.7,0.10386211222077457,-0.06263418347925387,0.06263418347925387,0.0028470562231046603,,,,0.2595005265635192,1.4142810852246885,0.3243609611698712,,,
2006-07-31,57.4,9.2458,12.2986,44.55500030517578,Eurozone,0.09303109481254257,0.17663559371518045,57.4,0.09947320228794299,-0.08677379113698469,0.08677379113698469,0.011923723380291351,,0.13406304994399076,,0.18578371048701275,0.8311375231920691,0.4483485647041347,,,
2006-08-31,56.5,9.3683,12.5486,46.28499984741211,Eurozone,0.1007886125290367,0.1223938842865544,56.5,0.09404414340768419,-0.07701699802143325,0.07701699802143325,0.03882840377930297,,0.07516896191350542,,-0.021240767941984234,1.223230926677332,1.2244666910568556,,,
2006-09-29,56.5,9.4856,12.7256,47.095001220703125,Eurozone,0.09725019423811032,0.1489542246059996,56.5,0.10384955546245878,-0.08552210812248029,0.08552210812248029,0.017500299793914875,,0.10888830824580498,,0.03061995080455343,1.1343474676798486,0.6178180428327071,,,
2006-10-31,57.0,9.5463,13.027,48.70000076293945,Eurozone,0.07648867383500746,0.18069813345377428,57.0,0.0966708023159637,-0.04979685915811438,0.04979685915811438,0.034080040357462815,,0.08078027300363089,,0.23320640793793748,0.9883010301343026,0.2781960777565897,,,
2006-11-30,56.6,9.7135,12.8234,50.95000076293945,Eurozone,0.01962708508391997,0.17124628740864667,56.6,0.07708769945555138,0.02841424000128323,-0.02841424000128323,0.04620123130906073,,0.06974188095865741,,0.07281635205585303,0.9857418147978203,-0.09710907458169309,,,
2006-12-29,56.6,9.7723,13.2579,51.67499923706055,Eurozone,0.047121459298342216,0.1417513472876082,56.6,0.06778920224215734,0.0768012475329547,-0.0768012475329547,0.014229606737286904,0.09390259841422935,0.1604601339145144,1.7087933307945544,0.03799206959068496,0.5999162163547904,-0.9396834446761545,0.606506736393355,0.07618289441566897,2
2007-01-31,55.5,9.8131,13.4728,52.42499923706055,Eurozone,0.09680497542767363,0.09003340561551099,55.5,0.06135758939194025,0.09547428162555072,-0.09547428162555072,0.014513788312978004,0.08162645750651479,0.17363163001854054,2.1271489088532674,0.05255656467358808,-0.016893562273818687,-0.7866012087198702,0.7869244590644341,0.008996563186083328,3
2007-02-28,55.6,9.9463,13.0812,51.95000076293945,Eurozone,0.14870064216884527,0.09971126523776941,55.6,0.061697426427420154,0.04244298168720029,-0.04244298168720029,-0.00906053373454907,0.08592925385969409,0.17663559371518045,2.0555932442238163,-0.21448564811227808,0.14331145580550855,-0.9219828420168058,0.939687430180368,-0.013367401035801835,2
2007-03-30,55.6,10.0167,13.3657,54.11000061035156,Eurozone,0.09037145323396922,0.1171687318623873,55.6,0.05599013241123396,0.05030018230967492,-0.05030018230967492,0.0415784372606407,0.08519400966191093,0.1223938842865544,1.4366489471767991,-0.14934236052217617,0.25122050200666374,-0.9378656819895455,1.2160471322380764,0.09501489793325463,2
2007-04-30,55.4,10.1086,13.7982,57.5,Eurozone,-0.006173905082370923,0.1033912990404211,55.4,0.05890240197772956,0.05920012282183151,-0.05920012282183151,0.06265014510090228,0.09275897061324041,0.1489542246059996,1.6058201554118787,0.10450598885463247,0.2083644549609978,-1.5307788200982182,1.540871051577113,0.08074066882363123,2
2007-05-31,55.0,10.3906,13.8318,59.67499923706055,Eurozone,-0.04264764476720373,0.0336824828140454,55.0,0.06970710866320062,0.0786374908370635,-0.0786374908370635,0.03782607368800961,0.07137439501277333,0.18069813345377428,2.531694081910412,0.1219704943323591,0.24878346232134493,-0.9685092970230375,1.3532803174333032,0.18888124426599245,2
2007-06-29,55.0,10.4915,13.5643,59.0,Eurozone,0.024576284117617808,0.011186438091730588,55.0,0.07359577581531473,0.023110749062822844,-0.023110749062822844,-0.011311256735489716,0.07754260274874449,0.17124628740864667,2.208415520478765,0.06874328711613097,0.4313618573848034,-0.5006711592561541,1.6929233559894563,0.42308933530855913,2
2007-07-31,54.9,10.5868,12.9379,57.14500045776367,Eurozone,0.11024585154596211,-0.06378511555805688,54.9,0.078843586634193,-0.039702214832848304,0.039702214832848304,-0.03144067020739538,0.09551080779688037,0.1417513472876082,1.484139340430101,0.05948471480522493,0.7090782946952785,-0.4427768278780575,1.4082250413079767,0.43350280573260563,2
2007-08-31,54.3,10.7699,12.625,57.130001068115234,Eurozone,0.07973044319997347,-0.07124102255786102,54.3,0.0828046610297295,-0.03487447634773577,0.03487447634773577,-0.0002624794737646763,0.0956838362013813,0.09003340561551099,0.9409468640661719,-0.1077760420279141,0.7490549059611576,-0.5261067635811307,1.5179225768402165,0.4082736692980823,2
2007-09-28,54.3,10.8458,12.7173,60.45000076293945,Eurozone,-0.013068666758589642,-0.10008269910179501,54.3,0.08277177114219247,-0.04851223654578518,0.04851223654578518,0.0581130690137015,0.10371493920315185,0.09971126523776941,0.9613973262083273,-0.17467057594697372,1.095077439743759,0.2372481966945908,0.8797777373355411,0.5093581994567293,2
2007-10-31,51.5,10.956,12.9701,63.44499969482422,Eurozone,-0.15674993683758376,-0.10836157353722642,51.5,0.08382961043072235,-0.060015074429998094,0.060015074429998094,0.049545060282628395,0.1068780192804279,0.1171687318623873,1.0962846490910212,-0.4505057022044469,1.6297166304305373,0.46613504871623596,0.9184145736744125,0.6409401376541847,1
2007-11-30,52.8,11.0368,12.4212,61.685001373291016,Eurozone,-0.13982329266405003,-0.07205965138794435,52.8,0.06219082632379269,-0.10198238840931761,0.10198238840931761,-0.02774053637006768,0.11446114808268723,0.1033912990404211,0.9032872793284475,-0.40721574831540885,1.1932202292783165,0.2644127931166541,1.09982853315606,0.5375614518089054,1
2007-12-31,52.6,10.9179,12.4978,59.65999984741211,Eurozone,-0.08816624765313952,-0.17876300608120033,52.6,0.04064242482009228,-0.07862550960978443,0.07862550960978443,-0.03282810214470888,0.12471715434959861,0.0336824828140454,0.27007096970500916,-0.34906242877816873,0.879306604452509,-0.18753403304562305,1.1488797596385327,0.37289747556681246,1
2008-01-31,52.8,10.9982,10.7926,53.5,Eurozone,0.05738317186587327,-0.10654207033531693,52.8,0.038859712094306165,-0.16581516320268364,0.16581516320268364,-0.1032517576796359,0.17011630886134355,0.011186438091730588,0.06575758765638574,-0.23188569484733038,1.3168021760418598,0.6507831613743444,0.9977832317683358,0.6833707185843024,1
2008-02-29,52.3,10.9043,10.7572,53.060001373291016,Eurozone,0.0787787447604531,-0.13456470070767446,52.3,0.01247922450533423,-0.14794455445544563,0.14794455445544563,-0.008224273396429616,0.1700546513888447,-0.06378511555805688,-0.3750859799312792,-0.11716865837746744,0.9022614932458828,0.9448390812519487,0.5445772301415975,0.5686272865654904,1
2008-03-31,52.0,10.8863,10.4783,54.400001525878906,Eurozone,-0.0993566625438953,-0.26985293921714837,52.0,0.0037341643769939203,-0.17605938367420748,0.17605938367420748,0.025254431170490088,0.1667544653301629,-0.07124102255786102,-0.42722107870879783,0.03238468307633923,0.5909951591993338,0.4316072928974552,0.5631045395697363,0.4045229186857161,1
2008-04-30,50.7,10.8185,11.1078,56.56999969482422,Eurozone,-0.15502917633153301,-0.4703906797578824,50.7,-0.012550200803212785,-0.14358408955983382,0.14358408955983382,0.03988967110438435,0.15902762974075818,-0.10008269910179501,-0.6293415758314871,-0.03578185887261772,0.4568204901153964,0.7688733917490289,0.6953965341543431,0.4713271392865377,1
2008-05-30,50.7,10.8456,11.0285,57.2400016784668,Eurozone,-0.19776385705068866,-0.5155485896383523,50.7,-0.017323861988982392,-0.11212282227160031,0.11212282227160031,0.011843768556779377,0.1542712751826474,-0.10836157353722642,-0.7024092684067931,-0.060815843374593,0.44034411832042586,1.0099010178160739,0.501710674827539,0.47278499189736145,1
2008-06-30,49.2,10.8309,9.7379,48.994998931884766,Eurozone,-0.18930498853722177,-0.3752423455931273,49.2,-0.007968565383452808,-0.22083086623245696,0.22083086623245696,-0.14404267129299775,0.2096639908666023,-0.07205965138794435,-0.34369111782190553,0.04261291360293533,0.5409869902940884,1.2143337170581914,0.5309052737541764,0.5822097236773478,1
2008-07-31,47.4,10.6924,9.7031,47.79999923706055,Eurozone,-0.37322176647141214,-0.4696652555212756,47.4,-0.027804549835427794,-0.10094879825065328,0.10094879825065328,-0.024390238205445502,0.20912720468391297,-0.17876300608120033,-0.8548051237589731,-0.22697358632124512,0.3471672772161145,0.757095359523458,-0.5884893134439267,0.07219993424360016,3
2008-08-29,47.4,10.6952,9.8053,45.91999816894531,Eurozone,-0.3961236792690136,-0.5145905530414071,47.4,-0.019175921425492626,-0.08848956977652167,0.08848956977652167,-0.03933056690631953,0.210176344183864,-0.10654207033531693,-0.5069175160935955,-0.19430950874367753,0.06496745470700263,0.7046207973772274,-0.08133516271924245,0.12348589515532751,2
2008-09-30,45.0,10.6008,8.7597,39.720001220703125,Eurozone,-0.22935549673657085,-0.3831822948879985,45.0,-0.026225623030781908,-0.1640151551301261,0.1640151551301261,-0.1350173605284486,0.22390397647759439,-0.13456470070767446,-0.6009929025139046,-0.1009866341813902,-0.13951524735245602,0.704773969007685,-0.14456768136548212,0.07992610152708915,3
2008-10-31,41.1,9.7716,8.0028,29.959999084472656,Eurozone,-0.15387179051658084,-0.06241652166317746,41.1,-0.09676942274807054,-0.2795333009236751,0.2795333009236751,-0.24572008651256771,0.29077742769835513,-0.26985293921714837,-0.9280395020795311,-0.23581854048772558,-0.45909646322593156,0.6429418718305698,-0.19344932813435264,-0.06135561500435998,3
2008-11-28,41.1,8.8717,8.2025,27.729999542236328,Eurozone,-0.1961773788861111,0.14677244002925738,41.1,-0.18200007376263172,-0.25624518293512255,0.25624518293512255,-0.07443256376439833,0.2894039533136254,-0.4703906797578824,-1.6253775194567668,-0.31108810013963634,-0.34279903656341726,0.3162795513780284,0.2769551201900631,-0.01516311628374055,3
2008-12-31,33.9,8.3513,8.728,30.61000061035156,Eurozone,-0.19960798721073225,-0.009800755910724268,33.9,-0.22893757674800796,-0.10370819170457701,0.10370819170457701,0.10385867708827834,0.3328603465449288,-0.5155485896383523,-1.5488435164768555,-0.0902598712332422,-0.18815885407484045,0.1647598774711991,0.650937125363205,0.13431956938158038,2
2009-01-30,33.9,7.6788,8.8309,25.350000381469727,Eurozone,0.10808677435449043,0.3242603230634713,33.9,-0.2818450488197224,-0.08988879842524544,0.08988879842524544,-0.17183927226394857,0.3514959677424316,-0.3752423455931273,-1.0675580377300276,-0.248020804250205,-0.10189440130237337,0.2557070152507945,0.3354647567738468,0.060314141618015724,3
2009-02-27,34.4,7.1016,8.5023,22.290000915527344,Eurozone,0.4266486285744602,0.6002690311285446,34.4,-0.3360011967985638,-0.13288731604336435,0.13288731604336435,-0.12071003628777743,0.3530985964845692,-0.4696652555212756,-1.3301249571571165,-0.05519538930773935,0.08708969075649271,0.4048528122880911,0.3209301614997129,0.18941931880913934,3
2009-03-31,33.9,6.7183,9.3357,24.5,Eurozone,0.23714283534458702,0.5514285029197226,33.9,-0.3662459437023621,0.06575567656426573,-0.06575567656426573,0.09914755467475822,0.38028632909333066,-0.5145905530414071,-1.3531660585019747,-0.5713622483882018,0.13067778703593977,0.4228909808711744,0.5043396191188186,0.12163653465943275,3
2009-04-30,36.8,6.542,11.0241,28.09000015258789,Eurozone,0.19508720229506538,0.2912068444550069,36.8,-0.33050882148266403,0.3775303643724697,-0.3775303643724697,0.1465306184729751,0.4229161294615687,-0.3831822948879985,-0.9060479565436368,-0.8087118857058547,0.13385835377198052,0.330277281224221,0.6555933902054536,0.0777542848739501,3
2009-05-29,36.8,6.425,11.5845,31.799999237060547,Eurozone,0.12169808253877457,0.19622647258414205,36.8,-0.275787053214153,0.41231331911002744,-0.41231331911002744,0.13207543838802227,0.45761103731044683,-0.06241652166317746,-0.1363964515148563,-0.8780509389138148,0.24923428681361182,0.3225417702777532,1.245843790416847,0.23489222714859928,2
2009-06-30,42.6,6.395,11.4042,30.309999465942383,Eurozone,0.2540415371581537,0.23622573015238846,42.6,-0.234250954941147,0.30662236480293315,-0.30662236480293315,-0.046855339838551946,0.4434897866469666,0.14677244002925738,0.330948861616273,-0.9512046790388565,0.10106035979093758,0.24470153086397062,0.9534579816262894,0.08700379831058525,3
2009-07-31,46.3,6.4445,12.378,33.56999969482422,Eurozone,0.08042897788157366,0.027405480846174113,46.3,-0.16074126165546698,0.40166913904585044,-0.40166913904585044,0.10755527173614476,0.46487415915730157,-0.009800755910724268,-0.02108259992013869,-0.6021784738610698,-0.24846861892078567,-0.2904435423871517,-0.2782449890343974,-0.35483390605085113,4
2009-08-31,48.2,6.5706,12.8026,35.66999816894531,Eurozone,0.06644246897229666,-0.06195680397866421,48.2,-0.07477188239270027,0.5057807887277561,-0.5057807887277561,0.0625558085556035,0.4714652097993782,0.3242603230634713,0.6877714756544884,-1.2568135186104878,-0.6638216944421518,-0.9166856098867633,0.37037137844580986,-0.6167373611233983,5
2009-09-30,49.3,6.7136,13.0675,38.0099983215332,Eurozone,-0.014206712040925384,-0.054722391691847894,49.3,-0.00069958173942819,0.39973435307475635,-0.39973435307475635,0.06560135331392081,0.4567702326138349,0.6002690311285446,1.3141596983970432,-1.2856304443407738,-0.5936505507849724,-0.8732776178904779,0.001420653637901796,-0.6877844898445805,5
2009-10-30,49.3,6.8845,12.1751,36.27000045776367,Eurozone,-0.0490763373816242,-0.058450479876709704,49.3,0.05235402017731583,0.10440761604121884,-0.10440761604121884,-0.045777372812558004,0.37326063805710696,0.5514285029197226,1.4773282974331647,-1.177928732379918,-0.5523754685655373,-0.5094932484964639,0.473351044595674,-0.4416116012115613,5
2009-11-30,51.6,6.9986,12.1396,38.040000915527344,Eurozone,-0.12039962462738008,-0.2155625805884862,51.6,0.08927626459143978,0.04791747593767526,-0.04791747593767526,0.04880067370897434,0.35877959728582876,0.2912068444550069,0.8116594328607022,-1.1278435833947893,-0.6299889334793056,-0.5602364923053276,-0.19001979039368683,-0.6270221998932773,5
2009-12-31,51.6,7.1222,12.5945,37.470001220703125,Eurozone,-0.04109956939837123,-0.2380571575405781,51.6,0.11371383893666942,0.10437382718647514,-0.10437382718647514,-0.014984218746208144,0.3523462671200915,0.19622647258414205,0.5569137263408597,-1.6017068694476146,-0.5892074663932848,-0.6139746990126849,-0.10012226155801345,-0.7262528241028994,5
2010-01-29,51.6,7.2711,11.7506,34.4900016784668,Eurozone,-0.009857933779115036,-0.04783999552279106,51.6,0.12826441151369394,-0.05068670221360472,0.05068670221360472,-0.07953027609163255,0.3060411957389383,0.23622573015238846,0.7718755953165718,-1.5372205442358426,-0.6541847317437463,-0.5543155158172572,-0.05334694641317728,-0.6997669345525059,5
2010-02-26,52.4,7.3211,11.4505,33.459999084472656,Eurozone,-0.1081888532855535,-0.08696951365914751,52.4,0.11422092350774671,-0.10561136019246087,0.10561136019246087,-0.029863802373695014,0.26857840974585584,0.027405480846174113,0.1020390316262083,-1.047043748708654,-0.7256195911092441,-0.26524638569404474,-0.7743122665471255,-0.703055498014767,5
2010-03-31,56.6,7.4053,12.1993,35.93000030517578,Eurozone,-0.20539941568138897,-0.03618144241633303,56.6,0.103029671115348,-0.0664396403290608,0.0664396403290608,0.07381952445567608,0.2633387707709009,-0.06195680397866421,-0.23527414439313726,-0.28559288596981364,-0.8767764439094992,-0.32548131283903103,-0.9954316999663692,-0.6208205856711783,5
2010-04-30,57.6,7.6015,11.5503,34.150001525878906,Eurozone,-0.038360214194962605,0.07554898685443101,57.6,0.10414699687704254,-0.051317853652126044,0.051317853652126044,-0.049540739331428885,0.24510568138216907,-0.054722391691847894,-0.22326039683480317,-0.16154383845688894,-0.9110263416110689,-0.4863182369183056,-1.3543087352385528,-0.728299288056204,5
2010-05-31,55.8,7.8321,10.4072,29.84000015258789,Eurozone,0.023793534880765854,0.09450401073740111,55.8,0.1190952476209528,-0.14270651421793146,0.14270651421793146,-0.1262079408700727,0.25074170892776704,-0.058450479876709704,-0.23311031948636815,-0.622303847861283,-0.9427869027215406,-0.39444992022933,-1.1973006604693572,-0.7892103328203777,5
2010-06-30,55.6,7.8829,10.1993,28.549999237060547,Eurozone,0.21295978961576578,0.23537658144592655,55.6,0.1068068855129034,-0.1901782524117671,0.1901782524117671,-0.04323059346283109,0.25007333952564653,-0.2155625805884862,-0.8619974484180428,-0.5005308166557328,-0.6908762679430042,-0.24424678993783414,-1.1345420419715955,-0.6425489791270417,5
2010-07-30,55.6,8.0725,10.5741,32.84000015258789,Eurozone,0.11845308683233657,0.1422045720842453,55.6,0.11021716108979396,-0.10012254693377365,0.10012254693377365,0.15026273310573424,0.2731698616044055,-0.2380571575405781,-0.8714620132045302,-0.47697387798038393,-0.3554043547719813,-0.3852271759625652,-1.3384669025859517,-0.6390180778252206,5
2010-08-31,55.1,8.2795,9.9076,30.549999237060547,Eurozone,0.06906712481327659,0.2638298387750313,55.1,0.13090928958763026,-0.13474520763285447,0.13474520763285447,-0.0697320616591679,0.27267716745666193,-0.04783999552279106,-0.17544554965495793,-0.13017529218158339,0.10675761886160409,-0.37850951907156344,-0.996124728169327,-0.3495129801402174,5
2010-09-30,53.7,8.3072,10.3898,34.630001068115234,Eurozone,0.018481067568828502,0.11868323660364388,53.7,0.12179114958205606,-0.14832818276458481,0.14832818276458481,0.13355161809972138,0.30030499903171853,-0.08696951365914751,-0.2896039491169499,-0.24363951239640427,0.2148654041634125,-0.08730714122974143,-0.48836145260944713,-0.15111067551804508,5
2010-10-29,53.7,8.4259,10.6161,36.72999954223633,Eurozone,0.021236013858370484,0.1388511394603693,53.7,0.10845227915542988,-0.08088101607750453,0.08088101607750453,0.06064101672969957,0.303139613630947,-0.03618144241633303,-0.11935570538920595,-0.3068138484597495,0.890489364254848,-0.1447161831228473,0.10701903489926741,0.13649459189287969,1
2010-11-30,55.3,8.5199,9.9579,32.65999984741211,Eurozone,0.18218006095339634,0.21984079420455682,55.3,0.0878180819958887,-0.04317203474517639,0.04317203474517639,-0.1108085963939115,0.31928222654188815,0.07554898685443101,0.2366213355271731,-0.1770182525028822,0.8529661378149036,0.6345300536668018,0.3972533850342375,0.4269328310032652,1
2010-12-31,57.1,8.5846,10.4024,35.27000045776367,Eurozone,0.09838392899536541,0.10093567698004913,57.1,0.08901546385213566,0.01991313129332406,-0.01991313129332406,0.07991428727940941,0.33115980861651906,0.09450401073740111,0.2853728268904641,0.19780489574070917,0.8112355171738894,0.9091327646632943,-1.2816926269156783,0.15912013766555366,2
2011-01-31,57.3,8.6925,10.7253,37.5099983215332,Eurozone,0.11516938690561118,-0.04292180399085899,57.3,0.07680396407556533,0.014299089284194544,-0.014299089284194544,0.0635100038190235,0.3249397315238744,0.23537658144592655,0.7243699634454602,-0.0336635359215839,0.5093678956068474,0.8770862769642436,-1.750586010238095,-0.09944884339714699,4
2011-02-28,59.0,8.7869,10.8127,38.61000061035156,Eurozone,0.03185701949734132,-0.1836311846803499,59.0,0.06128389395494871,0.09135411199483223,-0.09135411199483223,0.029325575527602288,0.3221934923832185,0.1422045720842453,0.4413638867513392,0.16227854676672632,0.2897821644775633,0.4218299053269009,-1.3498720061482112,-0.11899534739425519,4
2011-03-31,57.5,8.8245,10.4811,38.7400016784668,Eurozone,0.0023231840136423987,-0.2947857895935575,57.5,0.06227128274268101,0.00878746462877067,-0.00878746462877067,0.0033670309779891827,0.31603505555141964,0.2638298387750313,0.8348119429811341,0.4143600157135427,0.21154237376854157,0.2534276075777192,-0.9407202962108614,-0.015347574787764467,3
2011-04-29,57.5,8.9236,10.6896,41.83000183105469,Eurozone,-0.14176428509676364,-0.26440355938689075,57.5,0.05906787405499703,0.0069234464633907145,-0.0069234464633907145,0.07976251984277627,0.31587235064307306,0.11868323660364388,0.37573164084169125,0.4396130556712736,0.3467547210610615,0.9369797526960459,-0.40869191618614076,0.32866390331056006,2
2011-05-31,54.6,8.9895,10.222,39.84000015258789,Eurozone,-0.2088353329055842,-0.26029118472681023,54.6,0.055118017817110454,0.02652165617248614,-0.02652165617248614,-0.047573549877050536,0.28412382927787555,0.1388511394603693,0.48869938087653925,0.09514375336725578,0.38737020603379124,0.14356950923599865,-0.5855806350649739,0.010125708393017935,3
2011-06-30,52.0,9.0186,10.0769,38.83000183105469,Eurozone,-0.2964203346244817,-0.28148343283834276,52.0,0.050555646157071976,-0.031290855956317754,0.031290855956317754,-0.025351363395203164,0.2798037787908034,0.21984079420455682,0.7856963017247948,-0.4313083486816573,0.3118518021530369,-0.202393394961193,0.00793129035290262,-0.07847966278422769,3
2011-07-29,52.0,8.9571,9.5589,35.900001525878906,Eurozone,-0.1428969596120272,-0.1679665858035888,52.0,0.03044003451251065,-0.10875220273558794,0.10875220273558794,-0.07545712508394686,0.2635787705793568,0.10093567698004913,0.382943120791513,-0.2390457218668836,0.20006343527597442,1.0550285054254227,0.6725078678953682,0.4221385216824704,2
2011-08-31,49.0,8.8022,8.4581,31.520000457763672,Eurozone,-0.065038106428842,-0.000317266140120509,49.0,0.0017412284195790217,-0.21776244601255923,0.21776244601255923,-0.12200559559747826,0.2851504225186637,-0.04292180399085899,-0.15052337503743193,-1.2260601620951814,-0.026371539451009663,1.2120605538482119,-0.9660552481119856,-0.25160659895249116,5
2011-09-30,48.5,8.6024,8.1396,27.31999969482422,Eurozone,0.021229865672946602,0.1548316101569247,48.5,-0.025168564791206438,-0.22340212382288116,0.22340212382288116,-0.1332487532342327,0.2794505154071313,-0.1836311846803499,-0.6571152120181912,-1.0293058187107316,-0.5831157987131629,1.1071764232255077,-0.40433910381422883,-0.2273960745031539,3
2011-10-31,47.1,8.2939,9.1609,30.770000457763672,Eurozone,-0.029249255935684948,-0.03217418772798142,47.1,-0.07056569097673582,-0.1430081574614579,0.1430081574614579,0.1262811420745753,0.30569274261859863,-0.2947857895935575,-0.9643205365897439,-1.3403555263579654,-1.0711815635297555,0.9484475550558165,-1.2128280274991536,-0.6689793905827646,5
2011-11-30,46.4,8.1259,9.103,29.46999931335449,Eurozone,0.06922297126090915,-0.11978279136563241,46.4,-0.09606763446242839,-0.10946977108197997,0.10946977108197997,-0.042248980340238385,0.28848256212307083,-0.26440355938689075,-0.9165322071498117,-0.7383893286392347,-1.4425829379848891,0.22165588146694792,-1.6507230033955236,-0.9025098471381748,5
2011-12-30,46.4,8.0864,9.1141,27.899999618530277,Eurozone,0.13082436087583527,-0.01612899146034219,46.4,-0.103364158516843,-0.09554525697387095,0.09554525697387095,-0.05327450734322747,0.2760356560055345,-0.26029118472681023,-0.9429621828333346,-0.6984224745578592,-1.7328652229430355,0.6151189027999964,-1.0440075350946572,-0.7150440824488888,5
2012-01-31,48.8,7.9662,9.7286,29.8700008392334,Eurozone,-0.0030130616022506773,-0.09005692864006809,48.8,-0.11062732357571092,0.017753088744520973,-0.017753088744520973,0.0706093637146401,0.27835947610557643,-0.28148343283834276,-1.0112227425359195,-0.7095662904602306,-1.4567826315478938,-0.510479770277414,-1.3554233407399963,-1.0080630082563835,5
2012-02-29,49.0,7.9,10.2228,31.51000022888184,Eurozone,-0.17676926862472064,-0.08029199201104831,49.0,-0.1024971029969779,0.20864023835140277,-0.20864023835140277,0.054904564565473546,0.28400295572480966,-0.1679665858035888,-0.5914254849035564,-0.7017654783874172,-1.2199801994418562,-1.2884990151018962,-0.6740532946048048,-0.9710744968839936,5
2012-03-30,49.0,7.9278,10.168,31.549999237060547,Eurozone,-0.1299524111970496,-0.04754358276617665,49.0,-0.07841997582070104,0.24920143495994895,-0.24920143495994895,0.001269406787945515,0.28387326777139077,-0.000317266140120509,-0.0011176330290318503,-0.6956272624164066,-1.034459331498386,-0.9825935391340131,-0.6952764536909053,-0.8519891466849279,5
2012-04-30,45.9,7.9656,9.5285,29.780000686645508,Eurozone,-0.08730692819075947,0.03492273284752101,45.9,-0.03958330821447098,0.040127061751574544,-0.040127061751574544,-0.05610138171844681,0.26700217090936557,0.1548316101569247,0.5798889560695093,-1.0094546628268892,-0.9177770888091331,1.1770562129250075,-0.717583743795276,-0.3669398206265727,4
2012-05-31,45.1,7.986,8.7178,25.940000534057617,Eurozone,0.1171934828677963,0.22860447891626134,45.1,-0.017216554473965973,-0.04231572009227724,0.04231572009227724,-0.12894560322525084,0.28615861896830536,-0.03217418772798142,-0.11243480222255685,-0.9159696554297887,-1.044633974778306,1.1993681439092978,-1.3451436572789424,-0.5265947858944349,5
2012-06-29,45.1,7.9038,9.3322,27.450000762939453,Eurozone,0.09471761026802517,0.21894346646603258,45.1,-0.022581123862287167,0.02392995468559711,-0.02392995468559711,0.058211264371382576,0.3001251178227311,-0.11978279136563241,-0.3991095188386802,-1.0146594773877289,-1.1040954915990029,-0.47544005129693695,-0.9475537012167966,-0.8854371803751163,5
2012-07-31,44.0,7.8498,9.6562,27.18000030517578,Eurozone,0.13392197751209323,0.27740989076043276,44.0,-0.014611734578594548,-0.00744197520712131,0.00744197520712131,-0.009836081976660749,0.2952239393700077,-0.01612899146034219,-0.05463307445446534,-1.2514223915801692,-0.8217762684515328,0.030633053999880283,-0.9601067039717149,-0.750668077500884,5
2012-08-31,45.1,7.8098,10.0911,28.979999542236328,Eurozone,0.09972399388016195,0.1428571240525618,45.1,-0.011417721518987345,-0.012882967484446395,0.012882967484446395,0.06622513674945685,0.28373161638051436,-0.09005692864006809,-0.3174018101644765,-1.4526120417610486,-0.8215259446423763,-0.38498254728393305,-0.8227426057284464,-0.8704657848539511,5
2012-09-28,45.1,7.7728,10.2498,30.049999237060547,Eurozone,0.11347753524088522,0.08652254092611722,45.1,-0.019551451852973134,0.008044846577498044,-0.008044846577498044,0.036922005235533906,0.2478243813295716,-0.08029199201104831,-0.3239874607182868,-1.33038021047548,-0.7478819193090314,-0.4305464743408047,-0.39283309443820263,-0.7254104246408797,5
2012-10-31,45.4,7.7069,10.4997,30.81999969482422,Eurozone,0.12654125777080583,0.12037635046101891,45.4,-0.03247715175253596,0.10192580154274045,-0.10192580154274045,0.025623975950523015,0.21467448905065362,-0.04754358276617665,-0.22146824700236498,-1.1591481961212313,-0.9041791224757133,-1.0896921659574883,-0.22403264655894875,-0.8442630327783454,5
2012-11-30,46.2,7.6774,10.8279,31.8700008392334,Eurozone,0.039221777839195004,0.09758389146869373,46.2,-0.0386426245930378,0.24204501135607592,-0.24204501135607592,0.0340688239716469,0.21106981881993997,0.03492273284752101,0.16545583372728903,-1.1360980467404198,-0.6583818466752495,-1.308094273481657,0.7470653416766808,-0.5888772063051614,5
2012-12-31,46.1,7.6935,11.0534,33.459999084472656,Eurozone,-0.024207937261111145,-0.029288690049340205,46.1,-0.026607454642070927,0.18443668159705107,-0.18443668159705107,0.04989012247787272,0.2033036580572573,0.22860447891626134,1.124448429018815,-0.8346750651930199,-0.46042598451804734,-1.2691880094525032,0.6501553167810477,-0.4785334355956307,4
2013-01-31,47.9,7.6646,11.4083,34.720001220703125,Eurozone,-0.005472420355012941,0.017281061435082012,47.9,-0.02359295778236392,0.18144818872848534,-0.18144818872848534,0.03765696864036028,0.196359342261314,0.21894346646603258,1.1150142587800267,-0.9988302510955487,-1.1530501723027728,-0.3875502283696266,0.9658642387743096,-0.3933916032484097,4
2013-02-28,47.9,7.619,11.3808,33.119998931884766,Eurozone,0.05615944052947808,0.04710149225847937,47.9,-0.024430843299444338,0.12780569016261856,-0.12780569016261856,-0.04608301361073386,0.19944272510773633,0.27740989076043276,1.3909250919559968,-0.6702917135709716,-1.4336745682739216,0.14641830088411512,0.7974432960997679,-0.2900261712152525,4
2013-03-29,47.9,7.607,11.4019,32.650001525878906,Eurozone,-0.005206798643112798,0.1555895184976006,47.9,-0.02133079456566489,0.11240219321352596,-0.11240219321352596,-0.014190743392608951,0.20041775436024373,0.1428571240525618,0.7127967505103426,-0.7735319310485218,-1.3789300496049033,0.3258719256517528,-0.2908606671981778,-0.5293626805499625,5
2013-04-30,46.7,7.5074,11.8124,34.529998779296875,Eurozone,0.02287868356372491,0.15204170824204444,46.7,-0.025885894458212877,0.12502261969389594,-0.12502261969389594,0.05758031134938402,0.19511847307250968,0.08652254092611722,0.44343592671496473,-1.6626674523591036,-0.950990360192568,0.38193927171951786,-0.880885740060327,-0.7781510702231201,5
2013-05-31,48.3,7.5428,12.0195,34.97999954223633,Eurozone,-0.008576307632546243,0.15380220521784715,48.3,-0.017531976971370544,0.11004903998005156,-0.11004903998005156,0.013032168515721532,0.11820036629874274,0.12037635046101891,1.0184092844245214,-1.6662362541774236,-0.9316438714319801,0.0738442469949697,-1.071762135460284,-0.8989495035186795,5
2013-06-28,48.3,7.5381,11.3504,32.47999954223633,Eurozone,0.16163793331256082,0.2740148291660389,48.3,-0.02019886917527791,0.026869560497222666,-0.026869560497222666,-0.07146941202733281,0.1469904940856731,0.09758389146869373,0.6638789268360249,-1.7065110560685206,-0.8789511465525193,0.6204773430117404,-0.8320244920848364,-0.6992523379235339,5
2013-07-31,50.3,7.5362,12.0658,35.31999969482422,Eurozone,0.1262740408552787,0.11183467715370021,50.3,-0.016752341935652226,0.05763347738050362,-0.05763347738050362,0.08743842957555503,0.16064773916601535,-0.029288690049340205,-0.1823162292939144,-1.1420293248224023,-0.8435307100570872,-0.6445153686368251,-1.0099225927957933,-0.909999499078027,5
2013-08-30,50.3,7.5537,11.9054,34.68000030517578,Eurozone,0.16378316768146273,0.21136095593584714,50.3,-0.008570678566740986,0.04609517784338535,-0.04609517784338535,-0.01812002817605407,0.15804403386589044,0.017281061435082012,0.10934333307226263,-1.1497177878082299,-0.6481986973447604,-0.8628731222858653,-0.8652301829375374,-0.8815049475940983,5
2013-09-30,51.1,7.6056,12.5224,37.72999954223633,Eurozone,0.09674003631494776,0.12032867666603342,51.1,-0.00018404101485480773,0.0982730948350714,-0.0982730948350714,0.08794692070995613,0.1729375643291153,0.04710149225847937,0.2723612561631845,-1.2730102306228757,-0.43752485163111743,-1.2216451107110964,-0.49974603227287145,-0.8579815563094902,5
2013-10-31,51.3,7.5634,13.2731,39.77999877929688,Eurozone,-0.012820471020191015,0.08220212564374196,51.3,0.007459306817273692,0.12365818969896036,-0.12365818969896036,0.05433340211853732,0.17625633735046092,0.1555895184976006,0.8827456693839765,-1.6313162440321516,-0.4043159186671592,-0.9474156490295614,1.3006627747929704,-0.4205962592339754,5
2013-11-29,51.3,7.5073,13.5295,40.36000061035156,Eurozone,0.04088200411866327,0.07556985111338865,51.3,-0.004706475049053416,0.12562918590623573,-0.12562918590623573,0.014580237527723083,0.17595900914607462,0.15204170824204444,0.8640745874843218,-1.6556079265237826,-0.17598436347892443,-1.0327356565729902,0.5198776241476507,-0.5861125806070117,5
2013-12-31,52.7,7.5745,13.5085,41.380001068115234,Eurozone,0.02150795956199758,0.02271625428819246,52.7,0.004828803014021998,0.19013426839582737,-0.19013426839582737,0.025272558036137927,0.1732586026018102,0.15380220521784715,0.8877031380157295,-1.2424016262767252,-0.014878163941992649,-0.9184673809878804,0.07654218334869249,-0.5248012469644764,5
2014-01-31,54.0,7.565,13.2147,39.27000045776367,Eurozone,0.09625665228505409,0.013496276371753657,54.0,0.003821554629654278,0.09521954615524875,-0.09521954615524875,-0.0509908302534432,0.18511647804422324,0.2740148291660389,1.480229270030615,-0.6301324551955272,0.07622966348705536,-0.8927954408769853,0.5125513048332674,-0.23353673193804744,4
2014-02-28,53.2,7.5094,13.9451,42.0099983215332,Eurozone,0.03332543636787766,-0.050940239827420575,53.2,-0.0058646755894462554,0.1713256169469317,-0.1713256169469317,0.06977330867914056,0.18195355304814814,0.11183467715370021,0.6146331043291403,-1.5557145340204381,0.06636305695610903,-0.8808983462829448,0.7186726100083095,-0.4128943033347411,5
2014-03-31,53.0,7.5222,13.9561,42.27000045776367,Eurozone,0.0011828539512439562,-0.08918855966255945,53.0,-0.010965604291574671,0.1144908324282885,-0.1144908324282885,0.0061890537162243575,0.17873407094896318,0.21136095593584714,1.1825442950728764,-1.2425403457640398,-0.1799008749729278,-0.7589926232051701,0.3315449564449304,-0.4624722218743018,5
2014-04-30,53.4,7.5222,14.0557,43.04999923706055,Eurozone,-0.07549361341688865,-0.13124269015823153,53.4,-0.0054472856122907976,0.058961357934468994,-0.058961357934468994,0.018452774328125532,0.17470447352200583,0.12032867666603342,0.688755555254152,-0.3106848830005999,-0.014591500677137527,-0.4338589643582155,0.29174222581934584,-0.11684828055415178,4
2014-05-30,53.4,7.5582,14.2004,43.40999984741211,Eurozone,-0.08154805178462543,-0.10504495252982282,53.4,0.006780067401062961,0.04958793746997303,-0.04958793746997303,0.008362383663915285,0.17496122064360833,0.08220212564374196,0.46983054497079474,-0.2655961868182075,0.1589011368073441,-0.3480601334251261,0.19690310671887057,-0.06446301917927974,2
2014-06-30,51.8,7.5583,14.0521,42.31999969482422,Eurozone,-0.09026464372331766,-0.14154059326475166,51.8,-0.002138755033335493,0.040241329533256875,-0.040241329533256875,-0.02510942539551453,0.15355133804604634,0.07556985111338865,0.4921471351212002,-0.8956132305729317,0.08128253571765875,-0.4357830550803693,0.14176262261353864,-0.2770877818305259,5
2014-07-31,51.8,7.562,13.5639,39.79999923706055,Eurozone,-0.06030145118562802,-0.07839193446464987,51.8,-0.000396563119629878,0.026425117482803184,-0.026425117482803184,-0.0595463250457412,0.15676225255704254,0.02271625428819246,0.14490895555310093,-0.7044955825622234,-0.2096232380685035,0.932638572497082,-0.24105255361003652,-0.05563320043592035,3
2014-08-29,51.8,7.6223,13.6705,39.869998931884766,Eurozone,-0.02558315738874939,-0.022824175364709265,51.8,0.01503449010573421,-0.01969150454281432,0.01969150454281432,0.0017587863358308198,0.15397945377621144,0.013496276371753657,0.08764985224177176,-0.7110732901284322,-0.26199925738550667,1.4652144012162922,-0.7852698303186791,-0.07328199415408146,3
2014-09-30,50.3,7.6736,13.6806,38.5,Eurozone,-0.056363588803774345,0.0020779696377841717,50.3,0.020127090478849308,-0.01974047190834105,0.01974047190834105,-0.03436164957579546,0.13622926171640726,-0.050940239827420575,-0.37393023485265947,-0.9293203772845873,-0.40965543717512953,0.7867596197775635,-0.8461183709164259,-0.3495836413996448,3
2014-10-31,50.6,7.6621,13.3501,37.400001525878906,Eurozone,-0.019251368752082,0.054545374802150715,50.6,0.01859828241737782,-0.05020027462168375,0.05020027462168375,-0.028571388938210207,0.12663508590421746,-0.08918855966255945,-0.7042958041661431,-1.240151072871486,-0.41615170952033004,0.9462253159787066,-0.9751795109168117,-0.4213142443324802,4
2014-11-28,50.6,7.672,13.9598,38.84999847412109,Eurozone,0.002831418653075124,0.008751613022954796,50.6,0.015056494932655928,-0.016943184699022562,0.016943184699022562,0.03876997029636087,0.13277588332534518,-0.13124269015823153,-0.9884527737363509,-1.2304040005224834,-0.4119778840444653,0.8626106558195771,-0.8705995247943907,-0.4125926883854406,4
2014-12-31,50.6,7.6785,13.6263,36.33000183105469,Eurozone,0.06193228424438768,0.033305780993337475,50.6,0.015903046981464053,-0.030301520769137613,0.030301520769137613,-0.0648647810049473,0.14245111347337355,-0.10504495252982282,-0.7374105401391435,-1.0520609764346558,-0.29610444792720436,1.1529410341681439,-0.673638268583594,-0.21721566469432757,4
2015-01-30,50.6,7.6054,14.7619,36.68000030517578,Eurozone,0.07524531893593633,0.054798208964288664,50.6,0.005739222427929125,0.08832268005514643,-0.08832268005514643,0.009633868881941954,0.13618830477942664,-0.14154059326475166,-1.0393006469534494,-1.3780373635710879,0.27394448892195583,-0.6341222853844465,-0.6968774205007132,-0.608773145133573,4
2015-02-27,51.0,7.6437,15.7515,38.959999084472656,Eurozone,0.0059034791488992155,-0.07546197884487904,51.0,0.002807551526442076,0.15222559525986612,-0.15222559525986612,0.06215918103400764,0.13177147145531273,-0.07839193446464987,-0.5949082422687728,-0.3953728652831771,0.39171601073505824,-0.8801020262092017,-0.49380055310684684,-0.34438985846604186,3
2015-03-31,52.2,7.7133,16.0696,38.58000183105469,Eurozone,-0.02695699497583237,-0.10990154165969579,52.2,0.005173582151793088,0.17462684385187788,-0.17462684385187788,-0.009753523160872302,0.1311793745766561,-0.022824175364709265,-0.17399210385297048,0.4037573910365468,0.40899137261504387,-1.0238936091225161,-0.4673743282753223,-0.16962979343656195,3
2015-04-30,52.0,7.792,15.6262,39.43999862670898,Eurozone,-0.019016227842667766,-0.06566937735220735,52.0,0.01695357669568387,0.17049310492056247,-0.17049310492056247,0.02229125854944991,0.13204270940592686,0.0020779696377841717,0.015737102390076373,0.6233496837118422,0.6660318496095983,-0.46729956727822736,-0.34349110360711954,0.11964771560902338,3
2015-05-29,52.0,7.8936,15.3467,39.18999862670898,Eurozone,-0.0808879377399333,-0.06710888863429432,52.0,0.02888425443169984,0.09934956088196101,-0.09934956088196101,-0.0063387426142226255,0.13103966735192185,0.054545374802150715,0.4162508643711903,0.46882288367320707,0.8718162052346768,0.1878483458915336,0.008956258190927838,0.38436092324758636,2
2015-06-30,52.5,7.9463,14.6181,37.540000915527344,Eurozone,-0.08524242634250612,-0.06659562970244748,52.5,0.03487660350328836,0.0727857158583034,-0.0727857158583034,-0.042102520260286935,0.13453955957663596,0.008751613022954796,0.06504862250548496,0.8583863905418273,0.9002958889532062,-0.11941673078781026,-0.7583325898177318,0.2202332397223729,2
2015-07-31,52.4,8.0131,15.1664,38.68999862670898,Eurozone,-0.047557514032003034,-0.14189708086419006,52.4,0.05360664790806524,0.027401621742458637,-0.027401621742458637,0.03063392869300574,0.12781238535818168,0.033305780993337475,0.2605833613072887,0.7155813982969722,0.8716601509249206,0.6753407228691913,-0.23665923776746756,0.5064807585809041,1
2015-08-31,52.3,8.0613,13.7956,36.02000045776367,Eurozone,0.014991696520396669,-0.117157167325731,52.3,0.05463322736371112,-0.12417230105069355,0.12417230105069355,-0.06901003524725169,0.14424192206230715,0.054798208964288664,0.37990487218145824,1.1570838237598058,0.7845261760961572,1.3395200898421633,-0.4290314994657902,0.713024647558084,1
2015-09-30,52.0,7.973,13.2936,34.34000015258789,Eurozone,0.020384413506960852,0.0014560057320436304,52.0,0.03366911697976227,-0.1727485438343208,0.1727485438343208,-0.046640763015694975,0.14721675355380387,-0.07546197884487904,-0.5125909723128058,0.9161879874051679,0.465810146885172,1.4866685748069188,-0.34845709611205444,0.6300524032463011,2
2015-10-30,52.0,7.8721,14.7648,36.84999847412109,Eurozone,-0.09905014551750779,-0.0428764744038459,52.0,0.01027977412730996,-0.055125366371862716,0.055125366371862716,0.07309255417531024,0.16610058000529349,-0.10990154165969579,-0.66165657974339,0.958754428339173,-0.11508346273009455,0.17586891159700896,-1.7136704402703538,-0.17353264076606656,4
2015-11-30,52.8,7.8753,15.1841,36.560001373291016,Eurozone,-0.13019699008293528,-0.07029539382626326,52.8,-0.0023183338400729614,-0.01059511165266791,0.01059511165266791,-0.007869663849069841,0.160628135840982,-0.06566937735220735,-0.4088286090627264,0.8359011135236779,-0.11143052584041013,-0.731190572164885,-0.3044548104230206,-0.07779369872615946,3
2015-12-31,53.2,7.8495,14.3524,35.040000915527344,Eurozone,-0.01855027137259202,-0.07905252241406757,53.2,-0.01218177013201116,-0.018176096756760463,0.018176096756760463,-0.04157550330055815,0.15249368999455945,-0.06710888863429432,-0.44007649520900555,1.1289771829153845,-0.19593563024444005,-0.060552020280723345,0.10260729777176998,0.24377420754049778,2
2016-01-29,53.2,7.7161,13.6637,33.20000076293945,Eurozone,0.0623493869655245,0.018975935350534545,53.2,-0.03706430719696496,-0.09908086296022778,0.09908086296022778,-0.05251141850776975,0.1597567117570804,-0.06659562970244748,-0.4168565374812553,1.0416609195243784,-0.27194122249193736,0.2955549683298394,-0.3122033973286962,0.18826781700839607,2
2016-02-29,51.2,7.5644,13.5028,31.799999237060547,Eurozone,0.06886800295435114,0.07578616054189813,51.2,-0.06164018210462319,-0.021224158427324613,0.021224158427324613,-0.04216871968996161,0.14351106861112148,-0.14189708086419006,-0.9887535661008496,0.9890071022149017,0.060244991293684116,0.1155248509559395,-0.6713694481700315,0.12335187407362344,3
2016-03-31,51.6,7.5468,13.8972,34.38999938964844,Eurozone,-0.0616457973105663,0.0029078886476647803,51.6,-0.053455412015552484,0.04540530781729557,-0.04540530781729557,0.08144654763291426,0.1736520633969963,-0.117157167325731,-0.6746661400612963,0.32150208059515656,0.39787367514694,0.3342936743361551,-0.4179939703682014,0.15891886492751256,2
2016-04-29,51.6,7.5529,13.9841,35.27000045776367,Eurozone,-0.04082785959794366,-0.03203858955058492,51.6,-0.04054826539297007,-0.05287575856090154,0.05287575856090154,0.025588865476401157,0.17431781898351434,0.0014560057320436304,0.008352592641038771,0.278106690944206,0.6636404664461449,0.6704035341948122,-0.009794779832951983,0.40058897793805276,2
2016-05-31,51.5,7.5612,14.1167,33.9900016784668,Eurozone,0.006472415273378163,-0.03559878903849767,51.5,-0.039884194887813806,-0.07029721880124606,0.07029721880124606,-0.03629143075372776,0.17654283834180245,-0.0428764744038459,-0.24286725424020472,0.02014262231824714,0.5452938012936923,1.407283037257198,0.22008996622491228,0.5482023567735125,1
2016-06-30,52.8,7.6093,13.1471,32.27000045776367,Eurozone,0.06879458286989348,0.07220322229022025,52.8,-0.03060067520224219,-0.0839789860929182,0.0839789860929182,-0.05060315197903542,0.1783916611366602,-0.07029539382626326,-0.3940508955315585,0.6301575590871193,0.447476371929689,0.9337506546450846,-0.8751527570744291,0.28405795714686594,2
2016-07-29,52.8,7.6034,13.8175,33.83000183105469,Eurozone,0.009163391717856406,0.044634887372281495,52.8,-0.01460582418579337,0.011256101934322249,-0.011256101934322249,0.04834215528855701,0.18373438711813464,-0.07905252241406757,-0.43025436693698293,0.565148084125096,0.26576320180778185,1.4173858965318913,-0.8034740069962305,0.36120579386713464,2
2016-08-31,51.7,7.6873,13.8422,34.209999084472656,Eurozone,-0.041800653126145004,0.03507748597058913,51.7,0.01624715773888208,0.025135527446159323,-0.025135527446159323,0.011232551961293247,0.17274194192551148,0.018975935350534545,0.10985134900658468,0.29104598642306223,0.18153343536067978,0.9818407360643804,-0.7231714253740942,0.18281218311850705,3
2016-09-30,52.6,7.7569,13.7104,34.4900016784668,Eurozone,0.0031892371789292717,0.09017096678183001,52.6,0.027839614141092817,-0.013441556572546975,0.013441556572546975,0.008184817348364959,0.16626742450118476,0.07578616054189813,0.45580883188190663,-0.11055096091226886,-0.011570484406304045,0.8509311205691303,-0.8215620066182057,-0.023188082841912067,4
2016-10-31,53.5,7.8697,13.6866,34.13999938964844,Eurozone,0.035149407861539306,0.1493849554773199,53.5,0.04194415390115047,-0.021274161368983302,0.021274161368983302,-0.010147934815464943,0.14681407115633352,0.0029078886476647803,0.019806607260201534,0.2225981484763509,-0.14372987966301498,0.12787873591750648,-0.9463236051055591,-0.18489415009367918,4
2016-11-30,53.7,7.96,13.4799,32.779998779296875,Eurozone,0.08023188426035843,0.2562538693925811,53.7,0.05274295085436176,-0.04510969277522359,0.04510969277522359,-0.03983598812728528,0.15079562877856797,-0.03203858955058492,-0.21246364904669202,0.25186528809667263,-0.17722517148369732,0.29370217086589956,-0.30727476000522985,0.015266881868411256,3
2016-12-30,53.7,7.9961,14.3421,34.599998474121094,Eurozone,0.0867052061358855,0.16560704074074817,53.7,0.05083253387302378,0.09089456990515021,-0.09089456990515021,0.05552165230627426,0.15841578561956712,-0.03559878903849767,-0.2247174351929016,0.08005338672599818,-0.4943004786117746,-0.6547840299038045,-0.268067477094468,-0.33427464972101223,4
2017-01-31,55.2,8.1255,13.9659,35.34000015258789,Eurozone,0.11035657920316444,0.17798531093290726,55.2,0.06866664913065224,0.010740003618599614,-0.010740003618599614,0.021387332690788297,0.14868311226742736,0.07220322229022025,0.48561817942277574,0.3883550851104604,-0.3383835443356745,-0.3906830561938321,0.31311033052352066,-0.006900296223881386,3
2017-02-28,55.4,8.4151,13.8286,35.40999984741211,Eurozone,0.16294833331340342,0.18130477298241998,55.4,0.09467563383762845,-0.0009825027813498144,0.0009825027813498144,0.0019807497035082555,0.13932216787635782,0.044634887372281495,0.320371754564521,-0.15872240565387777,-0.004709713468615331,-0.08365474315043442,-0.10001804710718215,-0.08677622734502742,3
2017-03-31,56.2,8.5115,14.3909,37.59999847412109,Eurozone,0.0726064752053801,0.15212769821360572,56.2,0.09728113034846397,0.04963385459213443,-0.04963385459213443,0.06184689737774818,0.12933743321873986,0.03507748597058913,0.27120907766326935,0.28109294090985215,0.12253124686299763,-0.776358023630785,-0.49482725762713414,-0.21689027337126732,4
2017-04-28,56.2,8.5948,14.5308,39.2400016784668,Eurozone,0.06090721935315213,0.11697247594937488,56.2,0.09213820094793945,0.06168076805050182,-0.06168076805050182,0.04361710826862053,0.13319564906135825,0.09017096678183001,0.6769813234686939,0.34832027534728827,0.4917173582316565,-0.5936812792895644,0.053391735072000054,0.07493702234034512,3
2017-05-31,57.0,8.7269,14.3938,41.18000030517578,Eurozone,0.015784398277364886,0.06168044916716764,57.0,0.09634422110552765,0.06779723885192035,-0.06779723885192035,0.04943931049252659,0.12847707162753533,0.1493849554773199,1.1627363045010715,0.7116312635830764,0.5224015666456121,-0.4975757709396919,-0.01947367081004402,0.17924584711973812,2
2017-06-30,57.4,8.589,14.2246,40.33000183105469,Eurozone,0.07413830220724638,0.0756260624494196,57.4,0.07414864746563943,-0.008192663556940705,0.008192663556940705,-0.02064105069990152,0.11402312373375953,0.2562538693925811,2.24738510050756,0.4295320902958076,0.49101725397613877,0.3242843054786541,1.0352534326095932,0.5700217705900484,1
2017-07-31,56.6,8.6155,14.22,41.630001068115234,Eurozone,0.05284652189510641,0.11506118130990828,56.6,0.06030398129345893,0.0181943161557796,-0.0181943161557796,0.03223404855041512,0.11062589739397487,0.16560704074074817,1.497000653933387,0.10414009757891274,0.11990256403603566,-0.09401070458573238,0.15494967005921476,0.0712454067721077,3
2017-08-31,57.4,8.6961,14.0119,41.83000183105469,Eurozone,0.0451828665291929,0.04327031985090679,57.4,0.03339235422038933,0.013255137902607794,-0.013255137902607794,0.004804245923804018,0.11123375688408345,0.17798531093290726,1.6001015871322724,0.02364010043518165,-0.6924813011305065,-0.9980103879938182,0.8727546219110702,-0.1985242416945182,4
2017-09-29,57.4,8.6861,14.6421,43.31999969482422,Eurozone,0.0013850732620892536,0.000692492601759076,57.4,0.02051342301591963,0.017455475335107495,-0.017455475335107495,0.03562031552825218,0.11214312460634801,0.18130477298241998,1.6167266037828678,-0.06700878849973438,-0.7187092547696857,-1.289647105312214,1.4426542698599591,-0.15817771968041877,4
2017-10-31,58.5,8.7157,14.94,43.83000183105469,Eurozone,0.059091860134387275,0.011407711136478538,58.5,0.014066644948108165,0.02816087207861928,-0.02816087207861928,0.011772902581331346,0.10784870386174955,0.15212769821360572,1.4105658461006363,0.2633654171709773,-1.127533458745841,-0.49679427622927963,0.6273366824085349,-0.18340640884890208,3
2017-11-30,60.1,8.7575,14.5557,43.720001220703125,Eurozone,-0.001829867996819834,-0.022415359443591742,60.1,0.003506399752489342,0.011247898400700285,-0.011247898400700285,-0.0025097103754538885,0.08961672029852398,0.11697247594937488,1.3052528095173046,0.3521142546354342,-1.203888913913146,-0.16878924667101683,-0.04988646465591856,-0.2676125926511618,5
2017-12-29,60.1,8.7966,14.3524,43.380001068115234,Eurozone,-0.0006916227122041319,-0.054633533615194185,60.1,0.024170450576318503,0.00898443541470395,-0.00898443541470395,-0.00777676448066722,0.08812456674268658,0.06168044916716764,0.6999234316495119,0.2459839725895514,-1.0847604435905014,0.7741816502672088,-0.3682893325011825,-0.10822103830873094,4
2018-01-31,59.6,8.88,14.6607,46.41999816894531,Eurozone,-0.04502361956767198,-0.08293835902597513,59.6,0.03070048168997741,0.030991561181434646,-0.030991561181434646,0.07007830857488173,0.1017690778836757,0.0756260624494196,0.743114352827898,0.19346033336267082,-0.8429841259780564,-0.6037441145899787,-0.6845810053930124,-0.48446222814959417,5
2018-02-28,58.6,8.9323,14.0134,43.63999938964844,Eurozone,-0.020623229233938112,-0.05545367100805565,58.6,0.027161601177539296,0.00010705186305925984,-0.00010705186305925984,-0.0598879553846402,0.13066075708173855,0.11506118130990828,0.8806100919645559,0.009960238411123276,-0.8850585645233364,-1.360797889488298,-0.5904646268133275,-0.7065902106034596,5
2018-03-30,58.6,8.9857,13.6254,43.34999847412109,Eurozone,-0.053979244174248486,-0.053979244174248486,58.6,0.03449188934044045,-0.06943676112033104,0.06943676112033104,-0.006645300632065143,0.1234641318009141,0.04327031985090679,0.35046874926136584,0.12058174570431593,-0.864515894316787,-1.2938643871741586,-0.534246965102216,-0.6430113752222114,5
2018-04-30,56.2,9.0315,14.1402,44.33000183105469,Eurozone,-0.03970227979998697,-0.15700434495119286,56.2,0.03623346374932579,-0.05353413654618466,0.05353413654618466,0.0226067679683688,0.11941020790385515,0.000692492601759076,0.005799274734674664,-0.2390457218668789,-0.8928139340803237,-0.9009621193852521,-0.539798540975215,-0.6431550790769175,4
2018-05-31,55.5,9.1647,13.6036,42.7400016784668,Eurozone,-0.03556388390432552,-0.12868506747792197,55.5,0.046497288038823914,-0.06541080126685761,0.06541080126685761,-0.035867360408589954,0.11973514791807474,0.011407711136478538,0.09527453997287354,-0.3482998968025647,-0.7895489064455085,-0.5062520189871589,-0.44438987515317,-0.5221226743471005,5
2018-06-29,55.5,9.1979,13.411,41.0099983215332,Eurozone,0.0,-0.1450864957757877,55.5,0.045619898597185404,-0.06559181739639364,0.06559181739639364,-0.04047738158618752,0.12562341693246218,-0.022415359443591742,-0.17843297046794004,-0.37992177694155965,-0.893908664771712,-1.6043990699127988,-0.40923152854261885,-0.8218652600421723,5
2018-07-31,55.1,9.2529,13.7844,42.56999969482422,Eurozone,-0.12215176885640622,-0.12262159403627604,55.1,0.04199324324324327,-0.05977204362683919,0.05977204362683919,0.03803953760397749,0.12727119609897006,-0.054633533615194185,-0.4292686427863021,-0.32359221213960876,-1.4157265828294807,-0.6562896404282165,-0.3263841615635234,-0.6804981492402074,5
2018-08-31,54.6,9.3352,13.2914,41.220001220703125,Eurozone,-0.09655505638940487,-0.06550219997527207,54.6,0.04510596374953835,-0.05152211454750466,0.05152211454750466,-0.03171243795628287,0.1317050893469583,-0.08293835902597513,-0.6297278217357709,-0.4563498789054886,-0.25191404240863524,0.8757946672847753,-0.4975783844898789,-0.08251190962980687,4
2018-09-28,54.6,9.3825,13.179,41.0099983215332,Eurozone,-0.1450864957757877,-0.05876615328088641,54.6,0.04415905271709497,-0.032762340922101396,0.032762340922101396,-0.005094684448103459,0.12565689951170536,-0.05545367100805565,-0.4413101964440079,-0.4249670751074398,-0.3885440835294774,1.0950003234815628,-0.6784090043069634,-0.09922995986557945,4
2018-10-31,52.0,9.4241,12.2697,37.369998931884766,Eurozone,-0.0005352009187941098,0.084559805665821,52.0,0.04347007695288707,-0.1322824288199601,0.1322824288199601,-0.08875882805723445,0.14982068943198357,-0.053979244174248486,-0.3602923226351477,-0.7168172293073983,-0.28524454776291713,0.9926031777169582,-0.9387121338444326,-0.2370426832994475,4
2018-11-30,51.8,9.4115,12.1725,37.2400016784668,Eurozone,0.0343716090656625,0.01825984048952689,51.8,0.02692941394699222,-0.10520009409274023,0.10520009409274023,-0.003478652853453834,0.14975449614563338,-0.15700434495119286,-1.0484115602012318,-0.9143515122605148,-0.6093553116197369,0.6614048737580045,-0.924382131837309,-0.44667102048988905,4
2018-12-31,51.4,9.3948,11.4631,35.060001373291016,Eurozone,0.10096967946860569,0.12835139257661687,51.4,0.02140706030724404,-0.14524643948997085,0.14524643948997085,-0.05853921071212831,0.15649146424149504,-0.12868506747792197,-0.8223136520681875,-1.318130380599123,-0.056014987187183306,0.7585050988929837,-0.8327209911700082,-0.36209031501583266,4
2019-01-31,50.5,9.291,12.3039,37.34999847412109,Eurozone,0.08514057389799201,0.03052217539274049,50.5,0.0041176279869012955,-0.10740402193784271,0.10740402193784271,0.06531651486399004,0.15365954285521485,-0.1450864957757877,-0.9442075192980036,-0.9459462435705851,0.9048094164055691,1.1154590453396438,-0.7752323132121932,0.07477247624060862,3
2019-02-28,49.3,9.2599,12.8265,38.52000045776367,Eurozone,-0.015576383221392986,-0.015835945044196276,49.3,-0.008066243894078395,-0.034977504250868985,0.034977504250868985,0.03132535559414418,0.15298441001458174,-0.12262159403627604,-0.8015299991978813,-0.9498500147964251,0.37612728542550905,0.6672731367305856,-1.256220517119111,-0.29066752743986035,4
2019-03-29,49.3,9.2674,12.9648,38.59999847412109,Eurozone,0.024870542412418706,0.007512977383192787,49.3,-0.012267519317879061,-0.016253129979512893,0.016253129979512893,0.002076791677225742,0.15340631275796918,-0.06550219997527207,-0.4269850359979358,-0.9407041098460802,0.31823223370174675,0.003087621232860214,-0.9643043546138742,-0.3959221523813369,4
2019-04-30,47.9,9.2854,13.5386,40.52999877929688,Eurozone,-0.050333016587015944,-0.0027140541244664584,47.9,-0.014717585764157826,0.10341736146768055,-0.10341736146768055,0.05000000988263609,0.1617275955356219,-0.05876615328088641,-0.3633650341876421,-1.1569157664622944,0.31587043842169843,-1.0876643930390206,-0.46351897914603796,-0.5980571750564136,5
2019-05-31,47.7,9.2873,12.6022,37.91999816894531,Eurozone,-0.0002636688295357681,0.07568573009405966,47.7,-0.01319662115497,0.03530088313822133,-0.03530088313822133,-0.06439676015200824,0.1697116524816379,0.084559805665821,0.4982557439594198,-1.0921073707648778,0.23884769538772088,-0.324652495486963,0.2510491517255423,-0.23171575478464443,4
2019-06-28,47.7,9.2789,13.2334,39.560001373291016,Eurozone,-0.016936348846917193,0.05965613533187719,47.7,-0.012336611742666093,0.1544346642705725,-0.1544346642705725,0.04324903173884609,0.17328296033405063,0.01825984048952689,0.10537585723562212,-1.2691794328058208,0.21077497079948335,-0.14299375630368208,0.011111231221200545,-0.29757174677220477,4
2019-07-31,46.5,9.2073,13.3462,38.4900016784668,Eurozone,0.05014280089154299,0.05170168295635169,46.5,-0.009008718114304148,0.0847129771860955,-0.0847129771860955,-0.027047514097070513,0.16911934563239134,0.12835139257661687,0.7589397422079063,-0.7547548429916314,-0.30134616220450416,-0.4729064064518442,-0.2877031990834277,-0.4541776526828518,4
2019-08-30,46.5,9.2335,13.1364,37.90999984741211,Eurozone,0.07596942969420328,-0.011078822754835294,46.5,-0.002851002710612449,0.024160916851830194,-0.024160916851830194,-0.015068895966797724,0.1673028221882051,0.03052217539274049,0.1824367036582621,-0.7455078883014732,-0.2921672783695285,-0.35145294879122585,-0.3936524160002605,-0.445695132865622,5
2019-09-30,45.7,9.2235,13.6305,38.88999938964844,Eurozone,0.07791202948960163,-0.21547953952905297,45.7,-0.004737035198653428,0.05134672343576452,-0.05134672343576452,0.025850687053042165,0.1702940608204988,-0.015835945044196276,-0.09299176358762393,-0.7869910029407432,-0.2574030910497674,-0.631147749319436,-0.4109075423272247,-0.5216123464092928,5
2019-10-31,45.9,9.1513,13.8928,40.41999816894531,Eurozone,0.0014844476993844946,-0.19866400650820226,45.9,-0.014442027268615099,0.026162232431713672,-0.026162232431713672,0.039341702322168715,0.146702948264372,0.007512977383192787,0.051212177206239384,-1.5872961597016042,-0.06061681943414333,0.20272467414894252,-0.3800947736203839,-0.45632076965179724,4
2019-11-29,45.9,9.1021,14.3301,40.790000915527344,Eurozone,-0.0809021613874088,-0.14734008338653082,45.9,-0.01994121003951632,0.1371109806224311,-0.1371109806224311,0.009153952581479885,0.14622548484401918,-0.0027140541244664584,-0.018560746284148614,-1.5872961597016042,-0.4337495743001312,-0.7321652865370437,-0.6071770595893217,-0.8400970200320251,5
2019-12-31,46.3,9.1249,14.4474,41.91999816894531,Eurozone,-0.27218507725308294,-0.12977096527496945,46.3,-0.016596794878703247,0.09173757311046304,-0.09173757311046304,0.027702800393608618,0.12734505179562813,0.07568573009405966,0.5943358538620345,-1.5581368466222143,-0.35357734869771706,-0.3690496067841029,-0.6741179897274029,-0.7387204479578593,5
2020-01-31,47.9,9.1492,14.1505,40.47999954223633,Eurozone,-0.19985178468559228,-0.06941703075759909,47.9,-0.006310210376548997,0.06026434490716448,-0.06026434490716448,-0.03435111377881084,0.1238737863927522,0.05965613533187719,0.481588050782047,-0.9692866071947078,0.06961627753270402,-0.14357683545578329,-0.9176941475898777,-0.4902353281769162,5
2020-02-28,47.9,9.0371,13.1802,37.4900016784668,Eurozone,-0.07228601701361015,0.050680118061262824,47.9,-0.02127037418097133,0.00333424682561434,-0.00333424682561434,-0.07386358442642282,0.14456848871771347,0.05170168295635169,0.3576276089964885,-1.127351757800374,-0.0262272676464478,-0.16410802412229503,-0.5643966277460761,-0.47052091932879825,4
2020-03-31,44.5,7.6698,12.8449,30.51000022888184,Eurozone,0.19567352568234586,0.24287112043509285,44.5,-0.168450154496666,-0.05763544991012792,0.05763544991012792,-0.1861830124588678,0.2342963705465441,-0.011078822754835294,-0.04728550736399236,-0.5027539093495371,-0.7111531154662052,1.3930912021469861,-0.10502504538314905,0.018539782987023717,3
2020-04-30,33.4,6.5295,16.0258,32.38999938964844,Eurozone,0.16301324108651616,0.10774935919208972,33.4,-0.28649481494432494,0.15353276517332737,-0.15353276517332737,0.06161911329607017,0.23818417591102056,-0.21547953952905297,-0.9046761343606241,-0.9994570047146539,-0.7780675490508624,-0.2788843762940142,-0.6802283298505254,-0.684159314977514,4
2020-05-29,33.4,6.298,17.3216,34.779998779296875,Eurozone,0.13254746325913347,0.23461760016706545,33.4,-0.30807176365893585,0.20875639388420186,-0.20875639388420186,0.07378818878311755,0.24755911630774205,-0.19866400650820226,-0.802491176536767,-0.989549372130926,-0.807924688768669,-0.30627140635453987,-0.6608571216991757,-0.6911506472383276,4
2020-06-30,47.4,6.2446,18.2709,36.47999954223633,Eurozone,0.039473647060816575,0.20833339868930434,47.4,-0.31565277427697835,0.26464969475476563,-0.26464969475476563,0.04887868955163377,0.24880827255058394,-0.14734008338653082,-0.5921832175277687,0.19902298119524123,-0.8727678224178427,-0.9479949721620023,-0.4710945658999521,-0.523208594821139,4
2020-07-31,51.8,6.2786,17.8809,37.66999816894531,Eurozone,-0.047517844115684826,0.14972135594620894,51.8,-0.31375420801818743,0.2636231935267306,-0.2636231935267306,0.03262057679938324,0.24997807488253473,-0.12977096527496945,-0.519129388991211,0.27686292925130385,-0.8249641895972543,-0.968319519974939,-0.07599974643856221,-0.3981051316898629,4
2020-08-31,51.7,6.4766,17.9265,39.38999938964844,Eurozone,0.09012437908271376,0.13683674722434547,51.7,-0.2833320423587212,0.36010834433468397,-0.36010834433468397,0.045659710759451855,0.253131619383783,-0.06941703075759909,-0.27423295014106136,-0.14290525185830485,-0.782718389722917,-0.4729964739342154,0.03803616869363476,-0.3401459867054506,3
2020-09-30,53.7,6.629,17.1849,37.91999816894531,Eurozone,0.16244736180272623,0.22441989839545284,53.7,-0.13570106130537962,0.33787728981930565,-0.33787728981930565,-0.037319148095479204,0.25555753096110423,0.050680118061262824,0.19831197253575095,0.3209284697561801,-0.5768010933953402,-0.6022719645720794,-0.3795403820790575,-0.30942124257257425,4
2020-10-30,53.7,6.8177,15.7656,35.880001068115234,Eurozone,0.20707915507222352,0.35423630730511313,53.7,0.044138142277356796,-0.0162363189357162,0.0162363189357162,-0.05379739449725873,0.2571170273878633,0.24287112043509285,0.9445936852276984,0.08151179897044739,-0.1844347287018589,-0.06327912808007063,-0.018531753787867686,-0.046183452899837454,3
2020-11-30,53.8,7.0139,17.9382,42.93999862670898,Eurozone,0.04285049397843754,0.18118311231512085,53.8,0.1136710066687836,0.03559717347127278,-0.03559717347127278,0.19676692721360056,0.32862067120485045,0.10774935919208972,0.32788369276052814,-0.13247168194789935,0.13749192625037043,-0.7719433398204922,0.00020175884736758714,-0.1916803341676634,4
2020-12-31,55.2,7.2073,17.7918,44.08000183105469,Eurozone,0.05331212287894016,0.11955527278026667,55.2,0.1541651987317041,-0.026222025187593534,0.026222025187593534,0.02654874803923768,0.3285489699833847,0.23461760016706545,0.714102376211773,-0.2388442437181523,0.6092247441701191,0.3489453864915895,0.3814025825610171,0.2751821173761434,2
2021-01-29,55.2,7.5736,16.6957,43.310001373291016,Eurozone,0.12191176660994096,0.15100431524953128,55.2,0.20625617175803512,-0.06628301707408468,0.06628301707408468,-0.01746824922364687,0.3265823509232965,0.20833339868930434,0.637919955258804,-0.19971511602254882,0.8740062940206245,0.5979202465332972,-0.549115742099342,0.18077392060800768,3
2021-02-26,54.8,7.7977,16.7874,44.77999877929688,Eurozone,0.13264856193235275,0.13510502940332603,54.8,0.2039804835870671,-0.06354279976570998,0.06354279976570998,0.03394129206637264,0.3140162533144104,0.14972135594620894,0.4767949249948526,-0.22665891002780145,0.6276231730553135,0.06558528551180788,-0.5294558463409192,-0.01572657445039985,3
2021-03-31,62.5,7.8582,17.743,46.43000030517578,Eurozone,0.06289033275366562,0.03639885021755185,62.5,0.1854276663146781,0.032476185488423015,-0.032476185488423015,0.03684684168954777,0.22050782451956086,0.13683674722434547,0.6205527968111033,0.4101755157647918,0.23559864266829003,-1.1604982714820467,-0.18306167501952042,-0.1744464470171213,4
2021-04-30,62.9,8.2293,17.2428,48.59000015258789,Eurozone,0.025931226951562136,0.03560402421904896,62.9,0.20704929815040263,0.09369767087836811,-0.09369767087836811,0.04652164189564578,0.21920742774504434,0.22441989839545284,1.023778713632236,0.3207587241694174,0.14313614233977953,-1.1157873829953302,-0.07966083156323059,-0.18288833701234095,4
2021-05-31,63.1,8.486,17.0314,50.720001220703125,Eurozone,0.002168781697636568,-0.06151424825495666,63.1,0.2098832318681476,-0.05055133736941264,0.05055133736941264,0.043836202128552326,0.21560368092844798,0.35423630730511313,1.6429974932694815,0.11465958893678815,0.04027089633660131,-0.1872832555995042,0.16324332520913296,0.03272263872075455,3
2021-06-30,63.4,8.7167,16.7319,49.34999847412109,Eurozone,-0.024924003652833537,-0.006889567641348071,63.4,0.2094265536331219,-0.05957238727953318,0.05957238727953318,-0.027011094511228517,0.2229621739009741,0.18118311231512085,0.8126181636334022,0.3253691053705299,0.08036504091619956,-0.11819320781293025,-0.3281758795743993,-0.01015873527515003,3
2021-07-30,63.4,9.0483,16.3168,49.84999847412109,Eurozone,0.009428309630683973,-0.04954859541847556,63.4,0.19471585507552547,-0.022694466239810085,0.022694466239810085,0.010131712572639673,0.22350606522244268,0.11955527278026667,0.5349084046613242,0.36273251059455286,-0.008940024951636896,-0.2645165587511479,-0.06291092930740029,0.006591249396091955,3
2021-08-31,61.4,9.4098,16.0714,50.83000183105469,Eurozone,-0.06354521425494464,-0.13673028747941807,61.4,0.2067404491067879,-0.042651035895969636,0.042651035895969636,0.019659044873238107,0.22244328069648484,0.15100431524953128,0.6788441295089995,0.17644256818269632,0.07210732913057141,-0.06662232355192825,-0.1271546380687345,0.013693233923151249,3
2021-09-30,58.6,9.4521,15.463,48.119998931884766,Eurozone,0.018495415823019057,-0.10078966296292746,58.6,0.20283270978086576,-0.1285013808262413,0.1285013808262413,-0.053315026589557224,0.22770540517804103,0.13510502940332603,0.5933325530752707,-0.08003571388214276,0.42023452576218634,0.5498168933628063,-0.19543949360657284,0.17364405290906926,2
2021-10-29,58.6,9.6518,15.7467,50.31999969482422,Eurozone,-0.05842604619513514,-0.20290141387903926,58.6,0.17285795875712395,-0.08676665042800469,0.08676665042800469,0.04571905261372966,0.21288462532079866,0.03639885021755185,0.1709792342340455,-0.07665458695410675,0.8267694959926111,0.6236513897989785,-0.6733219699845914,0.17511108221322286,2
2021-11-30,58.4,9.875,14.8695,47.59999847412109,Eurozone,-0.07815120851376334,-0.12079832320007589,58.4,0.1636813575300493,-0.1269361297368391,0.1269361297368391,-0.054054078640682235,0.130643862320531,0.03560402421904896,0.272527339491047,-0.20098473395498526,1.2195288305234422,0.954841359830364,-0.5700316268436708,0.3508384573887875,1
2021-12-31,58.0,9.9502,15.4823,49.0099983215332,Eurozone,-0.11711891573861954,-0.2583146354006255,58.0,0.14150997510525776,-0.07468368804499181,0.07468368804499181,0.029621846483434133,0.13112227437603624,-0.06151424825495666,-0.4691365257938123,-0.09155999963375804,1.0891242666321952,0.8186818996960256,-0.6418480976583903,0.2935995172590181,1
2022-01-31,58.7,10.0976,14.7152,47.380001068115234,Eurozone,-0.15344027635862756,-0.19459689769631094,58.7,0.11596653515024924,-0.09815650127475983,0.09815650127475983,-0.03325846376741881,0.13554595976211029,-0.006889567641348071,-0.05082827738605854,0.07108990553149461,0.5211084584021904,0.6695099960728225,-0.7734636906259759,0.12206116734513292,3
2022-02-28,58.2,10.2802,13.6895,43.880001068115234,Eurozone,-0.0462625921736638,-0.19484956766040917,58.2,0.09249930923080196,-0.14820737459088817,0.14820737459088817,-0.07387082990919036,0.1547443456447592,-0.04954859541847556,-0.3201964841560183,0.11356192809217287,0.8106519810878405,1.0303713702353106,-0.5886421845124769,0.34148577372571176,1
2022-03-31,56.5,10.4474,13.3642,43.27000045776367,Eurozone,-0.15992608991065937,-0.26091982426826266,56.5,0.10529935146686986,-0.13573045334023148,0.13573045334023148,-0.01390156325212144,0.14952173938503732,-0.13673028747941807,-0.9144508888257402,-0.1885988819220208,0.5607044770592661,1.0795312083011062,-0.8854907167505929,0.14153652167193967,1
2022-04-29,56.5,10.7766,12.6462,40.11000061035156,Eurozone,-0.04861632344219402,-0.12216408504901188,56.5,0.11653784786257493,-0.19689839775953055,0.19689839775953055,-0.07302980850431517,0.15235525650887113,-0.10078966296292746,-0.6615437187561614,-0.07091720509278016,0.32281421689957146,1.077605297662283,-0.7035592389680202,0.15648576762526353,2
2022-05-31,54.6,10.8973,12.4355,41.84999847412109,Eurozone,-0.15579442964850265,-0.03130221281617995,54.6,0.10352405063291137,-0.16369077642153407,0.16369077642153407,0.04338064914714734,0.15216404330682282,-0.20290141387903926,-1.3334386328701182,-0.42231831637199846,0.3816577754079331,1.1433960730228319,-0.7958120293865015,0.07673087566806622,4
2022-06-30,52.1,10.9953,11.1753,36.34999847412109,Eurozone,-0.12022005819328774,0.0861073232325884,52.1,0.10503306466201678,-0.2781886412225574,0.2781886412225574,-0.1314217491166948,0.19181508084837492,-0.12079832320007589,-0.6297644724585757,-0.6755031892455365,0.39403914410708774,1.1775266545235115,-0.33276818102999334,0.14082360708876734,3
2022-07-29,52.1,11.0985,11.8695,38.15999984741211,Eurozone,-0.07730609996686133,0.16194969417943783,52.1,0.09912256377753126,-0.19338507121887571,0.19338507121887571,0.04979371249711684,0.20320752349219642,-0.2583146354006255,-1.271186376180335,-0.6249168772831466,0.4381802615193488,1.2431722344135971,-0.6441187225239124,0.10307922403147174,2
2022-08-31,49.6,11.2754,11.0893,35.33000183105469,Eurozone,0.14746670858910416,0.23351258342557846,49.6,0.09680745510787725,-0.18994119580700541,0.18994119580700541,-0.07416137389081634,0.20468906380601382,-0.19459689769631094,-0.9506951376783503,-0.5682763158777395,0.10865753348174577,0.7835139297914864,-1.2993115270246325,-0.24385409490728496,4
2022-09-30,48.4,11.3705,10.2963,31.979999542236328,Eurozone,0.23452157934194684,0.4096310968209067,48.4,0.08835691176752114,-0.22956106613190463,0.22956106613190463,-0.09482032593255474,0.21422863445379692,-0.19484956766040917,-0.9095402589723959,-0.8016319247290511,0.08587324975347238,0.48665450139277777,-0.6778313720539885,-0.22673388640919734,4
2022-10-31,46.4,11.3034,11.1699,35.209999084472656,Eurozone,0.25930137192595093,0.32121561111538455,46.4,0.04888369244474133,-0.11673862504151444,0.11673862504151444,0.10100061252253711,0.2414204081871245,-0.26091982426826266,-1.0807695431697895,-0.9119761997885897,0.11948320206296942,0.32349700154448635,0.4762415220301094,0.001811381462243855,4
2022-11-30,47.1,11.3613,12.0311,40.540000915527344,Eurozone,0.07498768739205874,0.08855451582421825,47.1,0.042579354519009405,-0.03251980217924477,0.03251980217924477,0.15137750552811502,0.2972992880813411,-0.12216408504901188,-0.41091280721663814,-0.6907303625402164,0.3214284605531738,0.05484831969309026,0.5503576079262712,0.058976006408079734,2
2022-12-30,47.1,11.2923,11.66,39.47999954223633,Eurozone,0.1418440312499849,0.16058764503797063,47.1,0.027011541294916785,0.04337243742897279,-0.04337243742897279,-0.026147048578013754,0.2944200179918575,-0.03130221281617995,-0.1063182219391266,-0.6120851414706343,0.3095897759033575,-0.763723331685392,0.6120703368170165,-0.11353709010891308,3
2023-01-31,48.8,11.2297,12.8423,44.34000015258789,Eurozone,0.04916554573012433,0.0586377642123066,48.8,0.011821417308645277,0.08195795947596785,-0.08195795947596785,0.12310032083846045,0.3236694773505003,0.0861073232325884,0.26603473375817627,0.5656854249492396,0.36716539826715183,-1.5011382304109535,1.648758631338916,0.2701178060360885,2
2023-02-28,48.5,11.4548,12.7882,43.58000183105469,Eurozone,0.012620450067733158,0.0286828808508508,48.5,0.01591074374301593,0.15320173500581635,-0.15320173500581635,-0.017140241743748508,0.3146899266988615,0.16194969417943783,0.5146325968495761,0.3362193900727235,0.8989957249195838,-1.3250393646503098,1.488660378062843,0.3497090321012101,1
2023-03-31,47.3,11.573,12.7359,45.08000183105469,Eurozone,0.016415213702581477,-0.06299911351448684,47.3,0.01780924321709687,0.23693948311529378,-0.23693948311529378,0.034419457021021005,0.31553912189572153,0.23351258342557846,0.7400432061250047,-0.0645287204116887,0.7842604980810668,-0.947163996171113,1.3972480421593818,0.2924539559144117,2
2023-04-28,47.3,11.73,12.6812,46.52000045776367,Eurozone,0.009028335443088231,-0.11650906986906628,47.3,0.03774085673337235,0.13530112176474285,-0.13530112176474285,0.03194318030654997,0.3036609885229822,0.4096310968209067,1.3489750488311552,-0.13755332232226516,1.0238791417077666,-0.42489432214441275,1.5556970763053592,0.504282143386612,2
2023-05-31,44.8,11.9086,12.0621,44.130001068115234,Eurozone,0.015862242148124928,0.0344436986397878,44.8,0.0481723042257487,0.002576655501159486,-0.002576655501159486,-0.05137573873883261,0.3090573184326745,0.32121561111538455,1.0393399280896132,-0.6797951442618718,1.3963903150281045,0.6293853805238879,0.8251534920368683,0.5427835108317473,1
2023-06-30,43.4,12.0086,12.3969,45.81999969482422,Eurozone,-0.07813177739418042,0.0353557167759595,43.4,0.06343260451812305,0.06319897084048032,-0.06319897084048032,0.03829591175627778,0.26958498666914243,0.08855451582421825,0.32848459744866976,-1.1995113895786738,1.469496764958781,0.4812567490277283,0.6185404963786028,0.3424456551966095,2
2023-07-31,42.7,12.1079,12.5185,46.93999862670898,Eurozone,-0.12441415260853705,0.0046868603992236135,42.7,0.07820333579703842,-0.025213552089578983,0.025213552089578983,0.02444345131698622,0.2679402476846839,0.16058764503797063,0.5993412577081462,-0.6066696947564664,1.4160663216233749,1.0211772125711074,0.1042282747195327,0.4837005285393871,1
2023-08-31,43.5,12.1999,12.0337,44.83000183105469,Eurozone,0.018291315220428706,0.09413333110958244,43.5,0.06504696721025227,-0.058999702851065816,0.058999702851065816,-0.04495093432861108,0.2581456493857204,0.0586377642123066,0.2271499223474816,-0.32961604539748585,1.0906204695203012,1.1447356949754277,-0.5284681660737015,0.34431798825613535,2
2023-09-29,43.5,12.2663,11.5786,42.2400016784668,Eurozone,0.12310598346621382,0.2088068026597758,43.5,0.05990667933984262,-0.09086911800500952,0.09086911800500952,-0.057773813223307546,0.24192515390605998,0.0286828808508508,0.11856096973689813,-0.3516066809566676,0.9352216925498662,1.1393992511199558,-0.7143549837962587,0.2521648197292239,2
2023-10-31,43.1,12.2244,11.2302,41.09999847412109,Eurozone,0.14744529436191445,0.19854014964380395,43.1,0.04214833759590775,-0.11442134813740024,0.11442134813740024,-0.026988711151658462,0.2320631336328584,-0.06299911351448684,-0.27147402746942234,-0.5130310946833256,0.6514333206080136,0.7802264779964662,-1.0037622342484014,-0.02128338258181181,3
2023-11-30,44.2,12.2245,12.1071,45.650001525878906,Eurozone,0.07447968450240228,0.13953995003206354,44.2,0.026527047679828053,0.003730693660308093,-0.003730693660308093,0.11070567446913082,0.20832585971373388,-0.11650906986906628,-0.5592635980437787,-0.5251341393706992,0.21470888861227264,0.5382928107777124,-0.44840248510719205,-0.055133731271976544,3
2023-12-29,44.2,12.3185,12.3941,47.43999862670898,Eurozone,0.0763069741014697,0.029300237027475973,44.2,0.025806505337841346,-0.0002258629173422788,0.0002258629173422788,0.03921132619930634,0.2056613535828499,0.0344436986397878,0.16747773969071095,-0.5303228929741042,0.24749224814489318,0.3875027083784426,-0.2673816024493826,-0.04067738472503775,3
2024-01-31,46.6,12.2298,12.7449,47.15999984741211,Eurozone,0.044529229875227117,0.047709923818489264,46.6,0.010067806969003668,0.018085233853896154,-0.018085233853896154,-0.005902166682172472,0.17050706122973652,0.0353557167759595,0.2073563201486546,-0.028011705113490944,-0.23628393588093824,-0.05632345278874702,-0.6246646871830047,-0.23632094524154523,3
2024-02-29,46.5,12.2003,13.1901,49.04999923706055,Eurozone,0.06055048454433187,0.0472986693355808,46.5,3.278715399313015e-05,0.0960967948345064,-0.0960967948345064,0.040076323065386,0.17154479625178617,0.0046868603992236135,0.027321495618814567,0.0580747904139049,-0.1603244170899594,-0.6193819676295946,-0.3526559292258596,-0.2685718808828772,3
2024-03-29,46.5,12.1497,13.8169,51.060001373291016,Eurozone,-0.04367409875164674,0.022914182089257107,46.5,-0.009505718920945982,0.19331352667852775,-0.19331352667852775,0.04097863746166541,0.1726431881449912,0.09413333110958244,0.5452478729165167,-0.16479736618480145,-0.24131247344040968,-1.2978656245433497,-0.10406221483282489,-0.4520094197503465,4
2024-04-30,45.7,12.3088,13.2948,49.2599983215332,Eurozone,0.003045098071254637,0.0008120364776760258,45.7,0.00690422433820892,0.1838435646738259,-0.1838435646738259,-0.03525270276822545,0.17700819385162753,0.2088068026597758,1.179644840819079,-0.4701014967471929,-0.21091499645996034,-1.0255862343189235,0.22834676238570478,-0.36956399128509304,3
2024-05-31,47.3,12.4767,13.3435,52.02000045776367,Eurozone,-0.012495223378682141,-0.07996923896203567,47.3,0.020630700642152888,0.10212189541673888,-0.10212189541673888,0.056029277918671294,0.1715599411531603,0.19854014964380395,1.1572640344202323,-0.9538682317184227,-0.3599599325172483,-0.42384374035727895,0.2866923684668729,-0.3627448840315193,4
2024-06-28,47.3,12.5718,12.8975,48.83000183105469,Eurozone,0.0696292767496749,-0.03338113878747784,47.3,0.020562568494540745,0.04061609959577539,-0.04061609959577539,-0.061322541304070555,0.1851293396395742,0.13953995003206354,0.7537430334042782,-0.908879707632522,-0.772847944945117,0.3635847281392798,-0.2939894114045268,-0.40303308396072146,5
2024-07-31,45.8,12.5589,12.9523,49.40999984741211,Eurozone,-0.002226282345502262,0.023477025925813022,45.8,0.026909679634989914,0.016273175937041362,-0.016273175937041362,0.011877902818110408,0.18423272484928602,0.029300237027475973,0.15903926434049875,-0.8315714970846333,-0.7135862444425594,0.4187225816276475,-0.6761130254949134,-0.45063704634861457,4
2024-08-30,45.8,12.5825,13.1301,51.369998931884766,Eurozone,-0.06832778653913085,0.019855956374773553,45.8,0.031327098513970864,-0.004548866195100754,0.004548866195100754,0.039668064977241846,0.17826123010286926,0.047709923818489264,0.2676404947444673,-0.8585759027763002,-0.7820436977688958,0.15478216198691416,-1.0794096433608735,-0.6413117704797888,5
2024-09-30,45.0,12.4884,13.3569,52.22999954223633,Eurozone,-0.09630478313960766,0.019529015253749726,45.0,0.02787723153658117,-0.03329256200739683,0.03329256200739683,0.01674130091947057,0.16089391202412165,0.0472986693355808,0.29397426378997893,-1.4122557853172528,-0.5802979710310883,0.12123265474453467,-1.0673290612582307,-0.7346625407155093,5
2024-10-31,46.0,12.2782,13.1187,49.29999923706055,Eurozone,0.02576065877114586,0.13022316598367079,46.0,-0.002486026257636831,-0.013245780305081722,0.013245780305081722,-0.056098034287869525,0.1721728170287307,0.022914182089257107,0.13308826843109264,-1.3535118252601597,-1.0841798276700545,0.11833556175396479,-0.8936245814856969,-0.8032451681654865,5
2024-11-29,46.0,12.2508,13.1398,47.86000061035156,Eurozone,0.09465103889524573,0.23255329975294536,46.0,-0.018105749116352876,-0.015265859781916413,0.015265859781916413,-0.02920889754550926,0.14292947679649834,0.0008120364776760258,0.005681378648241998,-1.6755550630655733,-1.5369217629882572,-0.010066849842924297,-0.8097335630332131,-1.008069309732492,5
2024-12-31,45.1,12.3252,13.2377,47.20000076293945,Eurozone,0.12817794786585868,0.2595338941099863,45.1,-0.01961532954708145,0.02637720488466755,-0.02637720488466755,-0.01379021811523673,0.13874782377405345,-0.07996923896203567,-0.576363915388418,-1.423048998269383,-1.2864936380532173,-0.9454584909280476,-0.9602451713594161,-1.153811574652516,5
2025-01-31,46.6,12.3725,14.1339,50.56999969482422,Eurozone,0.10183906578915813,0.1483092751682895,46.6,-0.014842064193520077,0.0912270407572402,-0.0912270407572402,0.07139828130110604,0.155491222217675,-0.03338113878747784,-0.21468182133617145,-1.1527079561553748,-1.2288104667431776,-1.4796484895946969,-0.45334040229169065,-1.078626828696235,5
2025-02-28,47.6,12.4632,14.5047,52.38999938964844,Eurozone,0.12597828527790433,0.14163012158974508,47.6,-0.009481422610768897,0.1046907487376334,-0.1046907487376334,0.035989711406118285,0.15458702187515497,0.023477025925813022,0.1518693202122307,-0.760169719475023,-1.1344703457290195,-1.6242747435432572,0.11460813589051105,-0.8510766682141973,5
2025-03-31,48.6,12.5018,13.9967,53.25,Eurozone,0.11643193921013051,0.16319246247340802,48.6,0.0010729957400466006,0.04790033615584455,-0.04790033615584455,0.016415358281555603,0.150493468235394,0.019855956374773553,0.13193899115751592,0.4002077742326936,-1.2785872644551244,-1.2900577780524645,0.46526319552521406,-0.4257935181874203,4
2025-04-30,49.0,12.2906,14.1896,55.720001220703125,Eurozone,0.042175133213169014,0.11575730091415815,49.0,0.0010099200208499859,0.08163156410315042,-0.08163156410315042,0.046384999449823994,0.14918225688703965,0.019529015253749726,0.13090709083813523,0.8098007114853473,-0.2638756298606394,-1.088217324392288,1.0938896110337284,0.1378993420665371,2
2025-05-30,49.0,12.332,14.7723,58.9900016784668,Eurozone,0.0139006555601362,0.062213901754896384,49.0,0.006628138570542452,0.12424085602520596,-0.12424085602520596,0.05868629551552629,0.1500747770554893,0.13022316598367079,0.8677218686489969,0.8511644980506827,0.2562307057030144,-1.0312917866515128,1.00322189720303,0.2698313285763036,3
2025-06-30,49.5,12.3829,14.587,59.45000076293945,Eurozone,0.041883899610002384,0.07821694956277292,49.5,0.004681465615162361,0.10192858275984484,-0.10192858275984484,0.007797916110936054,0.12780313667398194,0.23255329975294536,1.8196212221784098,0.5555555555555561,0.3529005544525953,-0.8121068339104681,1.353160215075364,0.3623773727932619,2
2025-07-31,49.8,12.3472,14.7593,58.06999969482422,Eurozone,0.07060441700822895,0.1479249872985755,49.8,-0.0020448575469791397,0.044248225896603044,-0.044248225896603044,-0.02321280152069427,0.1340486443367346,0.2595338941099863,1.9361172609700446,1.179112041522426,-0.06520422479930231,-0.4021775942301998,1.2170694211900275,0.4821999109207379,1
2025-08-29,49.8,12.4837,14.6492,59.810001373291016,Eurozone,0.04765086789303763,0.1466310024476949,49.8,0.001644842416072878,0.009962288085930915,-0.009962288085930915,0.0299638658104191,0.13238065057023798,0.1483092751682895,1.1203244169705917,1.1293678311839832,-0.22345820627350116,0.5121572782968632,1.2163909863004319,0.6586144723769443,1
2025-09-30,49.8,12.5718,14.9524,61.93999862670898,Eurozone,0.03487245552635043,0.011301271851136496,49.8,0.005599193716104844,0.0682803803753742,-0.0682803803753742,0.03561272704416196,0.13422899602281596,0.14163012158974508,1.0551380535221397,1.1405704278565583,-0.28073996571308285,0.22893012775707813,0.49858613086355924,0.3968366801910282,1
2025-10-31,50.0,12.7291,15.1066,62.16999816894531,Eurozone,0.07222141909933133,0.0715780072173069,50.0,0.035677672367500524,0.06462479562496481,-0.06462479562496481,0.0037132635992207508,0.11098364239019855,0.16319246247340802,1.4704190541850541,1.2065322431811756,-0.843685712784024,0.32365401871204386,0.346861753069296,0.25834057554462286,3
2025-11-28,50.0,12.825,15.0156,62.65999984741211,Eurozone,0.09447816785922125,,50.0,0.03997729484268553,0.016470014825044066,-0.016470014825044066,0.007881642156964963,0.09855221301645048,0.11575730091415815,1.1745784023625707,1.2410104559880488,-0.9164063957145784,0.655731701578065,-0.12375165670949469,0.2141460262855102,2
2025-12-31,48.8,12.9281,15.2389,64.0999984741211,Eurozone,-0.02277689733584154,,48.8,0.044028458600166465,0.044690477822718844,-0.044690477822718844,0.02298114634879722,0.0900412543706283,0.062213901754896384,0.6909488566075633,0.03580574370197298,-0.7269931396676572,0.15764789813433674,-0.7626109134138664,-0.32403760281130345,4
2026-01-30,48.8,13.0578,15.5016,66.66000366210938,Eurozone,-0.0006000737073178497,,48.8,0.05755150965401068,0.05029371311647579,-0.05029371311647579,0.03993767939045778,0.07739652736991122,0.07821694956277292,1.0106002455244607,-0.38399035276025584,-0.2853822441994527,0.19377576410533429,-0.19650277972200098,-0.1680249031440938,3
2026-02-27,49.5,13.1207,15.9704,68.58000183105469,Eurozone,,,49.5,0.05102653860634265,0.0901892253501897,-0.0901892253501897,0.028802851237115457,0.07646062922972562,0.1479249872985755,1.9346556363554837,-0.8330937369456044,-0.33421033930668725,0.07088955611499173,0.5276536911222189,-0.14219020725377024,4
2026-03-31,51.6,13.3853,14.3308,62.63999938964844,Eurozone,,,51.6,0.06470831543613498,-0.041571921564431236,0.041571921564431236,-0.08661420651517793,0.13387345895070488,0.1466310024476949,1.0952955395115893,-0.47091828598315066,-0.5371677912921857,0.11021666318212607,-0.05501991349617576,-0.2382223318973465,4
2026-04-30,52.0,13.652,14.8517,66.62000274658203,Eurozone,,,52.0,0.07250316204602036,-0.01687341956495847,0.01687341956495847,0.06353772981663397,0.13934140343445517,0.011301271851136496,0.08110490904056743,-1.2609766499825623,-0.3894983721724817,-0.019027961083932714,-0.5662322693844614,-0.5589338131558595,5
2005-12-30,55.3,50.8186,19.6965,54.08000183105469,Japan,0.06508869311918342,0.008875730879888577,55.3,,,,,,,,0.5298290806534331,,,,,
2006-01-31,57.0,51.9005,20.0923,56.08000183105469,Japan,0.05563478655517873,-0.032097057649542404,57.0,,,,0.03698224726855548,,,,0.6494364785263946,,,,,
2006-02-28,56.8,53.2892,19.193,55.20000076293945,Japan,0.014492739601511984,-0.0065217500973887566,56.8,,,,-0.0156918872928411,,,,0.23920595809660203,,,,,
2006-03-31,56.1,52.4958,20.2498,57.59999847412109,Japan,-0.05277772884309884,-0.0597221999624622,56.1,,,,0.04347821880453595,,,,-0.026354855899452072,,,,,
2006-04-28,56.1,53.5005,19.7854,59.20000076293945,Japan,-0.08310814054452853,-0.06689187556483456,56.1,,,,0.02777781825006853,,,,-0.06703178432531215,,,,,
2006-05-31,55.3,54.0141,18.0381,56.0,Japan,-0.020714282989501953,-0.013571398598807183,55.3,,,,-0.05405406624492348,,,,-0.258541012610177,,,,,
2006-06-30,54.3,54.6703,17.964,54.560001373291016,Japan,-0.007331406081575342,0.04178883287955726,54.3,0.07579311511926723,-0.08795978981037245,0.08795978981037245,-0.02571426119123188,,,,-0.4882128550601815,0.1205134698246026,1.222502798457868,,,
2006-07-31,55.4,55.4581,17.6288,54.27999877929688,Japan,0.01768612602725539,0.05453211064365204,55.4,0.0685465457943566,-0.12260915873244993,0.12260915873244993,-0.005132012224090654,,0.008875730879888577,,-0.24627143018045908,0.14506156288418803,1.062939481923312,,,
2006-08-31,54.6,56.1236,18.1193,54.84000015258789,Japan,0.007293973828700562,0.0765864469593962,54.6,0.05318901390900965,-0.05594227061949686,0.05594227061949686,0.010316900992720646,,-0.032097057649542404,,-0.3575529270234281,-0.057371072894028,0.5718918345110362,,,
2006-09-29,54.6,56.674,17.6924,54.15999984741211,Japan,0.04948301906806307,0.0760708815268143,54.6,0.07959112919509748,-0.12629260535906528,0.12629260535906528,-0.012399713772497045,,-0.0065217500973887566,,-0.29259064102127585,0.38975689647855666,1.4678697165198822,,,
2006-10-31,54.1,56.7035,17.8516,55.2400016784668,Japan,0.03620564698099238,0.034033258441243275,54.1,0.059868599358884333,-0.09773873664419208,0.09773873664419208,0.01994094966945048,,-0.0597221999624622,,-0.3929959837472616,-0.305405899060768,1.5809848839733973,,,
2006-11-30,53.7,57.2143,17.586,55.2400016784668,Japan,0.06879071545252735,0.05720491946769646,53.7,0.059247492784291644,-0.025063615347514556,0.025063615347514556,0.0,,-0.06689187556483456,,-0.4071096046759078,0.0870581440997539,1.7280347928257282,,,
2006-12-29,53.7,57.6993,18.404,56.84000015258789,Japan,0.02533424741103607,0.021111906398980196,53.7,0.055404854189569086,0.02449343130705861,-0.02449343130705861,0.028964489962077566,0.09982616998559775,-0.013571398598807183,-0.1359503084287935,-0.4628124841046939,0.0763473652837692,1.6265265974255836,-1.7316075162607052,-0.12288650941401158,3
2007-01-31,53.4,58.0785,18.7169,57.2400016784668,Japan,-0.0020964839808377267,0.008385735991634391,53.4,0.04725008610103831,0.06172286258849158,-0.06172286258849158,0.007037324503960107,0.09350030477173045,0.04178883287955726,0.44693793225144646,-0.40731337622031777,-0.7457523182686608,-0.07395413096047433,-1.5611231463755675,-0.697035742956255,5
2007-02-28,53.0,59.3918,18.6465,59.040000915527344,Japan,-0.01084009789505469,-0.04674800293752346,53.0,0.05823218752895398,0.02909604675677313,-0.02909604675677313,0.03144652662960512,0.09560482535149945,0.05453211064365204,0.5703907772767745,-0.7953842784163643,-0.04071258463470356,-0.33859441082090236,-1.353977339010706,-0.632167153220669,5
2007-03-30,53.0,59.4533,18.2224,58.27999877929688,Japan,-0.004118014220940491,-0.015785830271364598,53.0,0.04904012421921866,0.02995636544504987,-0.02995636544504987,-0.012872664709437376,0.08777468080396966,0.0765864469593962,0.8725346108684743,-0.7040425567474057,-0.02791646497409975,-0.11405302077893979,-0.4445415422378681,-0.32263839618457835,4
2007-04-30,52.3,59.6335,18.0234,57.119998931884766,Japan,0.010504241947445703,0.005602235658404231,52.3,0.05167229536095652,0.009623787223554059,-0.009623787223554059,-0.019903909946960896,0.08497573575399317,0.0760708815268143,0.895207094729269,-0.7054154247687724,-0.10859979150014441,0.9921425684326851,-0.8123373485411381,-0.15855249909434246,3
2007-05-31,51.4,59.2268,18.7959,58.400001525878906,Japan,-0.036301415945042104,-0.036301415945042104,51.4,0.03517477274038128,0.0687990446946436,-0.0687990446946436,0.022409009417533987,0.06708012586514946,0.034033258441243275,0.5073523342764743,-0.9757639546588771,-0.7966496728764453,-0.648290220638585,-1.3058467523224575,-0.9316376501240913,5
2007-06-29,51.4,59.72,18.8411,58.040000915527344,Japan,-0.011716062964324703,-0.0840799619424144,51.4,0.03502122209454872,0.02375027168006949,-0.02375027168006949,-0.006164393851805561,0.06023611617489652,0.05720491946769646,0.9496780851806758,-1.0561468656932547,-0.7801112966371393,-0.5191786344549214,-0.8903544738968973,-0.8114478176705531,5
2007-07-31,49.0,60.9835,17.752,57.720001220703125,Japan,-0.004851049689404974,-0.1185031186405191,49.0,0.0500185094312009,-0.05155234039824974,0.05155234039824974,-0.005513433662586498,0.0603093654540472,0.021111906398980196,0.3500601646201441,-1.1103813430308762,-0.813604659228538,-0.0749536812498394,-1.1553326868613885,-0.7885680925926606,5
2007-08-31,49.6,60.8128,16.819,56.27999877929688,Japan,0.0,-0.10945273598119065,49.6,0.023925861819308336,-0.09800766899954416,0.09800766899954416,-0.024948066717811135,0.06702727296134413,0.008385735991634391,0.12510931179417967,-1.01232496619076,-1.5990651091798076,1.47199495786431,-0.6966769546288585,-0.45901801803377906,4
2007-09-28,49.6,61.0593,16.9212,57.36000061035156,Japan,-0.07322176984394058,-0.13737798089725195,49.6,0.027012798280330985,-0.07140662042321544,0.07140662042321544,0.019189798409376735,0.06689645281555402,-0.04674800293752346,-0.6988113864036469,-1.1075702429364813,-1.4009914251162725,1.0755504978762842,-1.6698691858813877,-0.7757200890144643,5
2007-10-31,49.5,61.4776,16.777,57.43999862670898,Japan,-0.11420608836058388,-0.07520891013419106,49.5,0.03092389344915203,-0.06915454353784511,0.06915454353784511,0.0013946655422973908,0.06490857359900229,-0.015785830271364598,-0.24320100405976633,-0.8836842620164155,-0.8223678646628318,0.7302134642218295,-1.6429088870838362,-0.6546868873853134,5
2007-11-30,50.8,61.6923,15.7888,56.27999877929688,Japan,-0.10945273598119065,-0.03766878070126456,50.8,0.04162811429960778,-0.159987018445512,0.159987018445512,-0.02019498389877583,0.06907712498680886,0.005602235658404231,0.08110117002515736,-0.8450821443534814,0.37727718145452666,1.6465851716107978,-1.055256022431397,0.030881046570111537,3
2007-12-31,52.3,61.3309,15.3533,53.15999984741211,Japan,-0.06922498712826708,-0.06170050392610282,52.3,0.026974212993971847,-0.18511658024213018,0.18511658024213018,-0.055437082437046814,0.08295401283752118,-0.036301415945042104,-0.4376089197293479,-0.41981832650347406,0.17027973453801312,1.7399561196720914,-1.2174551678746515,0.06824058995799476,3
2008-01-31,52.3,60.7528,14.0767,50.880001068115234,Japan,0.04402511432283096,-0.05660379338946264,52.3,-0.0037829904810317005,-0.20703582694907607,0.20703582694907607,-0.04288936767948215,0.0896131385485455,-0.0840799619424144,-0.9382548508427295,-0.3392401832025761,-0.24527641223994115,1.3114220744709046,-1.633561881331324,-0.22666410057573413,4
2008-02-29,50.8,59.7473,14.1076,50.119998931884766,Japan,0.08060656427822122,-0.08938546763188959,50.8,-0.01752098242475264,-0.1612105357036684,0.1612105357036684,-0.014937148590327687,0.07773347631493902,-0.1185031186405191,-1.5244798542188043,-0.4310132790313968,0.185776665865151,1.2292744500422104,-1.7150342969546288,-0.18274911501966606,4
2008-03-31,49.5,59.4972,12.8848,49.47999954223633,Japan,0.008084105286570553,-0.13823767614931437,49.5,-0.02558332637288674,-0.23854100182020177,0.23854100182020177,-0.012769341645801346,0.07773419696308034,-0.10945273598119065,-1.4080384214064108,-0.77723239383213,0.061046836781068405,1.4465972319796276,-1.4306224942776464,-0.17505270483727012,4
2008-04-30,48.6,57.3355,15.0563,53.119998931884766,Japan,-0.09638552399916434,-0.3222891429993733,48.6,-0.0673757596262704,-0.1025630327233713,0.1025630327233713,0.07356506514397432,0.11590985931197101,-0.13737798089725195,-1.1852139387685698,-0.6619643891434046,-0.10305322780772315,0.2906537910000519,-0.9253048378704846,-0.34991716595539013,4
2008-05-30,48.6,55.8821,15.9942,54.15999984741211,Japan,-0.15731167802377266,-0.3604135988323195,48.6,-0.09418031099505131,0.01300922172679364,-0.01300922172679364,0.019578330881763195,0.11519804464658981,-0.07520891013419106,-0.6528662041523416,-0.6993821988078108,-0.3469803091064845,-0.5166209660482861,0.7849515050830246,-0.1945079922198892,4
2008-06-30,46.5,57.3865,14.5649,49.880001068115234,Japan,-0.14514838659646334,-0.2317562374849368,46.5,-0.06431342113029492,-0.05135052399158491,0.05135052399158491,-0.07902508846667555,0.1365411197260629,-0.03766878070126456,-0.2758786567507133,-0.6764800034466144,-0.04607372436024926,-0.41953836270047046,1.0454097182675177,-0.024170593059954115,3
2008-07-31,47.0,54.488,15.1072,48.0,Japan,-0.25,-0.29749997456868493,47.0,-0.10311952700122462,0.07320607812910707,-0.07320607812910707,-0.03769047770363798,0.1386911406022815,-0.06170050392610282,-0.444877038707459,-0.33769240891697305,-0.5193791834835325,-0.7927693929394891,1.5734037275916521,-0.019109314437085634,4
2008-08-29,47.0,54.0038,14.693,45.63999938964844,Japan,-0.24101665528275396,-0.3540753738720983,47.0,-0.09612986695633119,0.0414953642008562,-0.0414953642008562,-0.04916667938232422,0.14273449153029866,-0.05660379338946264,-0.3965670300331521,-0.30860921976936984,-0.833665068897981,-0.7921323758733892,1.1474231912558757,-0.19674586832121616,5
2008-09-30,44.3,53.5478,12.7707,42.63999938964844,Japan,-0.10131331511869046,-0.25891180033315975,44.3,-0.0999946215956381,-0.008855395504780872,0.008855395504780872,-0.06573181507711467,0.1447970339626386,-0.08938546763188959,-0.6173155981561982,-0.33662211393797054,-1.2717380961277773,-1.266986132358114,-0.22748903525571382,-0.775708844419894,5
2008-10-31,42.2,48.5014,11.13,36.0,Japan,-0.06333329942491317,-0.05444441901312935,42.2,-0.15407731684558446,-0.26077455948672645,0.26077455948672645,-0.15572231436899142,0.19256367581123215,-0.13823767614931437,-0.7178803352550618,0.1244597852574082,-1.05596342886176,-0.02954259165225773,0.6905511919375091,-0.06762376082977511,4
2008-11-28,42.2,37.5909,13.736,34.63999938964844,Japan,-0.14896073724972658,0.08198614903661272,42.2,-0.32731769206955363,-0.14118868089682501,0.14118868089682501,-0.037777794731987835,0.19172032764832195,-0.3222891429993733,-1.681037931410995,0.07777202503490846,-1.2559998713712,-1.5723082704833518,-0.13856383415747348,-0.7222749877442791,5
2008-12-31,30.8,30.0621,17.6585,38.31999969482422,Japan,-0.17536532794550475,-0.015657580347061772,30.8,-0.4761468289580302,0.21240104635115942,-0.21240104635115942,0.10623557650164073,0.23833352556641982,-0.3604135988323195,-1.512223670487675,-1.6447354313613036,-1.4364777834697802,-1.6542177622636878,0.8605507018245334,-0.9687200688175595,5
2009-01-30,30.8,23.7282,20.6577,33.720001220703125,Japan,0.009489907569390832,0.17081844937765678,30.8,-0.5645242989282043,0.36740759373014176,-0.36740759373014176,-0.12004171479005532,0.2565505428038719,-0.2317562374849368,-0.9033550853256627,-1.6209931134924047,-1.4638552155290265,-1.6758100425369913,0.7819684521931878,-0.9946724798413087,5
2009-02-27,29.6,14.2598,32.7985,29.479999542236328,Japan,0.2713704248379756,0.3867029071539161,29.6,-0.7359482110518148,1.2322534540257264,-1.2322534540257264,-0.12574144498736128,0.27236485869918636,-0.29749997456868493,-1.092284724209811,-1.7110570685399542,-1.6447530063792153,-1.7741251155827327,1.1004580089177194,-1.0073692953960456,5
2009-03-31,33.8,13.2654,36.0267,31.600000381469727,Japan,0.19367091029600658,0.2582277797961201,33.8,-0.7522699345257882,1.8210434823463082,-1.8210434823463082,0.07191319104995397,0.2940254282030677,-0.3540753738720983,-1.2042338515958466,-0.6075244160077089,-1.6803977898611175,-1.77024953582164,1.0502652577462985,-0.7519766209860419,5
2009-04-30,41.4,13.3195,39.1816,34.040000915527344,Japan,0.15981194125724985,0.12220915791792852,41.4,-0.725379061222975,2.520359389038634,-2.520359389038634,0.07721520584184671,0.2954917032836322,-0.25891180033315975,-0.8762066665697186,0.7035135916302964,-1.6865249270575071,-1.7654179426088306,0.8224716348676095,-0.4814894107921079,5
2009-05-29,41.4,14.8849,37.5024,37.47999954223633,Japan,0.09071508984538368,0.02027753856757708,41.4,-0.6040291666334139,1.730227140361095,-1.730227140361095,0.10105753625699321,0.321404012203663,-0.05444441901312935,-0.16939557984929493,0.34589885472362547,-1.702171158880252,-1.74676260333606,0.9298334754134355,-0.5433003580198127,5
2009-06-30,48.2,15.7499,36.442,37.720001220703125,Japan,0.054082636129672235,0.032873749301178146,48.2,-0.47608783152208267,1.063708695529065,-1.063708695529065,0.006403460015957041,0.31741724687255357,0.08198614903661272,0.25829141246862064,1.0665022158920567,-1.5835897435208677,-1.7417355198698694,0.15437573958758985,-0.5261118269777726,5
2009-07-31,50.4,18.5866,31.7605,39.47999954223633,Japan,-0.03242144868637886,-0.0030394866584633196,50.4,-0.2166873172006305,0.5374654487188797,-0.5374654487188797,0.04665955102268682,0.32317946806031195,-0.015657580347061772,-0.04844856154085799,0.7694502721558086,-0.8595979405192804,-1.281847635609653,-0.493156898991528,-0.46628805074116325,5
2009-08-31,53.6,20.9583,28.5214,40.880001068115234,Japan,-0.06457923974242585,-0.027397326744582395,53.6,0.46974712127799845,-0.1304053539033797,0.1304053539033797,0.03546103196838102,0.3236587803247472,0.17081844937765678,0.5277732592524259,1.0206337969924113,1.7135328759142396,1.68199745711842,-1.4943369410675906,0.7304567972393701,1
2009-09-30,54.5,23.0339,24.4627,39.7599983215332,Japan,-0.02012070600685323,0.050301812988680084,54.5,0.7363894040134484,-0.3209841589709853,0.3209841589709853,-0.027397326744582395,0.3180337757055768,0.3867029071539161,1.2159177316811485,0.6354265414557875,1.7701169370614915,1.7129397271196696,-1.6209836403065807,0.6243748913325919,1
2009-10-30,54.5,24.9646,22.2475,38.20000076293945,Japan,0.030366487545662846,0.08795812940431502,54.5,0.8742895754345135,-0.43219521408007844,0.43219521408007844,-0.03923535272759027,0.27495032244184664,0.2582277797961201,0.9391797671040614,0.3457601751761918,1.772673543908021,1.757604128017364,-1.5671319410957474,0.5772264765014573,1
2009-11-30,52.3,26.9125,19.4408,38.2400016784668,Japan,0.03974886444427983,-0.005230145244791484,52.3,0.8080403630524895,-0.48161184350868214,0.48161184350868214,0.001047144364618724,0.27062164865329746,0.12220915791792852,0.45158677632067346,-0.7291110034067343,1.770514598667529,1.778709002292045,-1.5128778850422235,0.32680867812765413,1
2009-12-31,53.8,28.6298,19.8866,38.959999084472656,Japan,0.07186856526843388,-0.05544147582572634,53.8,0.8177766208039416,-0.4542944953624938,0.4542944953624938,0.018828383221836997,0.2504777447077103,0.02027753856757708,0.08095545011888991,-0.24641644145348257,1.7770343353100813,1.7802302778717163,-1.6615587494461466,0.41232235557054214,1
2010-01-29,53.8,29.8925,18.8987,39.36000061035156,Japan,0.05589432745996614,-0.021341466960419053,53.8,0.6082823109121624,-0.4049621385053761,0.4049621385053761,0.0102669798582804,0.21094202224454733,0.032873749301178146,0.15584258153677535,-0.2846704711547861,1.736865203313665,1.7727641067155955,-1.6772758546162494,0.38692074606455623,1
2010-02-26,52.5,30.7703,18.1925,39.7599983215332,Japan,-0.04325949392896089,-0.05633797681918895,52.5,0.46816774261271177,-0.36214561697532377,0.36214561697532377,0.01016254331755384,0.14601748963554848,-0.0030394866584633196,-0.02081590819051683,-0.9930724214556298,1.6885644397918624,1.7366581311512241,-1.2333366956842238,0.2997033634508082,1
2010-03-31,52.7,30.9677,19.8035,41.7599983215332,Japan,-0.11877392921050656,-0.052681921376126484,52.7,0.3444401512553237,-0.19046139632992276,0.19046139632992276,0.050301812988680084,0.14008839370152606,-0.027397326744582395,-0.1955717102657016,-1.213769765371711,1.4431386937400204,1.479762138195658,-0.8846194420063832,0.20612790613939605,2
2010-04-30,53.8,33.4112,18.4306,41.560001373291016,Japan,-0.07314727658986642,-0.035611152390083056,53.8,0.33834309382085026,-0.17156534442072147,0.17156534442072147,-0.0047891991446528115,0.12988302351027461,0.050301812988680084,0.38728550990885174,-1.1846548153505176,1.402574847744085,1.3149250706692857,0.13803344864781888,0.417719637927668,1
2010-05-31,54.7,34.7879,15.7543,38.040000915527344,Japan,-0.013669832945545912,0.07991590016724892,54.7,0.29262981885740813,-0.18962697008353557,0.18962697008353557,-0.08469683208494405,0.1321674721954407,0.08795812940431502,0.665505119703343,-0.9199274272731989,1.2676022055477227,0.785481449031178,0.7157157299362903,0.46221798931049807,2
2010-06-30,53.9,35.5608,14.6746,36.79999923706055,Japan,0.07500005960464606,0.18586957321725883,53.9,0.24209040929381276,-0.26208602777749845,0.26208602777749845,-0.0325973093749492,0.1364096563502854,-0.005230145244791484,-0.03834145898997818,-0.9217696227521417,1.2501315635185566,1.0568189130004362,1.0450674701241105,0.6075620809727404,1
2010-07-30,53.9,36.5254,14.4847,38.52000045776367,Japan,0.04049847753770197,0.13499482609407387,53.9,0.22189177887429956,-0.23356103858995603,0.23356103858995603,0.04673916457506189,0.13644023230970467,-0.05544147582572634,-0.40634257863091394,-0.8949406782724726,1.3999093091461263,1.7048213124635947,1.0230261941673788,0.8082040343761568,1
2010-08-31,50.1,37.0465,13.5173,37.52000045776367,Japan,0.09488276465504075,0.22921104395513336,50.1,0.20396941206293095,-0.25698502129998624,0.25698502129998624,-0.02596053967072187,0.13213146649255897,-0.021341466960419053,-0.16151691589392073,-1.335502071640691,1.3195266816045272,1.696377823947163,-0.8908077586134391,0.19739866882439006,2
2010-09-30,49.5,36.9819,13.9811,39.560001373291016,Japan,0.10313442554913665,0.043478193789121766,49.5,0.19420880465775636,-0.29400863483727624,0.29400863483727624,0.05437102586988973,0.14285193381512523,-0.05633797681918895,-0.394380218136213,-1.1572876838829171,1.4411450615079322,1.7438237913835415,-1.2676608793536033,0.19000507241373837,1
2010-10-29,49.5,36.9372,13.7728,40.08000183105469,Japan,0.09081834389608501,0.050898128932954645,49.5,0.10553347380519096,-0.25272101830651195,0.25272101830651195,0.013144601610523443,0.13647020032914675,-0.052681921376126484,-0.3860324176931313,-1.2016875731340209,0.8203010365270162,1.7303089144775308,-1.6460016201442547,-0.07426981056843213,4
2010-11-30,47.3,37.2712,14.4908,41.08000183105469,Japan,0.12268736310084738,0.0,47.3,0.07138401570661057,-0.08020032626013218,0.08020032626013218,0.024950098660553977,0.1378519052828907,-0.035611152390083056,-0.25832905477080037,-1.565396703505866,0.47228866516272433,1.433502980337358,-1.4611648084725033,-0.28019246661957176,5
2010-12-31,48.3,37.681,14.9224,43.63999938964844,Japan,-0.05407884150684372,-0.04399629229602475,48.3,0.05962183077995986,0.016886320581140257,-0.016886320581140257,0.062317367197839424,0.1484678611652391,0.07991590016724892,0.5382707041108752,-1.6539856175765735,0.044836334115173467,0.9644987614999334,0.13048477815387324,-0.12854143595189835,4
2011-01-31,51.4,38.0805,14.9339,43.720001220703125,Japan,-0.036596574660219705,-0.02012811170047546,51.4,0.04257585132537911,0.03101203338695302,-0.03101203338695302,0.0018332225520989454,0.1487123955961005,0.18586957321725883,1.2498593171888401,-1.6887873853993958,-0.370197380865239,0.27942975424722954,0.5768718605706632,-0.30067078786168544,5
2011-02-28,52.9,39.4915,15.0521,46.119998931884766,Japan,-0.10928007843785326,-0.14570679882128168,52.9,0.06599813747587491,0.11354338514348261,-0.11354338514348261,0.05489473111096688,0.1554559864537114,0.13499482609407387,0.8683797206759224,-1.6708680000425928,0.43302830630275,-0.16323108815663478,0.7173167063992787,-0.17093851887429973,5
2011-03-31,46.4,38.6386,13.9958,41.27999877929688,Japan,0.010658974186474879,-0.08333330252989857,46.4,0.04479759017248952,0.0010514194162118962,-0.0010514194162118962,-0.10494363106417548,0.18910364860400813,0.22921104395513336,1.2120921285612631,-1.734890533081001,-0.2619311622040287,0.5169336612803117,0.5201057764790904,-0.2399455643814069,4
2011-04-29,46.4,36.4259,14.5863,42.119998931884766,Japan,0.017094046509058325,-0.10731245423517921,46.4,-0.013842413610127391,0.059065694702602256,-0.059065694702602256,0.02034884150745575,0.19001417341943067,0.043478193789121766,0.22881552995075538,-1.7388266398426322,-0.9433551286999398,-1.2940468005990777,-0.9892843637985087,-1.2413782332350394,5
2011-05-31,51.3,36.2905,14.4162,41.08000183105469,Japan,-0.04089581865368308,-0.08179163730736616,51.3,-0.02631254158706986,-0.005148093963066258,0.005148093963066258,-0.02469128981963964,0.16818372887694816,0.050898128932954645,0.3026340851925951,-1.213082855432502,-0.9181842833788921,1.2808244876761223,-1.0741387397471258,-0.4811453477205994,5
2011-06-30,50.7,37.414,14.0974,41.720001220703125,Japan,-0.09300098165361081,-0.12655806422589466,50.7,-0.007085799209150423,-0.055286012973784326,0.055286012973784326,0.015579341799459856,0.16244525660947046,0.0,0.0,-1.0988093644985093,-0.6686994642907573,0.8621853006267262,-1.5274442208655798,-0.6081919372570301,5
2011-07-29,50.7,38.6061,13.5157,42.84000015258789,Japan,-0.1223156316480607,-0.1083099760299171,50.7,0.013802339780202288,-0.09496514641185483,0.09496514641185483,0.02684561119641038,0.1589238765472796,-0.04399629229602475,-0.27683878125723876,-1.4342743312012756,-0.050590615049447084,0.6745406212400237,-1.679117218534847,-0.6223603858863865,5
2011-08-31,51.9,38.8943,12.2069,39.400001525878906,Japan,-0.04263960000286582,0.01421313545447278,51.9,-0.015122241495005295,-0.18902345852073799,0.18902345852073799,-0.08029875383885077,0.18016612620933775,-0.02012811170047546,-0.11171973402529786,0.4999468622135723,-0.2846200808277887,0.6533110692779738,-0.7582321784402831,0.02760141805586855,2
2011-09-30,49.3,38.9801,11.9702,37.84000015258789,Japan,-0.03699792601039842,0.07610996449529006,49.3,0.008838311947120259,-0.14472913302562196,0.14472913302562196,-0.03959394195115362,0.17675353159425114,-0.14570679882128168,-0.8243501417315995,-0.6256564780398577,0.07625418766661453,-0.3148604213834837,-1.1035567087782903,-0.49195485513375425,5
2011-10-31,50.6,37.8311,12.4453,37.59999847412109,Japan,0.015957508328925396,0.03617023046656809,50.6,0.03857694662314448,-0.1467815690065335,0.1467815690065335,-0.006342539045956941,0.17594817469890858,-0.08333330252989857,-0.4736241377468265,0.7354163064972926,1.012223418826347,1.054242375301214,1.275634462766378,1.019379140847808,1
2011-11-30,49.1,36.7752,12.1748,37.720001220703125,Japan,0.05938488311978318,-0.0572640450029086,49.1,0.013356112481227811,-0.15547786517945095,0.15547786517945095,0.0031915625386162993,0.17335652769436002,-0.10731245423517921,-0.619027478586666,0.407387215800957,0.834151732453295,1.648197881185348,0.11910347486326445,0.752210076075716,1
2011-12-30,49.1,36.4469,12.2625,36.43999862670898,Japan,0.11745342358100652,0.03293086740293982,49.1,-0.025848612818730965,-0.13015875267779886,0.13015875267779886,-0.03393432005754027,0.15808204792015437,-0.08179163730736616,-0.5173999096259069,0.25397180893013316,0.18051382498285296,1.4326232441592612,0.6980172915331777,0.6412815424013563,2
2012-01-31,50.7,36.0723,12.8334,38.20000076293945,Japan,0.019895243621841363,-0.05863878622327101,50.7,-0.06563211513206457,-0.050482032007221345,0.050482032007221345,0.048298633440136074,0.16954827243890047,-0.12655806422589466,-0.7464426644128854,0.08347838711296934,-0.5363859348454554,1.6931614887526047,-0.4159249549772762,0.20608224651071064,3
2012-02-29,50.5,35.6729,14.4645,39.959999084472656,Japan,-0.11011005535511531,-0.0930930303111881,50.5,-0.0828244755658285,0.18494458052412988,-0.18494458052412988,0.04607325357021197,0.1660553510563484,-0.1083099760299171,-0.6522522480661508,0.06102308507716923,-0.800140919069146,-0.762090740544616,-0.87374898753299,-0.5937393905173957,4
2012-03-30,50.5,36.4411,14.4502,40.720001220703125,Japan,-0.07563854957569927,-0.09921416489234536,50.5,-0.06513580006208297,0.20718116656363295,-0.20718116656363295,0.019019072913987634,0.1321955690450634,0.01421313545447278,0.10751597468163054,0.03919026830514878,-0.6520699307668569,-0.0026043469177941436,-0.34943019966077254,-0.24122855226006867,4
2012-04-30,50.7,37.0034,13.3653,38.959999084472656,Japan,-0.07700205519757408,-0.0698151301315072,50.7,-0.021878824564974364,0.07392348918868974,-0.07392348918868974,-0.043222055095018974,0.13649511718026597,0.07610996449529006,0.5576021037790926,0.27239252806440184,-0.4181034761474382,-0.87218471818301,-0.778022901848729,-0.44897964202869384,5
2012-05-31,50.7,37.5966,11.7614,35.560001373291016,Japan,0.01912261751729094,0.049493764160963405,50.7,0.02233570449650868,-0.03395538325064884,0.03395538325064884,-0.08726893714267814,0.15853117309955517,0.03617023046656809,0.22815847356313784,0.6869772415723441,0.15193413902567604,0.7098197171878385,-0.0765266718470766,0.3680511064846955,2
2012-06-29,50.7,38.1688,12.3816,37.63999938964844,Japan,-0.025504758236969294,0.036131791509156796,50.7,0.047244072884113475,0.009712538226299694,-0.009712538226299694,0.05849263037204766,0.17163791339671108,-0.0572640450029086,-0.3336328429404333,1.2951344548770196,0.930378425778571,0.4947845513849118,-0.708603477685698,0.5029234885887011,2
2012-07-31,47.9,38.7877,11.6408,35.959999084472656,Japan,0.007786501699746928,0.10901006906129806,47.9,0.0752765972782441,-0.09292938737980572,0.09292938737980572,-0.04463337758814645,0.17096448843398124,0.03293086740293982,0.19261817295851025,0.5561877295911838,1.316960182821516,1.718664888404824,0.26954969563634873,0.9653406241134681,1
2012-08-31,47.7,38.8236,11.5705,36.2400016784668,Japan,0.029801268386782098,0.1269315193452194,47.7,0.08832194747273148,-0.20007604825607528,0.20007604825607528,0.007786501699746928,0.15531115599218628,-0.05863878622327101,-0.3775568203627377,-0.022009273360011565,1.2861154938043746,1.7840967611307186,-1.04294044211517,0.5013156348649779,1
2012-09-28,47.7,38.8169,11.6529,36.68000030517578,Japan,0.06324971852567973,0.17775355516678282,47.7,0.06519561703680732,-0.19358209574953977,0.19358209574953977,0.012141241896531874,0.151681788123069,-0.0930930303111881,-0.6137390089023466,-0.1773840280633967,1.074073452442024,1.7386646728836281,-1.3530336607510605,0.3205801091277988,2
2012-10-31,46.9,38.1775,11.9455,36.2400016784668,Japan,0.10044147960984406,0.2913906476132513,46.9,0.03172951674710989,-0.10623031282500206,0.10623031282500206,-0.011995600410256713,0.15197560501268675,-0.09921416489234536,-0.6528295438209512,-0.36156916209286105,0.8010950743528819,1.5706993534727232,-1.5440321405093345,0.11654828130585237,3
2012-11-30,46.5,38.1238,12.6349,37.31999969482422,Japan,0.09431941282282086,0.16184354139651846,46.5,0.014022544591798303,0.0742683694118047,-0.0742683694118047,0.029801268386782098,0.15529325555537873,-0.0698151301315072,-0.4495696215642192,-0.8854881834888588,0.880684399099321,0.979256833611195,-1.7170656411362404,-0.18565314797864582,3
2012-12-31,45.0,38.3887,13.8366,39.0,Japan,0.10769232725485778,0.15076925815680098,45.0,0.005761250026199427,0.11751308393099436,-0.11751308393099436,0.045016085715798404,0.15651126642231766,0.049493764160963405,0.31623131862861126,-1.2718858136274607,0.5516008391741571,-0.037446206433902965,-1.5178382556190904,-0.5688923591265742,5
2013-01-31,47.7,39.8446,14.5864,39.880001068115234,Japan,0.17352051112350586,0.12537612502717788,47.7,0.02724832872276517,0.25304102810803375,-0.25304102810803375,0.022564129951672784,0.15105691142656524,0.036131791509156796,0.23919323629704883,-1.076258952730861,0.974432745937385,-1.4055271563249756,-1.1990686014735106,-0.6766054911479905,5
2013-02-28,48.5,41.2906,14.6048,40.84000015258789,Japan,0.06170422253546404,0.06464249215927453,48.5,0.06354382385971413,0.2622445011019403,-0.2622445011019403,0.024072193048163992,0.14596479575930005,0.10901006906129806,0.74682438662168,-0.4443506865245772,1.319259536620152,-1.5721382208835801,-0.8823835211992218,-0.3949032229968068,5
2013-03-29,48.5,42.1793,15.1629,43.20000076293945,Japan,0.03888889526634043,0.10370369127584933,48.5,0.08662206410094586,0.3012125736941018,-0.3012125736941018,0.057786498568414446,0.15554220384766912,0.1269315193452194,0.8160583829037827,-0.4219265078446494,1.4251873992453223,-1.6614485508666494,-0.02011530874374127,-0.16957574205242945,3
2013-04-30,51.1,44.5283,16.1814,46.79999923706055,Japan,-0.0410256025693454,0.017948721501745313,51.1,0.16634928950297945,0.35460215143777996,-0.35460215143777996,0.08333329654034327,0.1632543535418478,0.17775355516678282,1.0888135679715172,0.7438249128974935,1.694380636749621,-1.7430320403701753,0.6454053504235024,0.3351447149251104,1
2013-05-31,51.5,47.1898,14.9231,43.36000061035156,Japan,0.0027675030026663716,0.11254614851066691,51.5,0.23780420629632926,0.18110155205027345,-0.18110155205027345,-0.0735042453587238,0.15403674519642976,0.2913906476132513,1.891695694047975,0.3232995717060692,1.6962961001955932,-1.5746811120898758,0.2076607203689134,0.16314382004517503,2
2013-06-28,51.5,48.4502,14.536,44.880001068115234,Japan,0.062388573316006335,0.0819964397859656,51.5,0.26209535618554414,0.050547099721029554,-0.050547099721029554,0.035055360617333386,0.14894327247212627,0.16184354139651846,1.0866119611196698,0.2864945568582191,1.7188644374255568,-0.10374641015394737,-0.18341326232057995,0.42954983045231215,1
2013-07-31,50.7,49.793,14.0883,44.880001068115234,Japan,0.061497287340619655,0.00980389073612531,50.7,0.24968000682652103,-0.034148247682772914,0.034148247682772914,0.0,0.13530995020024383,0.15076925815680098,1.1142510800844954,-0.9715771867892056,1.7305710851737457,1.3106647851124773,0.6133204679724709,0.6707447878673721,1
2013-08-30,50.7,50.5679,13.5371,43.47999954223633,Japan,0.1094756712590721,0.06807725656936392,50.7,0.22468309978542345,-0.07310610210341795,0.07310610210341795,-0.031194329156857603,0.14425927125347543,0.12537612502717788,0.8691027199692538,-0.9806416425423117,1.7341660474955742,1.539401581289813,0.5322691788566539,0.7062987912749323,1
2013-09-30,52.5,50.9883,14.459,47.68000030517578,Japan,0.01845639812254163,-0.04949665677949622,52.5,0.2088465195012721,-0.04642251811988474,0.04642251811988474,0.09659615471843752,0.16497216021794803,0.06464249215927453,0.39183879312651326,-0.7263187205394324,1.6740614293844165,1.3867286316870546,-0.05017151495138065,0.5710749563951645,1
2013-10-31,54.2,51.5813,14.2877,47.63999938964844,Japan,-0.048698566846084534,-0.0696893311788247,54.2,0.15839365077939194,-0.11702942885040857,0.11702942885040857,-0.0008389453706232342,0.1627431218733958,0.10370369127584933,0.6372231900314931,-0.043793724672006866,1.6353144067953689,1.6325722989156999,-0.4713608736316397,0.6881830268518556,1
2013-11-29,54.2,52.391,14.888,48.2400016784668,Japan,-0.03731349479950985,-0.039801034760320486,54.2,0.11021873370940338,-0.002352058218466624,0.002352058218466624,0.012594506643690995,0.16299004799193828,0.017948721501745313,0.11012157934104715,-0.13622090534689232,1.3516192856960922,1.386611009882865,-1.4008007815801378,0.30030215216298184,2
2013-12-31,55.2,53.3166,15.1292,48.560001373291016,Japan,-0.06672161422649514,-0.008237263479545898,55.2,0.10044127784818224,0.04080902586681345,-0.04080902586681345,0.006633492613808523,0.1617520604586778,0.11254614851066691,0.6957942185807189,0.09639322962491817,1.3124127380033928,1.2355097443205452,-0.7692939896207561,0.46875543058202496,2
2014-01-31,56.6,53.4769,14.0709,45.31999969482422,Japan,-0.02206531347603269,0.05913504684956683,56.6,0.07398429498122239,-0.0012350673963501535,0.0012350673963501535,-0.06672161422649514,0.18309594073454813,0.0819964397859656,0.4478331931172836,0.8070117408644472,1.1030772119914274,1.2854753128245235,-1.7638652783832984,0.35792474682427494,1
2014-02-28,55.5,53.514,13.9928,46.43999862670898,Japan,-0.002583956404678789,0.016365248895450657,55.5,0.05826027974268255,0.03366304452209112,-0.03366304452209112,0.02471312752485888,0.18314321707530865,0.00980389073612531,0.053531279469083155,0.13208896986965413,1.2296604832592948,1.6483137301521256,-1.7093576274181141,0.3251763889657401,1
2014-03-31,53.9,53.9676,13.7154,45.31999969482422,Japan,0.06266549363883245,0.03883499885441233,53.9,0.05843105182953723,-0.051428176222421906,0.051428176222421906,-0.024117118109487135,0.17909326739903036,0.06807725656936392,0.38012180780466626,-0.4202709993025438,1.4114006709074014,1.7501368867111375,-1.6390239734623946,0.27556064621340015,2
2014-04-30,49.4,53.8066,13.2913,44.31999969482422,Japan,0.08303249843220417,0.08844769879590864,49.4,0.04314160364318087,-0.06973830637541378,0.06973830637541378,-0.02206531347603269,0.15880350714118643,-0.04949665677949622,-0.31168490967577017,-1.5534244150029994,1.1000122864946762,1.7525179428830269,-1.5259419541262877,-0.05670903493789603,2
2014-05-30,49.4,53.4139,13.8634,46.31999969482422,Japan,0.018998296068934772,0.0034542281620522086,49.4,0.019524345784581287,-0.06882052659860283,0.06882052659860283,0.045126354101341803,0.14557079674703574,-0.0696893311788247,-0.47873153638038174,-1.5611873420289641,0.5680393875643696,1.6862249301227523,-1.6988196283360804,-0.2514356631694806,5
2014-06-30,51.5,53.0231,14.6214,48.15999984741211,Japan,-0.022425208051894407,-0.06644519877654043,51.5,-0.005504852147361294,-0.033564233402956,0.033564233402956,0.03972366504124758,0.14664712862238435,-0.039801034760320486,-0.27140684672257004,-1.0286250964996029,-0.036567286167865753,1.6623970675036261,-1.664973164189688,-0.2669421198383826,4
2014-07-31,50.5,53.9361,14.6748,48.0,Japan,0.005000034968058342,-0.04250001907348633,50.5,0.00858688517846029,0.04291836343091049,-0.04291836343091049,-0.0033222559783855354,0.14685030898961143,-0.008237263479545898,-0.05609292575699396,-1.340498539042008,0.09148459654557443,-0.295898300803782,-0.9390291076730254,-0.6209853377433102,5
2014-08-29,50.5,54.7537,14.2829,47.20000076293945,Japan,-0.015254262903920512,0.046610184902091234,50.5,0.023165900512015503,0.02073209078954874,-0.02073209078954874,-0.016666650772094727,0.1434697977986969,0.05913504684956683,0.4121776691463626,-1.2613085741563848,0.04006525634866784,-0.8306956544553206,0.0895601590047258,-0.4905947033145779,5
2014-09-30,51.7,55.1125,14.785,47.08000183105469,Japan,-0.045029793205820234,0.06457087898464886,51.7,0.021214580600211974,0.07798533035857491,-0.07798533035857491,-0.002542350210701372,0.10568903141249211,0.016365248895450657,0.15484339932664323,-0.24455799402225908,-0.358792153440477,-1.748570042336502,0.2010707917896008,-0.5377123495024094,5
2014-10-31,52.4,55.8784,14.7075,48.2400016784668,Japan,-0.04726373372022252,0.06633492613808478,52.4,0.03850457007132957,0.1065509017176649,-0.1065509017176649,0.024638908290079087,0.10866149873390694,0.03883499885441233,0.3573942869084888,-0.413383690957162,0.483571471626118,-1.5470585567582689,0.8123739243923476,-0.1661242129242413,3
2014-11-28,52.4,57.4545,15.187,46.47999954223633,Japan,0.06282276274527865,0.12306371077963041,52.4,0.07564697578720159,0.09547441464575779,-0.09547441464575779,-0.036484288453416336,0.11414022801474066,0.08844769879590864,0.7749038208026537,-0.4161660590002506,1.2951479257984542,-1.4676336421652185,1.0291369436549167,0.11012129207197544,3
2014-12-31,52.0,58.6523,14.7982,44.959999084472656,Japan,0.1147686822172147,0.13967977584241087,52.0,0.10616504881834521,0.012091865348051511,-0.012091865348051511,-0.032702247692202535,0.11740388150584062,0.0034542281620522086,0.02942175435554375,-0.3081794779455048,1.3737117002149248,-0.335959014131308,0.361593426296618,0.2727916586086825,2
2015-01-30,52.0,59.587,14.6037,45.959999084472656,Japan,0.1192341090382596,0.12532641973390413,52.0,0.10477027445440057,-0.004845040477553297,0.004845040477553297,0.022241993335479382,0.09943049077301484,-0.06644519877654043,-0.6682577774681312,-0.1871408765343394,1.575615678924408,1.5493173023711977,-0.1633077913832474,0.6936210783445047,1
2015-02-27,52.2,59.8125,15.7002,49.400001525878906,Japan,0.05668014474845151,-0.01862352136083678,52.2,0.09239192967781173,0.09923054841803847,-0.09923054841803847,0.07484774825786356,0.12220517512221996,-0.04250001907348633,-0.3477759352742727,0.4226399594406419,1.4698103097085273,0.9002281658946905,0.015545713649469552,0.7020560371733324,2
2015-03-31,50.3,60.3986,15.7346,50.119998931884766,Japan,0.022346423991432385,-0.0877892618705245,50.3,0.09591471989113187,0.06422725735542789,-0.06422725735542789,0.014574845825231053,0.1179495139211594,0.046610184902091234,0.3951706399845507,-0.4300893947998072,1.462349218360715,1.263417574288434,0.8127488675685716,0.7771065663544783,1
2015-04-30,49.9,59.4101,16.5235,51.43999862670898,Japan,0.005443285409590937,-0.04199066689497477,49.9,0.06320331290802894,0.12347441781404034,-0.12347441781404034,0.026336786172285187,0.11392871594703523,0.06457087898464886,0.5667656169728752,-0.5051281919733934,1.250759689483188,0.3423865872935351,0.9192800954697158,0.5018245450682614,2
2015-05-29,49.9,59.7432,17.2518,52.20000076293945,Japan,-0.07126439015963049,-0.05134100126447716,49.9,0.03983499986946182,0.13595838546124983,-0.13595838546124983,0.014774536479786438,0.10850001645741238,0.06633492613808478,0.6113817149891593,-0.5567271743619407,1.0355768962536542,-0.5682373584216532,0.9107388731664184,0.20533780915911967,3
2015-06-30,50.1,61.0648,16.3446,51.2400016784668,Japan,-0.10772834264139786,-0.053864208544519565,50.1,0.04113223181358627,0.1044991958481436,-0.1044991958481436,-0.018390786790069003,0.10694859716670725,0.12306371077963041,1.1506809256020774,-1.1613462930859941,0.9989818369644138,-1.0559785441487022,1.6592799566000744,0.110234239082448,3
2015-07-31,51.2,62.6675,16.2006,51.720001220703125,Japan,-0.04717715359274832,-0.11059553529966759,51.2,0.05169751791498145,0.1093490005957396,-0.1093490005957396,0.009367672258255189,0.1065446388010032,0.13967977584241087,1.310997694621643,-0.41428396743508816,0.8151621390993037,-1.2204685763890875,1.7537879976700312,0.23354939823628984,2
2015-08-31,51.7,63.1246,14.814,48.47999954223633,Japan,0.02145216430171959,-0.10148511170382657,51.7,0.0553747126436781,-0.05644514082623153,0.05644514082623153,-0.06264504257532477,0.1257237330755865,0.12532641973390413,0.9968397904519466,0.38569460791994137,0.8146080571070676,-1.0955697622889065,1.5976620640925663,0.4255987417076672,2
2015-09-30,51.0,63.0181,13.5797,45.720001220703125,Japan,0.060367415744586816,-0.001749821279936059,51.0,0.04337021056779444,-0.13695295717717637,0.13695295717717637,-0.056930658985024585,0.1392933185946127,-0.01862352136083678,-0.13370003348859164,0.26176799640147924,0.7875698409351026,0.5512969398959546,1.4047225820528584,0.7513393398213487,1
2015-10-30,51.0,62.9231,15.0838,49.27999877929688,Japan,-0.06655841843638288,-0.07305191889804796,51.0,0.059131359819289964,-0.0871304505703997,0.0871304505703997,0.07786521136359248,0.15904126274326322,-0.0877892618705245,-0.5519904731405506,0.35953291062719306,1.1875329933366532,1.4701216599564522,-0.041600547795002475,0.743896754031324,1
2015-11-30,52.6,63.3329,15.152,49.52000045776367,Japan,-0.12035539235416659,-0.04765752400112433,52.6,0.060085499270209786,-0.12171483555339158,0.12171483555339158,0.004870164050564396,0.15318410868698287,-0.04199066689497477,-0.27411894911879336,0.7398205257623378,1.2640628054971934,1.7527718278122553,0.34908647972417134,1.0264354096989894,1
2015-12-31,52.6,63.469,14.7852,48.47999954223633,Japan,-0.05858086178638777,-0.05115510655225408,52.6,0.03937129082548374,-0.09540765757497893,0.09540765757497893,-0.021001633802777864,0.15036475271477348,-0.05134100126447716,-0.3414430598763114,0.8124415241540611,1.1717014462311968,1.6688445524248863,0.44582796645698547,1.0247038723167823,1
2016-01-29,52.6,63.4036,13.6692,46.0,Japan,-0.006956515104874272,0.04869568866232177,52.6,0.011746120397335247,-0.15625347209362628,0.15625347209362628,-0.05115510655225408,0.15994171934156454,-0.053864208544519565,-0.33677397470943476,0.7768318721876721,1.2271525010907054,1.4239214144355938,0.08580089827690905,0.8784266714977201,1
2016-02-29,50.1,60.6771,12.9476,43.560001373291016,Japan,0.0826445904643256,0.12763997665993831,50.1,-0.038772522914996665,-0.1259889293911165,0.1259889293911165,-0.05304344840671704,0.14609355300429822,-0.11059553529966759,-0.757018588605438,-0.40574650347277996,0.8423676208994559,1.4984058762414971,0.614318205794837,0.6373362998657526,1
2016-03-31,49.1,60.2265,13.4924,45.63999938964844,Japan,0.007887831182425753,0.09903594474606514,49.1,-0.044298384115039946,-0.006428713447278023,0.006428713447278023,0.047750182524851414,0.15554689541110492,-0.10148511170382657,-0.6524406124314152,-1.505214286422788,0.6706208532163513,1.2287726518812772,-0.32696213802093005,0.016804270163477616,4
2016-04-29,49.1,58.7828,13.7705,45.68000030517578,Japan,0.05604206121252919,0.10595446848189916,49.1,-0.0657993646212599,-0.08706691947652445,0.08706691947652445,0.0008764442607862577,0.15165597676884573,-0.001749821279936059,-0.011538096402248224,-1.551542591583487,-0.29719644139414664,1.2751248149784289,-0.07755070110949917,-0.16279122977717597,3
2016-05-31,47.7,56.9995,14.5694,47.15999984741211,Japan,0.04156062533533311,0.05788803119315822,47.7,-0.10000173685398905,-0.03845036958817316,0.03845036958817316,0.032399289237058815,0.15563840059886327,-0.07305191889804796,-0.4693695040360207,-1.255556791170689,-1.2417750378967964,0.6757042210500606,-1.1556573815233504,-0.7443212473851939,5
2016-06-30,48.1,56.1566,13.3243,46.0,Japan,0.09043477929156762,0.06217392631199048,48.1,-0.11521215081378311,-0.09880826772718665,0.09880826772718665,-0.02459711304421819,0.15623463327841858,-0.04765752400112433,-0.30503815319997607,-1.7204301613172164,-1.4174308810071579,1.1422694297011207,-0.4260676041186245,-0.6054148041854696,5
2016-07-29,48.1,55.4344,14.3575,48.2400016784668,Japan,0.04726365464275295,0.04830012303663489,48.1,-0.12569002391031425,0.05035408070699088,-0.05035408070699088,0.04869568866232177,0.16567425602089972,-0.05115510655225408,-0.3087691943267329,-1.724676049830039,-1.4335209316321962,0.22149844299045165,-0.2974729260244482,-0.8085428661240579,5
2016-08-31,49.5,55.3804,14.5555,49.119998931884766,Japan,0.015675905425638126,0.04295603941843562,49.5,-0.08729322924134475,0.12418517717569277,-0.12418517717569277,0.01824206514923854,0.15418195566604928,0.04869568866232177,0.3158326047426347,-1.1009130790785173,-1.5811384300094493,-1.4719503685316557,-0.1106756180220178,-1.0661693739104101,5
2016-09-30,50.4,55.7326,14.2787,50.15999984741211,Japan,-0.025917050259473218,0.026714516679908318,50.4,-0.07461665545897578,0.05827725237911707,-0.05827725237911707,0.02117265753546782,0.14082046515587557,0.12763997665993831,0.9064021803837415,-1.1239347692746964,-1.356469712768682,-1.4196433137094904,0.8972368505691588,-0.7507027362959275,5
2016-10-31,51.4,56.7375,14.747,50.52000045776367,Japan,0.000989691936015502,0.026524151631949655,51.4,-0.034794191498193405,0.07091245779020361,-0.07091245779020361,0.007177045682749128,0.11886996377676734,0.09903594474606514,0.833145242073518,-1.1522727685834793,-0.9895219166104225,-1.5890171976656,1.453306837183003,-0.5693762614191247,5
2016-11-30,51.3,57.7178,15.3396,49.88999938964844,Japan,0.02685909338507475,0.0681499612642682,51.3,0.012601864928639683,0.052864222274081385,-0.052864222274081385,-0.01247032981802787,0.11977253123382332,0.10595446848189916,0.8846307862948295,-1.4272366325477852,-0.6778936648330199,-1.3945079236584126,1.4868387758044634,-0.5031998613086887,5
2016-12-30,51.3,59.5004,15.3612,48.86000061035156,Japan,0.054031914790625635,0.09803522013285693,51.3,0.059544203174693555,0.15287107015002666,-0.15287107015002666,-0.020645395708515202,0.11970109833047163,0.05788803119315822,0.48360484574118556,-1.5210143477939084,-0.3644998755860172,-1.3056767857086078,1.0630637821292543,-0.5320318067398198,5
2017-01-31,52.7,60.0708,15.2314,50.56999969482422,Japan,0.025509213433105415,0.08285542123777834,52.7,0.08363759687125683,0.06086714260839288,-0.06086714260839288,0.034997934161105526,0.10913049440767346,0.06217392631199048,0.5697209258461744,-1.722270377446353,-0.07944869912889957,-1.1785995143429315,0.5300822390734009,-0.6125590879611958,5
2017-02-28,53.3,61.5397,14.9372,51.22999954223633,Japan,0.04021084114187157,0.06792893955361556,53.3,0.11121804826256221,0.02622376421284045,-0.02622376421284045,0.013051213197449618,0.0861415481571976,0.04830012303663489,0.5607064659262123,-1.3491404480579872,0.28253848216396915,-0.6115813541449147,0.9222535341171074,-0.1889824464804563,4
2017-03-31,52.4,61.9815,14.6058,51.5,Japan,0.04174760244425069,0.081747555038304,52.4,0.11212288678439553,0.022908247949743332,-0.022908247949743332,0.005270358387199803,0.07801535592442163,0.04295603941843562,0.550610055026216,-1.3373209612983803,0.44760374364812944,-0.2541946186320713,0.031109802607345062,-0.2782005084187443,5
2017-04-28,52.4,63.4446,14.4234,51.86000061035156,Japan,0.05591973924124449,0.13092944148889996,52.4,0.1182128222075347,-0.0219434461246355,0.0219434461246355,0.006990303113622476,0.07744312535924155,0.026714516679908318,0.34495659306085047,-1.3062010325523241,1.3499641733588523,0.9316742418655722,-0.6348746292893278,0.08514068834569316,2
2017-05-31,53.1,65.0301,14.372,53.290000915527344,Japan,0.026646615585468325,0.12422591139336747,53.1,0.12669055300098075,-0.06307856788964517,0.06307856788964517,0.027574243894056938,0.07611790061580606,0.026524151631949655,0.34846141863300223,-1.766370457822268,1.3769060418167454,1.5600987535265098,-1.39732826065442,-0.05667348078335821,4
2017-06-30,52.4,65.8742,14.5527,53.650001525878906,Japan,0.03839697110912632,0.11705495993821402,52.4,0.10712196892794013,-0.05263260682759163,0.05263260682759163,0.006755500172015649,0.06617525474314652,0.0681499612642682,1.0298405579062193,-1.2225144108419175,1.4424450337331198,1.4233486971099525,-1.430392421730558,0.05322172456764923,3
2017-07-31,52.1,66.8675,14.3831,54.7599983215332,Japan,0.07103731416324832,0.14937911899020562,52.1,0.11314482244285085,-0.05569415812072431,0.05569415812072431,0.020689594857119964,0.054648696589957586,0.09803522013285693,1.7939168955563376,-1.3603300246245138,1.466891623087124,1.7313197056528857,1.0698669731270887,0.7269370693106462,1
2017-08-31,52.2,68.0744,14.0611,54.709999084472656,Japan,0.09504662493067517,0.11624932766918294,52.2,0.1061867379918977,-0.058652223977720075,0.058652223977720075,-0.0009130613329636494,0.05513260862784524,0.08285542123777834,1.50283876094213,-1.5129664278515205,1.4814583600896079,1.6260413252309698,0.5573658881729423,0.5379747864104999,1
2017-09-29,52.2,68.4422,14.4855,55.709999084472656,Japan,0.07574943977838466,0.08921201404378332,52.2,0.10423594136960235,-0.008236454011420147,0.008236454011420147,0.018278194420292104,0.054515852290692245,0.06792893955361556,1.246040127766899,-1.5188658726606328,1.4336523264851193,1.2075420502424148,0.4806931086692875,0.40075540318404723,1
2017-10-31,52.8,69.729,15.0127,58.650001525878906,Japan,0.07314572871642877,0.03393005647052649,52.8,0.09905334732979632,0.04085721813164711,-0.04085721813164711,0.052773334943846395,0.06985673540345082,0.081747555038304,1.1702172248127385,-1.482196068729688,1.3755926746424996,-1.0833408366781798,-0.28614391691510155,-0.3690220369201175,4
2017-11-30,53.6,70.6705,15.0214,59.90999984741211,Japan,0.01936237440104449,-0.0028375591617140206,53.6,0.08673521953679919,0.045185082104091334,-0.045185082104091334,0.021483346781794088,0.06456373403123075,0.13092944148889996,2.027909993953677,-1.3307847564898123,1.1674615752786546,-1.0348756492156852,0.9634047592165456,-0.058698517802574346,3
2017-12-29,53.6,71.5296,15.0275,59.93000030517578,Japan,0.01251460030336804,-0.03370599778871042,53.6,0.08585151698236948,0.03262624805018999,-0.03262624805018999,0.0003338417261660176,0.05434114167089721,0.12422591139336747,2.2860379368859958,-1.4549690293594784,1.3095288530354086,-1.0291462719919264,0.9703531269143081,-0.05105833035042204,3
2018-01-31,54.8,71.7573,15.1795,62.93999862670898,Japan,-0.03654272779225198,-0.07006672932370683,54.8,0.073126705798781,0.055370539035395794,-0.055370539035395794,0.05022523454372885,0.061430326605120274,0.11705495993821402,1.9054914145362427,-0.967301666813349,0.18761968199195955,-1.3582009178673693,1.120114343039506,-0.2544421399123132,4
2018-02-28,54.1,76.0767,13.7811,61.06999969482422,Japan,-0.02177825483876894,-0.04666773355760534,54.1,0.1175522663438826,-0.01991309357020432,0.01991309357020432,-0.029710819394444865,0.07819606307715038,0.14937911899020562,1.910315086359579,-1.1105665828398712,0.834538181330498,-0.5580765227128468,1.1234032357710484,0.07232457788720709,3
2018-03-30,54.1,75.8893,13.3739,60.68000030517578,Japan,-0.045649315158744375,-0.007415965073768627,54.1,0.108808600541771,-0.07673880777329045,0.07673880777329045,-0.0063861043326890465,0.08060654259846277,0.11624932766918294,1.4421822834936964,-1.059022288359642,0.6543786029688597,-0.49943700293281684,1.3191048242537915,0.10375603398254807,3
2018-04-30,53.8,76.1826,13.7988,60.63999938964844,Japan,-0.034795524927260235,-0.09564642637596454,53.8,0.09255259648066083,-0.0808582067183119,0.0808582067183119,-0.0006592108656257034,0.08168874309242292,0.08921201404378332,1.0920967891848763,-0.836660026534077,0.34214117593008875,0.24333581368001161,1.5134320762694944,0.3155622598363794,2
2018-05-31,52.8,75.5548,13.669,59.7400016784668,Japan,-0.0254435958328999,-0.07365251761392033,52.8,0.06911370373776893,-0.09003155498155957,0.09003155498155957,-0.014841651059371186,0.08460305068402735,0.03393005647052649,0.4010500353852172,-1.0013622033073752,-0.23906032890545764,0.11955744216522765,0.9081691562262365,-0.05317398345534216,3
2018-06-29,52.8,76.406,13.4183,57.90999984741211,Japan,0.04006216026484588,-0.12467624313119008,52.8,0.06817317586006366,-0.10708367992014634,0.10708367992014634,-0.030632771671218584,0.09384467586207011,-0.0028375591617140206,-0.03023676234850631,-1.0131247385108302,-0.3027771380861655,0.4255736912006701,0.04068070027063753,-0.212411871281422,4
2018-07-31,52.3,76.9507,13.5176,58.52999877929688,Japan,-0.06304457036848954,-0.0726123370688212,52.3,0.07237451799329131,-0.10948318455812123,0.10948318455812123,0.01070624993124536,0.0927480819500455,-0.03370599778871042,-0.36341449957816496,-0.9997550434761076,0.21311915176747617,1.7286938774112837,-0.12759073196900084,0.20361681343341287,2
2018-08-31,52.5,76.9797,13.4106,58.220001220703125,Japan,-0.0494675542378914,-0.06630024956060876,52.5,0.011869600022082816,-0.026884646363497855,0.026884646363497855,-0.005296387580028594,0.09320119898321076,-0.07006672932370683,-0.7517792698818031,-0.8491100205864414,-1.4974374633814895,-0.20238530053629644,-0.9376009262782284,-0.8716334276956139,5
2018-09-28,52.5,77.488,13.9648,60.22999954223633,Japan,-0.15839284389895136,-0.09148262266994234,52.5,0.021066210915109185,0.044183073000396256,-0.044183073000396256,0.03452418892802167,0.09696660291002959,-0.04666773355760534,-0.48127635863355933,-0.8306174649827243,-1.2671326675927417,-1.1779482128654157,-0.7569893047176988,-1.008171912539645,5
2018-10-31,52.9,77.6229,12.6772,54.84000015258789,Japan,-0.010211549448082557,0.010576185535076998,52.9,0.01890589189657499,-0.08128243035626292,0.08128243035626292,-0.08949027777874541,0.12407827456435847,-0.007415965073768627,-0.05976844133113748,-0.4480107683171242,-1.153876245343677,0.0177008407867972,-0.2887545429670497,-0.46823517896026345,5
2018-11-30,52.2,77.1596,12.879,55.34000015258789,Japan,-0.017708701473332034,-0.047343674099398214,52.2,0.021240212402124037,-0.05779501060794501,0.05779501060794501,0.009117432505630685,0.12179648372394167,-0.09564642637596454,-0.7852971075318755,-0.7846562622944828,-0.9253825153107704,-0.03963474452718617,-0.42700067925397617,-0.5441685503466038,5
2018-12-31,52.6,76.1299,11.7523,50.68999862670898,Japan,0.07950291385233355,0.0767410398448114,52.6,-0.003613590555715529,-0.12415879805936669,0.12415879805936669,-0.08402604830244953,0.14416479876974048,-0.07365251761392033,-0.5108911346074008,-0.675139951038572,-1.6223909089183817,0.21015476077515094,-0.17476024758559638,-0.5655340866918498,5
2019-01-31,50.3,76.0585,12.3793,54.27999877929688,Japan,0.021002199986843717,0.0012896038393226394,50.3,-0.011594436437875166,-0.08420873527845174,0.08420873527845174,0.07082265239392416,0.15508331404687992,-0.12467624313119008,-0.8039307381160418,-1.0296583005237352,-0.9889008081655256,0.42513450979004,-0.3417910788451321,-0.48380391943608825,5
2019-02-28,48.9,73.795,13.0418,54.36000061035156,Japan,-0.030169230523079515,-0.008094231723067002,48.9,-0.04137064706669413,-0.027500633826972765,0.027500633826972765,0.0014738731181620501,0.15418237903298898,-0.0726123370688212,-0.47095094474631893,-1.1030516300861708,-1.336674424256567,0.38102928221773846,0.13567412209958107,-0.4807556625063546,5
2019-03-29,48.9,73.5232,12.9707,54.720001220703125,Japan,-0.002558468321003371,0.03691521222041594,48.9,-0.05116663225273588,-0.07118612511457378,0.07118612511457378,0.006622527709887693,0.1549444606777924,-0.06630024956060876,-0.4278968687914593,-1.0865497082718287,-1.7343991921399653,1.333024766729531,-0.9699083883758542,-0.6144581305145294,5
2019-04-30,50.2,73.2513,13.281,55.41999816894531,Japan,-0.01930710447810524,0.058823569901473194,50.2,-0.05631843180298601,0.04762881393367624,-0.04762881393367624,0.012792341605017077,0.15618452811411979,-0.09148262266994234,-0.5857342194810645,-0.23298998074587554,-1.4754904922853684,1.473670936326801,-1.2840439825930299,-0.3797133798243682,4
2019-05-31,49.8,70.9434,12.8345,52.720001220703125,Japan,0.022761701829607572,0.1272761557114237,49.8,-0.08056288524046262,-0.0034552372078576754,0.0034552372078576754,-0.04871882059633725,0.16172949393008598,0.010576185535076998,0.06539429066444105,0.06618832550090037,-1.7165314017456828,0.9903561215640572,-1.5168925308424035,-0.5442198713807822,5
2019-06-28,49.8,71.0245,13.18,54.58000183105469,Japan,0.03957493175060911,0.08537925414214054,49.8,-0.06706169323747968,0.12148260340529093,-0.12148260340529093,0.035280739136651196,0.1656477560999729,-0.047343674099398214,-0.28580932947153853,0.2451823904283948,-1.6918502575145857,0.9089226646186045,-1.1326570377282383,-0.4176005600489562,5
2019-07-31,49.4,71.0215,13.3003,54.34999847412109,Japan,0.07966884917423567,0.06255752753144672,49.4,-0.06622533970562128,0.07439839086216504,-0.07439839086216504,-0.004214059164848405,0.16488772620763517,0.0767410398448114,0.46541390077861283,0.5963495055736303,-1.5680634538520213,-0.07999104993277449,-0.9206940250260233,-0.4930997558092972,5
2019-08-30,49.4,69.8342,13.0853,53.91999816894531,Japan,0.1021884703884115,-0.0178041379279118,49.4,-0.05367301307676675,0.0033354291585516727,-0.0033354291585516727,-0.007911689369789365,0.16491199043413254,0.0012896038393226394,0.007819951938775003,1.1848250367648325,-1.5716861106695885,0.29496120558800987,-0.8027968397729736,-0.22367417702242992,4
2019-09-30,48.9,69.7841,13.7569,56.7400016784668,Japan,0.044060626119945434,-0.12953828113134747,48.9,-0.050856056319637966,0.060613536663402856,-0.060613536663402856,0.05229977012769327,0.17046070437587174,-0.008094231723067002,-0.047484443718001666,0.961877892483131,-1.6378331064244804,-0.9751360484316013,-0.3070124349352193,-0.48952592432704245,4
2019-10-31,48.4,69.4339,14.5004,58.68000030517578,Japan,-0.015848675874900242,-0.1179277768857171,48.4,-0.05211375088223702,0.0918153753482418,-0.0918153753482418,0.03419102166585275,0.14573362873186163,0.03691521222041594,0.25330606629124025,0.039031872779549164,-1.3588635245961196,-1.6648178631402262,0.1804176502762191,-0.7010579661701444,5
2019-11-29,48.4,69.876,14.6764,59.43000030517578,Japan,-0.10886759527981438,-0.0676426121002992,48.4,-0.015045797072031908,0.14351162881296498,-0.14351162881296498,0.01278118602759859,0.14585203627865304,0.058823569901473194,0.40330989818400387,0.039031872779549164,-0.265053103393204,-0.8941297278657926,0.5809520813567605,-0.13479971928067172,3
2019-12-31,48.4,69.7433,14.8774,59.2400016784668,Japan,-0.16627282258161624,-0.0729237573788214,48.4,-0.018038845750410037,0.1287860394537177,-0.1287860394537177,-0.0031970154086039537,0.10858924411000087,0.1272761557114237,1.17208805305333,0.683018891670012,-0.4005915330539871,-1.3734691998722417,0.8286906007902693,-0.06558781011648687,3
2020-01-31,48.8,70.0735,14.566,57.75,Japan,-0.1037229727873038,-0.059220747514204586,48.8,-0.013348070654661037,0.0951632669939777,-0.0951632669939777,-0.02515195199611886,0.09488581440516557,0.08537925414214054,0.899810521492373,-0.33714316771990055,-0.12004018297636145,-1.423620486664113,0.32857038338023226,-0.38805836349503564,4
2020-02-28,48.8,67.5722,13.6525,52.959999084472656,Japan,0.04626134451081909,0.09554383422892765,48.8,-0.03239100612593826,0.04334635048489521,-0.04334635048489521,-0.08294373879701034,0.129903825702861,0.06255752753144672,0.4815680153603741,-0.22144409528221567,-0.35323146946443806,-1.5206163492211988,-0.08908439051409608,-0.5460940761204871,5
2020-03-31,44.8,62.7587,13.5239,49.38999938964844,Japan,0.11196596168526973,0.19599109991494745,44.8,-0.10067336255680015,-0.016936955273353815,0.016936955273353815,-0.06740936096184535,0.1450567346006824,-0.0178041379279118,-0.1227391336012333,-0.3849209618457399,0.4804012165545298,-1.079147465448701,-0.8424753985576806,-0.45653565232439797,5
2020-04-30,41.9,54.1343,16.3686,51.7599983215332,Japan,0.049652310526685506,0.12519326829726318,41.9,-0.22034769759440265,0.12883782516344366,-0.12883782516344366,0.04798540111708305,0.15444170279055136,-0.12953828113134747,-0.8387519613599632,0.8314448358186558,0.025421006596981547,0.15326261273125621,-0.3874702861370811,0.15566454225245313,3
2020-05-29,41.9,51.568,18.3356,55.40999984741211,Japan,0.04710342208155516,0.16206460146120594,41.9,-0.2620069837998742,0.24932544765746378,-0.24932544765746378,0.07051780610975089,0.16319066339489163,-0.1179277768857171,-0.7226380139184396,0.6994405200604122,-0.25047906428225014,-0.8611883249091491,-0.41211061124613024,-0.20608437009427932,3
2020-06-30,40.1,50.5103,18.7185,54.91999816894531,Japan,0.07556448769558655,0.2301529463050085,40.1,-0.2757684250673542,0.25818355357791,-0.25818355357791,-0.008843199419169112,0.16025245843869412,-0.0676426121002992,-0.4221003082219574,-1.146224947254076,-0.4225140608870112,-0.8713510580675892,0.042441754946955505,-0.5994120778154303,5
2020-07-31,45.2,50.6391,18.008,54.33000183105469,Japan,0.07196760014053916,0.2330203498259127,45.2,-0.27734307548502646,0.2363037209940957,-0.2363037209940957,-0.010742832439208594,0.16063932717943882,-0.0729237573788214,-0.4539595543584631,-1.6265697093514069,-0.44099450867323886,-0.6298439891976725,0.12853099983579166,-0.6422193018466317,5
2020-08-31,47.2,51.1528,19.2377,58.02000045776367,Japan,0.10978970840446434,0.17580145953919213,47.2,-0.24299046057402296,0.4090972349386559,-0.4090972349386559,0.06791824962906223,0.17345493272630597,-0.059220747514204586,-0.34141864162288676,-1.4826419880299415,-0.3385228184862492,-0.9485144751975575,-0.15205192224248834,-0.7304328009890592,5
2020-09-30,47.7,51.8565,18.9325,59.06999969482422,Japan,0.14372774517744635,0.15997963428244621,47.7,-0.1737161540949701,0.3999290145594099,-0.3999290145594099,0.018097194566982333,0.1670244455507002,0.09554383422892765,0.5720350330390731,-1.6848744662199588,-1.0683490300081622,-1.111192904280188,0.395092781166191,-0.8673309048355295,5
2020-10-30,47.7,53.8808,17.759,58.2400016784668,Japan,0.15024031478587485,0.15762356157130153,47.7,-0.004682798152003453,0.08494312280830374,-0.08494312280830374,-0.014051092274343535,0.16459747926288856,0.19599109991494745,1.1907296563267427,-1.4468344317254735,-1.067430180632738,-1.5078066584557406,0.61215909544207,-0.8524780438429705,5
2020-11-30,49.0,55.7905,19.2411,64.38999938964844,Japan,0.05948131491472597,0.06507225471537814,49.0,0.08188217499224337,0.04938480333340611,-0.04938480333340611,0.10559748512946032,0.1954783295955348,0.12519326829726318,0.6404457647878474,-1.646433761352482,-0.4957031626518113,-1.100705073003111,1.1035206322331368,-0.5348303411935669,5
2020-12-31,50.0,57.9056,19.0926,67.55999755859375,Japan,0.01420957843641224,-0.00029598347822712423,50.0,0.1464117219656189,0.0199855757672891,-0.0199855757672891,0.04923121911777706,0.1991550766444435,0.16206460146120594,0.8137608349825994,-1.5888334473424894,0.39840470146777063,-0.6840497457281132,0.9140078762990411,-0.24011765382594769,4
2021-01-29,50.0,59.3261,18.7073,66.98999786376953,Japan,0.006418873248066559,0.001791353193144829,50.0,0.17154728263338015,0.03883274100399836,-0.03883274100399836,-0.008436940725610076,0.19638833776086406,0.2301529463050085,1.1719277678558415,-1.6421020650742932,0.1607222457812061,-1.500418531309409,1.4815099799891414,-0.37507209265333863,5
2021-02-26,49.8,61.5835,18.61,68.22000122070312,Japan,0.0052770537072683865,0.0026385268536341933,49.8,0.2039125912951003,-0.03262864063791415,0.03262864063791415,0.01836100009190811,0.16560068583988558,0.2330203498259127,1.4071218886811447,-1.3599534601668086,0.6263300464607361,-1.2809066926524837,1.7768180122376582,-0.05942802353022453,4
2021-03-31,52.7,64.0545,18.621,68.5199966430664,Japan,-0.01430233180897611,0.025248152972708215,52.7,0.23522605652136197,-0.01645318896078185,0.01645318896078185,0.0043974701992857135,0.13607693770503915,0.17580145953919213,1.2919269238719937,-1.5996845114826874,1.0688414009223883,0.46560502650908664,1.576349231915951,0.3777777869661847,2
2021-04-30,53.6,67.0831,17.32,67.41999816894531,Japan,-0.004598006036976465,0.014535796255553679,53.6,0.24502791346824848,-0.02471986035249729,0.02471986035249729,-0.01605368546427688,0.1409698130341167,0.15997963428244621,1.1348502976571933,-1.4762630437676756,0.6839309263825016,1.2821278758874808,0.30694286369435925,0.19918465554916653,2
2021-05-31,53.0,72.8375,16.201,68.58000183105469,Japan,-0.0026246762958567205,-0.032808398074162026,53.0,0.3055538129251396,-0.15800032222689964,0.15800032222689964,0.01720563176526002,0.13110093083262364,0.15762356157130153,1.2023069597617067,-1.5883725408596072,1.1517539774495849,1.370581230672902,-1.2794755281054557,-0.08637821521064404,4
2021-06-30,52.4,74.6646,15.9734,67.54000091552734,Japan,0.0401243566440288,-0.008587530695773893,52.4,0.2894193307728439,-0.16337219655782875,0.16337219655782875,-0.015164784015161747,0.13268508222780284,0.06507225471537814,0.49042630582733965,-1.6629976496716001,1.0838725992708567,1.202192133350456,-1.6086832693005912,-0.2464040465877197,4
2021-07-30,52.4,75.6656,15.3874,67.11000061035156,Japan,0.01922218601989356,-0.045149735534788626,52.4,0.2754184077497088,-0.17746548138961793,0.17746548138961793,-0.006366602003953004,0.13171847362512912,-0.00029598347822712423,-0.002247091619581726,-1.6125435371975774,1.0224854930168807,1.309461745222575,-1.541325258334407,-0.20548038932313217,4
2021-08-31,52.7,78.5706,15.2833,68.4000015258789,Japan,-0.030263152757987077,-0.07982460200829322,52.7,0.27583849570095875,-0.1787587318645889,0.1787587318645889,0.01922218601989356,0.12024714083893447,0.001791353193144829,0.01489726226043299,-1.422568205972987,0.9827465193445872,1.193863486733196,-1.4521295268764236,-0.1745219316929068,4
2021-09-30,51.5,78.9111,15.7732,70.25,Japan,-0.04683275324594083,-0.12298931515513789,51.5,0.23193686626232357,-0.15293485849309918,0.15293485849309918,0.027046760714195983,0.12088383019039807,0.0026385268536341933,0.02182696270856393,-1.3153695585848169,0.9141998877639627,1.0159166502452404,-1.3091888032079364,-0.17361045594588756,4
2021-10-29,51.5,79.2628,15.5069,68.4000015258789,Japan,-0.06315788886627083,-0.17222225630414956,51.5,0.1815613768594475,-0.10468244803695148,0.10468244803695148,-0.02633449785225761,0.12467784206092047,0.025248152972708215,0.20250713803958353,-1.3135808764408359,1.012484973348134,0.9343276211492566,-0.5090747022068419,0.03103925396242821,3
2021-11-30,54.5,81.3663,14.6674,66.33000183105469,Japan,-0.0511081427825103,-0.1316147009790425,54.5,0.11709353011841417,-0.0946608234059626,0.0946608234059626,-0.030263152757987077,0.08287627844904283,0.014535796255553679,0.1753915176643837,-1.3536912963438712,-0.09655597658893551,0.3799680240358871,-0.8944903747585029,-0.4911924059138556,5
2021-12-31,54.3,84.1372,14.6426,66.95999908447266,Japan,-0.07989842513844514,-0.2110214672433377,54.3,0.12686869011553026,-0.0833135087082274,0.0833135087082274,0.009497923051812851,0.0664574628978329,-0.032808398074162026,-0.4936751516469924,-1.3014599947941587,0.5981076303604582,1.0148174564464354,-0.6859871625403365,-0.09363051763190042,3
2022-01-31,55.4,86.8569,13.4717,64.08000183105469,Japan,-0.11641702069294613,-0.12375156177559155,55.4,0.14790472817237954,-0.12449796586817785,0.12449796586817785,-0.043010712257996575,0.07877224314475462,-0.008587530695773893,-0.10901721663547333,-0.995258677440897,1.487405757772637,1.2800324717196043,-0.918292836690052,0.21347167884032303,2
2022-02-28,52.7,86.6185,13.3469,62.93999862670898,Japan,-0.08484271161585044,-0.14855415758069868,52.7,0.10242889834110969,-0.12670038538797257,0.12670038538797257,-0.017790311669330205,0.07610004982105689,-0.045149735534788626,-0.5932944280713952,-1.5300975574524542,1.1836384059695069,0.6664129338424455,-1.326782813247438,-0.251707257721985,5
2022-03-31,54.1,88.002,13.6503,61.61000061035156,Japan,-0.142509311675314,-0.207109268135384,54.1,0.11520432486684373,-0.13458904978064057,0.13458904978064057,-0.021131205042527967,0.07640514467703254,-0.07982460200829322,-1.044754281216466,-0.9186590700072734,0.8181662571426277,1.063377178840714,-1.150452588450997,-0.04689205561873219,4
2022-04-29,54.1,88.1792,13.261,56.619998931884766,Japan,-0.008300908069095447,-0.11709638605599437,54.1,0.11249161018788123,-0.14483230045979534,0.14483230045979534,-0.08099337167720122,0.1054119336307913,-0.12298931515513789,-1.1667494459015613,-0.7800892560205964,0.2460714737260046,0.2846865292020576,-1.4143749046439327,-0.4159265394341167,5
2022-05-31,53.3,86.9654,13.5619,57.59999847412109,Japan,-0.06961802825975483,-0.03124998758236519,53.3,0.06881350141274711,-0.07537123143842817,0.07537123143842817,0.017308363841816554,0.10544516278515415,-0.17222225630414956,-1.633287405085187,-0.887584258137764,-0.23432485037764683,-0.4809234439529107,-1.32260038196598,-0.7313582336085753,5
2022-06-30,52.7,88.3416,12.9676,52.83000183105469,Japan,-0.07533604427388196,0.0304750471295252,52.7,0.04997076204104722,-0.11439225274199938,0.11439225274199938,-0.08281244391368336,0.12596450986099098,-0.1316147009790425,-1.0448554209775978,-0.466584677107741,-0.5253386027236607,-1.198652439952762,-1.2151981594979107,-0.8514434698205187,5
2022-07-29,52.7,89.7583,13.2703,56.150001525878906,Japan,-0.10970613855768163,0.04487972528201922,52.7,0.03340436971616545,-0.014949857850159898,0.014949857850159898,0.06284307362777053,0.1505346896438549,-0.2110214672433377,-1.4018128827487304,-0.4189003243326574,-0.47761194398447276,-1.4041405587882025,-1.106685483278364,-0.8518345775959242,5
2022-08-31,51.5,91.1935,13.1979,53.59000015258789,Japan,0.04123901993245149,0.04385143622746579,51.5,0.05281781605546154,-0.011163640995287216,0.011163640995287216,-0.04559218706541157,0.14893686929375122,-0.12375156177559155,-0.830899443250105,-0.04917775810480258,-0.329132983249975,-1.4286048406170733,-0.7414239886373049,-0.637084892652289,5
2022-09-30,50.8,90.4017,12.3501,48.84999847412109,Japan,0.11443194119134437,0.20143296745036254,50.8,0.027268698438671857,-0.09525065383178388,0.09525065383178388,-0.08844936863165709,0.1544353825717902,-0.14855415758069868,-0.9619178915274962,-0.06731260436656127,-0.47076005860190867,-1.4700859150829315,-0.9360548519001365,-0.7360533574878845,5
2022-10-31,50.7,90.5834,13.0314,49.9900016784668,Japan,0.17363465091095254,0.17703537061358476,50.7,0.027264933226883503,-0.017313928059723982,0.017313928059723982,0.023336811462740137,0.16307945381050934,-0.207109268135384,-1.2699899545655533,0.26212489574762105,-0.2095854635235943,-1.2367073018272734,-0.8695643006147309,-0.5134330425544944,5
2022-11-30,49.0,91.1978,13.323,55.79999923706055,Japan,0.0025089496695807068,0.06344087748976501,49.0,0.04866763103487126,-0.017615525848148073,0.017615525848148073,0.11622319190872132,0.2151572089369397,-0.11709638605599437,-0.544236405717245,-0.02790829747637183,0.43876245951657866,-0.3383306514899006,-0.23680210577427152,-0.041069648805991316,3
2022-12-30,49.0,92.6369,12.4183,54.43999862670898,Japan,0.07806759932420149,0.1370316511270071,49.0,0.04862148749852846,-0.04235941885931083,0.04235941885931083,-0.02437277112807379,0.21403433592716015,-0.03124998758236519,-0.14600455318066416,0.041264166840718625,0.751113414583887,1.2624929113402195,0.18155862496970204,0.5591072794336318,1
2023-01-31,48.9,92.7065,12.9895,58.66999816894531,Japan,0.002897596539086944,0.0809613115432859,48.9,0.032845987501991525,-0.021160034061023514,0.021160034061023514,0.07770021397761462,0.23043899459377695,0.0304750471295252,0.13224778724298508,0.6599663291074472,1.0082512349800292,1.288146866500288,0.1338067939522223,0.7725428061349967,1
2023-02-28,47.7,92.7925,13.0673,55.93999862670898,Japan,0.060779435276131055,0.10189490351932107,47.7,0.017534144429153464,-0.009895513680206802,0.009895513680206802,-0.04653144072674187,0.23390328088728837,0.04487972528201922,0.19187300456741152,-0.6983018101510171,0.9620540494874665,1.0799480069848162,-0.1048073154359522,0.3097232327213284,2
2023-03-31,49.2,92.641,13.1657,58.68999862670898,Japan,0.05469420641133049,0.027261924114106773,49.2,0.024770551881214686,0.06603995109351346,-0.06603995109351346,0.04915981529336322,0.23998467022211814,0.04385143622746579,0.182725989067881,1.468028389365955,0.9216656281896621,1.271381809496116,-0.5893169463810923,0.7679397201676602,1
2023-04-28,49.2,93.177,13.4409,58.84000015258789,Japan,0.07783817138817573,0.0020394108017263157,49.2,0.028632177639611678,0.03142409871541041,-0.03142409871541041,0.0025558277285535613,0.22393264531311052,0.20143296745036254,0.8995247975957764,1.4958923802546007,0.8230332296692001,1.2315974407372212,-0.26505269603324,0.8213675886569456,1
2023-05-31,50.6,91.9311,14.2328,59.34000015258789,Japan,0.03875967696572791,0.05510617541885976,50.6,0.00804076414124033,0.06828792314043364,-0.06828792314043364,0.008497620644176918,0.2235822957098864,0.17703537061358476,0.7918130102899583,1.5604388538738374,0.005618688242417578,-1.6059624621155657,-0.06634726883941679,-0.026563047209681865,3
2023-06-30,49.8,92.8052,15.1671,61.900001525878906,Japan,-0.02600970227243793,0.03618736362765751,49.8,0.0018167706389138338,0.22135074849214464,-0.22135074849214464,0.043141243119450445,0.20467590765154522,0.06344087748976501,0.30995771909692105,1.5227839626566202,-0.24899176095855394,-1.414716085839395,0.49030841076088305,0.08734613165488858,3
2023-07-31,49.6,94.0032,15.1626,63.41999816894531,Japan,-0.07032480626365856,0.043992447115735134,49.6,0.013987153004374031,0.16729666268909504,-0.16729666268909504,0.024555680219667364,0.19837128856655634,0.1370316511270071,0.6907836921220133,1.2620896328415812,-0.011672064000961276,-1.4042167811654025,0.5204003043010901,0.09165027299407685,3
2023-08-31,49.6,94.7519,15.0363,61.63999938964844,Japan,0.01573655467728674,0.12134982853665877,49.6,0.021115930705606578,0.15068147207150684,-0.15068147207150684,-0.028066837443847192,0.1935669811401967,0.0809613115432859,0.4182599277334766,1.2170438599291824,0.15866185344762151,-1.3726531660013437,0.33880439256454503,0.08546423498500129,3
2023-09-29,49.6,96.1165,14.7637,60.290000915527344,Japan,0.06385799329337138,0.18344663112694226,49.6,0.03751578674668887,0.12137599975694435,-0.12137599975694435,-0.021901338213637378,0.16475930917913606,0.10189490351932107,0.6184470184233105,1.1378382869847743,0.23125275274593818,-1.541118020415005,0.664154908976168,0.12303198207296889,3
2023-10-31,48.7,96.032,14.32,58.959999084472656,Japan,0.1229647237547078,0.140942972992383,48.7,0.03064060873391483,0.06540484640165478,-0.06540484640165478,-0.022060073160691474,0.16954763222563363,0.027261924114106773,0.16079212523491135,1.1381034629181808,0.059612475302345494,-1.6189427072397578,0.7673300772151254,0.08652582704897346,2
2023-11-30,48.3,96.9508,15.0256,62.61000061035156,Japan,0.10397703358517685,0.10158122581618434,48.3,0.0546028493077968,0.055702321398459986,-0.055702321398459986,0.061906404046063734,0.14032093800562226,0.0020394108017263157,0.01453390228651837,0.9910982348686396,0.885037027711438,-0.91524932372117,1.0521234601344376,0.5032523497483363,1
2023-12-29,48.3,97.9471,14.7863,64.13999938964844,Japan,0.11241033915002308,0.06392264597967534,48.3,0.05540530056505455,-0.025106974965550366,0.025106974965550366,0.024436971160864518,0.13554032432198979,0.05510617541885976,0.4065666486672221,0.9796242328549426,0.9303928342652249,1.143758621503804,0.5796210996301984,0.9083491970635424,1
2024-01-31,48.0,98.1509,16.005,66.20999908447266,Japan,0.01600962956125973,0.07189249663268416,48.0,0.04412296602668819,0.055557753947212296,-0.055557753947212296,0.032273148028097776,0.11902013564018547,0.03618736362765751,0.3040440462700948,0.625594747534683,0.8492601040706412,-1.4957159695481759,0.09232555684132225,0.01786610972461763,2
2024-02-29,47.2,99.7791,16.599,69.12000274658203,Japan,-0.0021701608784487902,0.041232615174657594,47.2,0.05305645585998797,0.10392849304682672,-0.10392849304682672,0.04395112071209528,0.10517404209899493,0.043992447115735134,0.41828236547500286,0.4645983233112351,1.1563549268609608,-0.9125322063999077,1.0542156987980225,0.44065918564257767,2
2024-03-29,47.2,101.8697,16.8119,71.3499984741211,Japan,-0.043587956227911784,0.0026629634964205895,47.2,0.05985652827558208,0.1387321606372387,-0.1387321606372387,0.032262668387254,0.10102408093462584,0.12134982853665877,1.2011970553356088,0.13877672941878505,1.1499389638439248,0.03496107162911214,1.253991312630281,0.6444170193805258,1
2024-04-30,49.6,102.9476,16.4551,67.2699966430664,Japan,0.0550023006135838,0.011892419974429469,49.6,0.07201349550149949,0.14909916201117324,-0.14909916201117324,-0.057182928077209705,0.12502255752386068,0.18344663112694226,1.4673082582871597,0.8030900569431227,1.1266546147453649,-0.16470645279164495,0.8889379871189043,0.6634940515039367,2
2024-05-31,50.4,105.3412,16.264,68.97000122070312,Japan,0.04349717191391722,0.01043933895838478,50.4,0.08654286504082487,0.08241933766372056,-0.08241933766372056,0.025271364092032345,0.1256602111048565,0.140942972992383,1.1216197374901262,0.8062457672858033,1.2768827872315476,0.4080358659137887,0.18035818217528948,0.6678806506516073,1
2024-06-28,50.4,107.6739,16.1566,68.23999786376953,Japan,0.048358780115230315,-0.016705736010195538,50.4,0.09930666655776421,0.0926736235569412,-0.0926736235569412,-0.010584360504759083,0.12316274773055831,0.10158122581618434,0.8247723251385426,0.830334547713658,1.325963532927623,-1.274191259173891,0.012807466759835068,0.22372857205680619,2
2024-07-31,49.1,109.665,15.6971,70.97000122070312,Japan,-0.04086235699588703,-0.037480676572588356,49.1,0.11731018258620152,-0.019237738206810295,0.019237738206810295,0.0400059121101326,0.1262575279748172,0.06392264597967534,0.5062877992702747,0.4045482958790091,1.4764297077250925,1.360415670471976,0.22252093059195743,0.8659786511670089,1
2024-08-30,49.1,110.5556,15.1414,71.97000122070312,Japan,-0.03167984911248001,-0.04863137335883749,49.1,0.10800357990801679,-0.08781251882643526,0.08781251882643526,0.01409046051570706,0.11922431947145933,0.07189249663268416,0.6030019458395335,0.3840997459788683,1.3005054670648044,1.5405309385923556,-0.12187431951157551,0.7758154580311132,1
2024-09-30,49.7,110.9634,14.6213,71.54000091552734,Japan,-0.06206321476915966,-0.041655064562443944,49.7,0.08926795700782475,-0.1303005609122111,0.1303005609122111,-0.005974715824405008,0.11505031784748847,0.041232615174657594,0.35838766850966763,0.4951011661169708,1.1818554367254397,1.6017131284535149,-0.9079048715242932,0.592691214942908,1
2024-10-31,49.2,110.1303,15.0768,68.06999969482422,Japan,0.003525750915902792,0.04936096114904265,49.2,0.06977044632414953,-0.08376126550431184,0.08376126550431184,-0.04850434968264006,0.12675331746356094,0.0026629634964205895,0.02100902406113464,0.5629650954621876,1.1245943848653563,1.3921532170600024,-1.1942808419465003,0.4713579638602616,1
2024-11-29,49.2,109.4919,15.0449,69.69000244140625,Japan,-0.017506115338837502,0.06356722843998219,49.2,0.03940243703318358,-0.07495696015740283,0.07495696015740283,0.023799070865945904,0.11586321567285882,0.011892419974429469,0.10264189462864434,0.43538044945798027,0.4663531989138773,0.9782247000947524,-0.634088922558702,0.311467356476977,2
2024-12-31,49.6,108.9659,15.749,67.0999984741211,Japan,0.021758556150127895,0.11728767400221796,49.6,0.011999193862207935,-0.02522808016538136,0.02522808016538136,-0.037164641649464314,0.12332768857035632,0.01043933895838478,0.0846471630126216,1.059013208014433,-0.25242477394559837,0.35168164631327514,-0.0518466821710434,0.27660584955276657,3
2025-01-31,48.7,109.8741,15.6291,68.30999755859375,Japan,0.045674174470666795,0.07773393906848791,48.7,0.0019067159075365492,-0.004332010371342565,0.004332010371342565,0.018032773651095235,0.12060285270913242,-0.016705736010195538,-0.1385185809036052,0.271225401448328,-0.6712224292228067,0.588355223932949,-0.27272170080202224,-0.021090876160887978,3
2025-02-28,49.0,111.0848,14.8368,68.47000122070312,Japan,0.08251791186138502,0.14327438854532293,49.0,0.00478673174402755,-0.020117030129314317,0.020117030129314317,0.002342316905693531,0.11213308986942298,-0.037480676572588356,-0.3342517058633981,0.3257870226321551,-0.6500736730894682,0.8052222766238265,-0.8986742800512109,-0.10443466347117436,3
2025-03-31,48.4,112.8509,14.384,68.55999755859375,Japan,0.0934948058688474,0.1699241823327431,48.4,0.017010113244547265,-0.01622974701291946,0.01622974701291946,0.0013143907738593086,0.10645582996459084,-0.04863137335883749,-0.4568220770531138,0.28249960534072316,-0.5522819865598957,0.16820157467869995,-1.3103428861322117,-0.3529809231681711,3
2025-04-30,48.7,111.588,14.5999,71.43000030517578,Japan,0.030659420860279063,0.16827658675223955,48.7,0.013236139373087985,-0.03163138066433202,0.03163138066433202,0.041861185075586116,0.09699394729587874,-0.041655064562443944,-0.42946045319071025,0.6257550952386802,0.4176248546443338,0.8275602552809881,-1.446277776320898,0.10616560721077606,3
2025-05-30,48.7,110.9244,15.4522,74.12000274658203,Japan,0.0561251467695969,0.11994062412603457,48.7,0.013083159576187775,0.027072296924539163,-0.027072296924539163,0.03765928083317305,0.10049414263176595,0.04936096114904265,0.4911824695088226,0.6634076234806809,0.4670797723896819,0.3667743313841129,0.06041918119965281,0.38942022711353214,1
2025-06-30,50.1,109.0374,15.9878,74.97000122070312,Japan,0.06989459488394001,0.0769640729507286,50.1,0.0006561685811798945,0.0151628674836497,-0.0151628674836497,0.01146786889670337,0.09883257934658389,0.06356722843998219,0.6431809111959534,1.222222222222225,0.21871391909266846,0.977196280618228,-0.29329113169349824,0.5312103225599057,1
2025-07-31,48.9,111.9751,15.9922,73.62000274658203,Japan,0.13352341530735057,0.16435748468758193,48.9,0.019121885867552146,0.023232303843471636,-0.023232303843471636,-0.01800718223475617,0.09546298342533471,0.11728767400221796,1.2286194061172746,-0.026798000943695832,0.6278720567488103,0.08382058483872547,-0.0908923253072994,0.14850057883413512,3
2025-08-29,48.9,115.4256,16.185,78.27999877929688,Japan,0.06042416237472614,0.17999494362551816,48.9,0.03907645330414233,0.09086865092203156,-0.09086865092203156,0.06329796059306991,0.11261112120308496,0.07773393906848791,0.690286520887232,-0.17374889710522423,0.8375036966676612,-1.2557784943673076,-0.11260458676040883,-0.17615707039131986,4
2025-09-30,48.5,116.2807,16.426,80.20999908447266,Japan,0.006607639762453044,0.052736608966654996,48.5,0.030392314106489238,0.1419632925472747,-0.1419632925472747,0.02465508859571197,0.11277527188376092,0.14327438854532293,1.270441526339195,0.36018013511259556,0.5088893421225925,-0.9845340253213513,1.17859514013921,0.26578264801326174,2
2025-10-31,48.2,118.1008,17.4428,83.44999694824219,Japan,0.027201969508385382,0.06770523346313828,48.2,0.05836469871312344,0.19472051178432714,-0.19472051178432714,0.04039393966776328,0.09623661692495336,0.1699241823327431,1.765691560679573,-0.8816966392477805,0.10948663933573986,-1.3746285480397382,0.9560508372700597,-0.29769692767042977,4
2025-11-28,48.2,121.1741,17.0975,83.01000213623047,Japan,0.11275750354747083,,48.2,0.0924025732841467,0.1064767476475843,-0.1064767476475843,-0.005272556358325797,0.09851529314621618,0.16827658675223955,1.708126539323025,-0.6205052279940171,0.622950585616193,-1.6447880125204108,0.6698921499510695,-0.24311262623679136,4
2025-12-31,50.0,121.7795,17.1626,80.73999786376953,Japan,0.04582616640490422,,50.0,0.11685990311581151,0.0734810292848298,-0.0734810292848298,-0.02734615364466031,0.09318342371507833,0.11994062412603457,1.2871454958853006,0.7519206177414072,1.0152357320474248,-0.6705225864600535,0.5945901462071366,0.4228059773839788,3
2026-01-30,50.0,124.2376,17.6467,85.72000122070312,Japan,0.03943067201685513,,50.0,0.10951095377454445,0.10345668513400263,-0.10345668513400263,0.06167950815822687,0.10389645439611113,0.0769640729507286,0.7407767030942047,0.1396328555491879,0.9158819346685408,-0.8979053551733367,-0.936517872087754,-0.19472710926084053,4
2026-02-27,51.5,126.2413,19.0831,92.37000274658205,Japan,,,51.5,0.09370278343798932,0.1790608588198952,-0.1790608588198952,0.07757817815187806,0.11678113422382473,0.16435748468758193,1.4073975713626103,0.4485889352783982,0.6400209811690092,-0.9768402754088803,-0.4433383201791701,-0.08289216978516073,3
2026-03-31,51.6,129.0069,16.5366,84.44000244140625,Japan,,,51.6,0.10944378559812606,0.006733227809570197,-0.006733227809570197,-0.08585038507503162,0.16089468800983298,0.17999494362551816,1.1187127794704936,-0.47091828598315066,0.3519905997909741,-0.5865481107747539,0.015600360440205371,-0.17246885913168128,3
2026-04-30,55.1,130.2268,17.611,89.0999984741211,Japan,,,55.1,0.10267500304824351,0.009642947233242438,-0.009642947233242438,0.05518706653222161,0.16353475228972686,0.052736608966654996,0.3224795233322885,1.182165609358651,0.15227931949736576,-0.4979529495092439,0.11598278398770408,0.23811869083361925,2
2005-12-30,56.4,60.8467,16.2431,19.309999465942383,Switzerland,0.08389440103769252,0.1015018667026999,56.4,,,,,,,,1.1369249022354924,,,,,
2006-01-31,58.7,61.0657,16.6834,20.440000534057617,Switzerland,0.08855183065805305,0.07681015918802214,58.7,,,,0.05851895905581195,,,,1.3663468768996858,,,,,
2006-02-28,61.0,63.3705,16.2416,20.270000457763672,Switzerland,0.0518006518671974,0.11741485481096947,61.0,,,,-0.008317028955585726,,,,1.495037238103768,,,,,
2006-03-31,63.5,64.0011,16.3453,20.93000030517578,Switzerland,0.01624463199380899,0.10081225893865753,63.5,,,,0.03256042587603014,,,,1.598861257900223,,,,,
2006-04-28,63.5,63.5186,16.5444,22.25,Switzerland,-0.010786506567108334,0.05977527746993494,63.5,,,,0.06306735191483948,,,,1.5864188956990695,,,,,
2006-05-31,64.5,65.2888,15.2009,21.31999969482422,Switzerland,0.06238273652644266,0.14821763098707974,64.5,,,,-0.0417977665247542,,,,1.6596665003040367,,,,,
2006-06-30,63.8,65.7878,15.1834,21.270000457763672,Switzerland,0.08321581662766775,0.17066286237157247,63.8,0.08120571863387838,-0.06524000960407794,0.06524000960407794,-0.0023451800082663343,,,,1.6009862994766257,0.36999338949827476,0.41677341648498084,,,
2006-07-31,64.1,67.2391,15.3928,22.01000022888184,Switzerland,0.0713311984778644,0.15810992758054665,64.1,0.10109439505319662,-0.07735833223443656,0.07735833223443656,0.03479077363386063,,0.1015018667026999,,1.6331684317230426,0.8671020117392303,0.2868696707722975,,,
2006-08-31,66.3,67.8782,15.6765,22.649999618530277,Switzerland,0.08079469997910738,0.09713027814532937,66.3,0.07113246699962938,-0.03479337011131889,0.03479337011131889,0.029077663925174413,,0.07681015918802214,,1.7134219473202008,0.5050655706566434,-0.0829797779188336,,,
2006-09-29,66.3,68.932,15.9208,23.040000915527344,Switzerland,0.08072910716550474,0.10590271396493733,66.3,0.0770439883064511,-0.025970768355429552,0.025970768355429552,0.017218600598915668,,0.11741485481096947,,1.697706161274621,0.31157469832998425,-0.6238081199669513,,,
2006-10-31,63.4,69.7352,16.0279,23.57999992370605,Switzerland,0.08100084196742952,0.15267177239684737,63.4,0.0978705450057149,-0.031219022750900605,0.031219022750900605,0.0234374560208801,,0.10081225893865753,,1.6151703068294117,1.0304755551971752,-0.22664433701593814,,,
2006-11-30,66.2,69.7946,15.9176,24.479999542236328,Switzerland,0.015114413650009206,0.10947713869650477,66.2,0.06901336829594062,0.04714852410054671,-0.04714852410054671,0.03816792287711013,,0.05977527746993494,,1.6615367605472002,0.5790049591850154,-0.7364908057865847,,,
2006-12-29,66.2,70.9471,16.2397,24.899999618530277,Switzerland,0.02329316998360209,0.06104419602611166,66.2,0.07842335509015341,0.06956939815851504,-0.06956939815851504,0.01715686618250567,0.10038087341643818,0.14821763098707974,1.4765525138657332,1.6958278335478023,1.0494926627770398,-0.5848904935136,0.31215387751161405,0.618145970080714,1
2007-01-31,62.7,72.7064,16.5016,25.489999771118164,Switzerland,0.06630053155090643,0.011377046611665165,62.7,0.0813113203478335,0.07203367808325978,-0.07203367808325978,0.023694785607499158,0.09218856115301903,0.17066286237157247,1.8512368588582047,1.6292535048812649,1.014008307608951,-0.29166268192820594,0.40134512568023223,0.6882360640605605,1
2007-02-28,64.3,73.8236,15.5943,24.850000381469727,Switzerland,0.09295772356063692,0.03460759315095285,64.3,0.08758924072824548,-0.005243517366759209,0.005243517366759209,-0.025107861725977676,0.09888112700043493,0.15810992758054665,1.5989899425382885,1.7292905379052392,1.518315148646011,1.1623722565379466,0.2345344763711673,1.161128104865091,1
2007-03-30,64.3,75.0068,15.6838,25.479999542236328,Switzerland,0.03689170137147957,0.05572998829690401,64.3,0.08812742993094647,-0.014886186623787712,0.014886186623787712,0.025352078514911502,0.09794117711509778,0.09713027814532937,0.9917205511139052,1.7067698345391666,1.5419682980908749,1.7018236360514105,-0.09369276958736436,1.214217249773522,1
2007-04-30,61.5,76.0235,16.2672,27.18000030517578,Switzerland,-0.05150844749121197,0.013612911248360282,61.5,0.09017397239844427,0.01493021543683204,-0.01493021543683204,0.06671902643175032,0.09986839111557475,0.10590271396493733,1.0604227502011045,1.6982223188877836,1.5792944120744554,0.722100398626815,-0.26522262493346827,0.9335986261638964,1
2007-05-31,60.0,77.8749,15.9009,27.15999984741211,Switzerland,-0.05338736270565969,0.007363798382292952,60.0,0.11577256693211213,-0.0010491531386641606,0.0010491531386641606,-0.0007358520065896546,0.07984017932810901,0.15267177239684737,1.9122173031379557,1.6466016734868534,1.643370743356323,1.6251099762545906,0.5395503859905143,1.3636581947720705,1
2007-06-29,60.0,78.7057,15.339,26.420000076293945,Switzerland,0.018168037125292136,-0.01627556033058497,60.0,0.1093575354031382,-0.05546284722008399,0.05546284722008399,-0.027245941652266792,0.09078608819696182,0.10947713869650477,1.2058801174359712,1.6310907215736103,1.5544963463759724,1.773210710230575,-0.3645569474729702,1.148560207676797,1
2007-07-31,62.5,79.0593,14.7464,25.780000686645508,Switzerland,0.06865781626343903,-0.03141975763059668,62.5,0.08737745232881822,-0.10636544335094777,0.10636544335094777,-0.024224049500389477,0.09814738014140988,0.06104419602611166,0.6219645999532512,1.5664308232042712,1.1598792321141802,1.6264230588737467,-0.5406994836514912,0.9530084076351766,1
2007-08-31,63.4,80.1857,14.5193,25.709999084472656,Switzerland,0.06417742452878605,-0.010890656914335661,63.4,0.08617975823449409,-0.06893544436108068,0.06893544436108068,-0.0027153452408212875,0.09783592009785567,0.011377046611665165,0.11628700992729277,1.6435846409256833,0.8836557029514495,0.5518884393054305,-0.7206251849186709,0.5896258995659731,1
2007-09-28,63.4,79.1709,14.7509,26.899999618530277,Switzerland,-0.03382899108984572,-0.03791823316833953,63.4,0.0555162998554799,-0.05948175824736357,0.05948175824736357,0.0462855144470351,0.103983750836569,0.03460759315095285,0.3328173187880626,1.6315819707773942,-0.12502274833525495,0.63890894172827,-0.08555696410288403,0.5149778000168812,1
2007-10-31,61.5,78.6579,15.0138,27.549999237060547,Switzerland,-0.09364791270975481,-0.06243191872908416,61.5,0.03465244299460024,-0.07705075243434634,0.07705075243434634,0.024163554934867548,0.1040627271759744,0.05572998829690401,0.5355422619538145,1.7153870968553957,-0.6495563227123494,0.9583687661636978,-0.1538198532025975,0.4675949217760367,2
2007-11-30,61.9,77.32,14.8978,27.36000061035156,Switzerland,-0.07054094525296062,-0.052997102726337175,61.9,-0.007125530819301229,-0.06308447949487139,0.06308447949487139,-0.00689650206789838,0.10212950381611165,0.013612911248360282,0.13329068231713811,1.5850763536578214,-1.5573021553593338,-0.6624720995062393,-0.9184587564213964,-0.388289164407287,5
2007-12-31,61.2,78.0606,14.2193,25.989999771118164,Switzerland,-0.004232420597163777,-0.08464789822874896,61.2,-0.008196356807702587,-0.0729969359149879,0.0729969359149879,-0.05007312897189997,0.11771607054723716,0.007363798382292952,0.06255559116151438,1.6792733060138878,-1.6541636774330581,-0.2894113107004029,0.4549913284778213,0.04767241158956202,4
2008-01-31,62.1,76.4273,13.1309,24.96999931335449,Switzerland,0.03444135498600587,-0.0524629356013544,62.1,-0.03329146602613475,-0.1095521618835783,0.1095521618835783,-0.03924588175245647,0.12299565609633191,-0.01627556033058497,-0.13232630197799608,1.7649077885602409,-1.326224734884508,-0.2509375937228388,0.478639190333572,0.16659616257161652,2
2008-02-29,61.1,72.5949,13.5744,25.43000030517578,Switzerland,0.018875325854346592,-0.09948881857192005,61.1,-0.09466525826924255,-0.0650788949880503,0.0650788949880503,0.01842214675493703,0.12143643257299781,-0.03141975763059668,-0.2587341950424116,1.7240531161255859,-1.6566340645227962,-0.8318801805677896,0.7733150372715301,0.002213477076632553,2
2008-03-31,57.1,69.9022,13.508,25.8799991607666,Switzerland,-0.08075727639155572,-0.18740334742643905,57.1,-0.11707205551534727,-0.08425926553634022,0.08425926553634022,0.01769558986199593,0.12009751411610904,-0.010890656914335661,-0.0906817846688041,1.684003519969617,-1.5927201565426485,-1.0596504414777177,1.2471946950660069,0.06970690425381443,3
2008-04-30,56.6,61.8249,15.9856,25.82999992370605,Switzerland,-0.08401084331023856,-0.28881142495188605,56.6,-0.21400266216107977,0.0647271177183657,-0.0647271177183657,-0.0019319644003832348,0.09705357045364457,-0.03791823316833953,-0.3906938507373133,1.7234928690310198,-1.6003940818181246,-1.65959896022533,1.3911978030771324,-0.03632559248382561,3
2008-05-30,56.6,61.0845,16.1365,25.90999984741211,Switzerland,-0.11617137192621296,-0.35700501947026797,56.6,-0.20997801345059486,0.08314650485306574,-0.08314650485306574,0.003097170884334144,0.09726428668494616,-0.06243191872908416,-0.6418791609638865,1.7332515361758745,-1.5332224652587074,-1.3722459615302378,0.8477651255479981,-0.08111294126626817,3
2008-06-30,54.7,60.6427,14.9924,23.790000915527344,Switzerland,-0.11601513756480897,-0.22068094989325582,54.7,-0.22313305303828046,0.05436976503766,-0.05436976503766,-0.08182164972480732,0.12353033362137136,-0.052997102726337175,-0.4290209632945443,1.5074318187038684,-1.700825793084222,-1.4387328381482705,-0.11650648585175481,-0.43715832459509474,5
2008-07-31,52.6,62.6991,14.8398,23.65999984741211,Switzerland,-0.22358406772167927,-0.3309382913864425,52.6,-0.17962429655371837,0.1301434022039616,-0.1301434022039616,-0.005464525561677647,0.12227779741545514,-0.08464789822874896,-0.6922589384002922,1.212371107423224,-1.3996149583203923,-1.2994744219204206,0.26875243160423584,-0.3044914603033383,5
2008-08-29,52.6,65.3402,14.4889,22.899999618530277,Switzerland,-0.27248907751373364,-0.38689955477151594,52.6,-0.09993401740342645,0.06736946016030165,-0.06736946016030165,-0.03212173431036436,0.12478453863164857,-0.0524629356013544,-0.42042817304649993,1.2915867345903285,-0.8780881753789385,-1.0900679446142318,0.8817281330847075,0.051289686920466426,3
2008-09-30,48.9,69.0688,12.5666,21.030000686645508,Switzerland,-0.11840226770412643,-0.2757965266302774,48.9,-0.011922371541954302,-0.06969203435001481,0.06969203435001481,-0.0816593433639885,0.12849322486189615,-0.09948881857192005,-0.7742728745336581,1.2118396101766944,0.08001420895692314,-0.4938780954168247,-1.024851808253754,-0.05671902113424032,4
2008-10-31,46.6,66.7206,11.8896,18.3700008392334,Switzerland,-0.13826896023339208,-0.11703872768949908,46.6,0.07918654134499215,-0.25623060754679217,0.25623060754679217,-0.12648596103476428,0.15749197174049284,-0.18740334742643905,-1.189923177387306,1.565573088237941,1.3735010179352043,-0.1924392919820382,-1.2950206213045579,0.36290354822163734,1
2008-11-28,46.6,67.2145,11.1574,16.65999984741211,Switzerland,-0.15726289973322305,0.08823525371057173,46.6,0.10035278998764019,-0.30856133610138503,0.30856133610138503,-0.09308660390309753,0.16574908475080638,-0.28881142495188605,-1.74246165754759,1.6332125257330852,1.431554781584967,1.175019805132226,-0.5971073763324011,0.9106699340294693,1
2008-12-31,35.2,64.2029,11.1221,18.540000915527344,Switzerland,-0.17853296708949318,-0.04476816559159702,35.2,0.05870780819455601,-0.25815079640351113,0.25815079640351113,0.11284520320132319,0.2240928704875015,-0.35700501947026797,-1.5931119035318861,0.5616169765623991,1.2643481850704343,1.0534641946801828,0.3975429702506749,0.8192430816409229,1
2009-01-30,35.2,63.2308,10.8185,15.829999923706056,Switzerland,0.024636727196972075,0.23626025199895073,35.2,0.00848018552100438,-0.27098074098033664,0.27098074098033664,-0.14617048856516768,0.2545274319580171,-0.22068094989325582,-0.8670222623770311,0.3277417770449133,1.296905094598,1.0205986305649826,0.8807653341860928,0.8815027090984972,1
2009-02-27,36.3,58.3231,10.4377,14.039999961853027,Switzerland,0.2913104850446002,0.48005703298470115,36.3,-0.10739330458125318,-0.27960714754053106,0.27960714754053106,-0.11307643527985323,0.2585116672216644,-0.3309382913864425,-1.2801677190943759,0.6002498587216789,1.0770030906186048,0.639040583558795,0.48466637117045064,0.7002399760173823,1
2009-03-31,33.0,56.6162,11.2934,15.229999542236328,Switzerland,0.16283648173190768,0.42613263074105046,33.0,-0.18029269366197176,-0.10131618735377901,0.10131618735377901,0.08475780510089415,0.2838993438174399,-0.38689955477151594,-1.3628053857719016,-0.8968217569637598,1.0030986665631643,0.6316385564830284,0.4690057178419042,0.30173029598108425,1
2009-04-30,35.5,56.6738,12.0176,16.219999313354492,Switzerland,0.20653517406203314,0.3181257747134243,35.5,-0.15058018063386724,0.010765711209796747,-0.010765711209796747,0.06500326991952066,0.3010851223743231,-0.2757965266302774,-0.9160084844291784,-1.2360799553878095,0.9633437304337706,0.6889745562079521,0.5998921986383188,0.254032632473058,1
2009-05-29,35.5,54.9262,12.6976,18.1299991607666,Switzerland,0.14616666566722847,0.2184225689536019,35.5,-0.18282215890916398,0.1380429132235108,-0.1380429132235108,0.11775585254430565,0.336464201456181,-0.11703872768949908,-0.3478489752638409,-1.2239497936374384,0.8019123058385311,0.753183699440498,-0.7790938976628374,-0.11198692150531167,4
2009-06-30,42.0,55.7634,12.6327,17.709999084472656,Switzerland,0.22642577279394804,0.256917073948266,42.0,-0.13145044849998988,0.13581967434207565,-0.13581967434207565,-0.02316602844653337,0.3307140291692668,0.08823525371057173,0.2668022700222704,-1.1673875606385977,0.8171748177885872,0.6928522620640098,0.24797763747175477,0.14765428917143852,2
2009-07-31,43.7,56.9721,13.5961,19.56999969482422,Switzerland,0.0924884769630876,0.08788969072687425,43.7,-0.0989818253129805,0.2567453898414751,-0.2567453898414751,0.10502544926624702,0.3536966407055865,-0.04476816559159702,-0.12657221030510604,-1.4719918249937223,0.42616343630642206,0.7675969780976631,-1.1066819342686645,-0.3462283362145754,3
2009-08-31,49.5,58.4564,13.8592,20.780000686645508,Switzerland,0.06304135816435608,0.053416682691270756,49.5,0.0022855438068278833,0.3278021019956503,-0.3278021019956503,0.06182938225294432,0.3599594606202699,0.23626025199895073,0.6563523892158164,-0.7085391648542354,-0.327391150934187,-0.18968109264642252,0.004195847298157244,-0.305353890284172,4
2009-09-30,54.8,59.1801,13.9278,21.71999931335449,Switzerland,0.024861921390362696,0.06353596278738127,54.8,0.045285624962466686,0.2332689889670072,-0.2332689889670072,0.045235736075460276,0.3520017960464915,0.48005703298470115,1.363791430545134,0.7462567521748188,-0.4461807898404212,-0.275935375664893,0.8210574956590729,0.21129952058214438,2
2009-10-30,54.8,60.5019,13.5113,21.3799991607666,Switzerland,-0.004209459718053199,0.025257293579237894,54.8,0.06754620300738612,0.12429270403408332,-0.12429270403408332,-0.015653782842379727,0.3221485961983013,0.42613263074105046,1.322782826837901,0.43366530445827417,-0.5094006033702732,-0.5935059079343189,-0.1126347669282555,-0.19546899344364332,4
2009-11-30,55.4,61.4916,13.2519,22.09000015258789,Switzerland,-0.00905390500488612,-0.11362608472357971,55.4,0.11953129836034537,0.043653918850806495,-0.043653918850806495,0.03320865386768479,0.29909446419889374,0.3181257747134243,1.0636297651496318,1.0367047079689495,-0.5289442157715313,-0.541404243980123,0.7356850295240603,0.1755103194353389,2
2009-12-31,55.1,63.9796,13.3255,22.26000022888184,Switzerland,0.037735855523397754,-0.10197665922834998,55.1,0.14734037020698176,0.05484179945696477,-0.05484179945696477,0.0076957933508223775,0.2844086481838028,0.2184225689536019,0.7679884924330552,0.554436993270327,-0.4761941016943701,-0.4017023676155971,0.5923330605028281,0.06721839611579698,3
2010-01-29,55.1,65.4354,12.8417,21.290000915527344,Switzerland,0.02959131675316784,-0.0032880037182995148,55.1,0.1485516594964904,-0.05548649980509124,0.05548649980509124,-0.0435758896397469,0.2335494151676158,0.256917073948266,1.1000544521333078,0.45547275384766023,-0.5531305355720069,-0.5227877551451015,0.8117676184309655,0.04783052039037933,4
2010-02-26,56.6,65.9515,13.2112,21.88999938964844,Switzerland,-0.10552761673601352,-0.014618533748134599,56.6,0.12821692748783708,-0.04675594550912032,0.04675594550912032,0.028182172302468222,0.17692082023138694,0.08788969072687425,0.49677415361248717,1.2197519959183332,-0.6301562969606895,-0.7245336636309992,0.7005414454844635,0.14140087020277697,3
2010-03-31,64.2,66.1577,13.5485,23.100000381469727,Switzerland,-0.1346320588308878,-0.012121241645957626,64.2,0.11790449830263894,-0.027233303177816914,0.027233303177816914,0.05527642876013439,0.17093193915365867,0.053416682691270756,0.3125026426059089,1.5231620585056795,-0.7338317931979472,-0.8961633098013152,0.5334514518977299,0.10665460185103676,3
2010-04-30,64.1,67.8094,12.7503,21.920000076293945,Switzerland,-0.03193434126382577,0.07299271787868733,64.1,0.12078133083423825,-0.05632322574437698,0.05632322574437698,-0.051082263449759524,0.18828003877344276,0.06353596278738127,0.33745458733325445,1.5885144114927352,-0.7466973227686547,-0.4113404313481012,0.01623296321312984,0.11167740514727727,3
2010-05-31,64.2,70.3279,11.7193,19.57999992370605,Switzerland,0.10163430944189233,0.1598569546967683,64.2,0.14369930201848713,-0.11565134056248527,0.11565134056248527,-0.10675183140708833,0.2031360783366322,0.025257293579237894,0.12433681789102041,1.6504580312842696,-0.629393822183883,-1.074819441537697,-0.43634975457004,-0.12252624675183757,4
2010-06-30,64.4,68.7278,11.6701,19.989999771118164,Switzerland,0.1415707831970503,0.2546273242054755,64.4,0.07421428080200565,-0.12422798394056511,0.12422798394056511,0.02093972671142419,0.20052096938054106,-0.11362608472357971,-0.5666543757223936,1.6799994737256752,-1.1585052830922298,-1.4375201455803166,-0.35298690385378784,-0.31725321470016477,4
2010-07-30,64.4,68.6416,11.8822,21.21999931335449,Switzerland,0.10838837035030968,0.16682379972083705,64.4,0.04899794300944138,-0.07471752182343461,0.07471752182343461,0.06153074318757357,0.18232810009838404,-0.10197665922834998,-0.5593030321345063,1.6866189705904253,-1.3176546147028894,-0.7831463495927976,0.2464190946250329,-0.04194072477005719,2
2010-08-31,61.7,68.2434,11.8719,21.56999969482422,Switzerland,0.05285115464892587,0.19146968597807823,61.7,0.034751294511876196,-0.10137610512292594,0.10137610512292594,0.016493892214664907,0.17315096262138255,-0.0032880037182995148,-0.018989231526764128,1.4608560567044389,-1.489426970107372,-0.9449135929053394,0.18687035776839825,-0.19665353713496855,4
2010-09-30,62.1,68.2583,12.0596,22.81999969482422,Switzerland,0.09903594474606514,0.10823844231967028,62.1,0.03175140610994642,-0.10989408421596492,0.10989408421596492,0.057950858492591406,0.17685815077382278,-0.014618533748134599,-0.08265682799561605,1.5836568305766199,-1.3098167421577873,-0.5704046722860573,1.050858967871061,0.18857359600095905,2
2010-10-29,62.1,68.2304,12.4223,23.520000457763672,Switzerland,0.05272107767790701,0.184098632628928,62.1,0.006208578751618621,-0.025724884904668843,0.025724884904668843,0.030674880468916976,0.17692357360080713,-0.012121241645957626,-0.0685111734929501,1.4829336008887917,-1.5681584354216653,-0.7465500337636375,0.4412496238401365,-0.09763131111409366,5
2010-11-30,62.9,68.6892,12.0539,22.709999084472656,Switzerland,0.13166014086328737,0.24878915691995496,62.9,-0.023300852151137752,0.028551193330659697,-0.028551193330659697,-0.03443883322815344,0.17982310360407294,0.07299271787868733,0.40591401447168696,1.1419412759499525,-1.7209844761297137,-0.913068150340667,1.0329061711418968,-0.11480129484463286,3
2010-12-31,61.2,68.1858,12.3834,25.07999992370605,Switzerland,0.008373245313402,0.061004812252783314,61.2,-0.007886182883782178,0.061122012664844405,-0.061122012664844405,0.10435935423942033,0.20627494616057412,0.1598569546967683,0.7749702892775361,1.060570930354443,-1.7153437155835536,0.1553456888897613,1.4522111984605623,0.23819602553030328,1
2011-01-31,60.6,68.3422,12.415,24.76000022888184,Switzerland,0.12479806639837943,0.06300482437486754,60.6,-0.004361786438544457,0.044840181111241995,-0.044840181111241995,-0.0127591585246275,0.19946723430824226,0.2546273242054755,1.276537096874732,0.8920837019219394,-1.5763613501757427,-0.21506616662117595,0.6950310732422735,-0.051078185408176435,2
2011-02-28,61.9,67.9395,12.7447,25.700000762939453,Switzerland,0.10350193651542394,-0.040077846539631756,61.9,-0.004453177889729987,0.0735181394721991,-0.0735181394721991,0.03796448002294972,0.20045283331131514,0.16682379972083705,0.832234680672983,1.0337744460695169,-1.7076924833287674,0.892108121919655,0.5423381393940793,0.19013205601362093,1
2011-03-31,58.9,67.9964,12.2734,25.290000915527344,Switzerland,0.052194529341190066,-0.14353503110735422,58.9,-0.003836896025831482,0.017728614547746213,-0.017728614547746213,-0.01595330098212866,0.19747832780295238,0.19146968597807823,0.9695731582714753,0.6854366615074488,-1.57974890782526,-0.05112685997989929,-0.4189258728413806,-0.3410912447847728,5
2011-04-29,58.9,66.6463,12.8682,27.850000381469727,Switzerland,-0.05493718727786834,-0.15619390742859895,58.9,-0.023216923834537218,0.03589512409135187,-0.03589512409135187,0.10122575615925,0.2054357999055974,0.10823844231967028,0.5268723482927922,0.7143712154658199,-1.1092322410320776,-0.30264040685204596,0.18859556127807128,-0.12722646778505808,4
2011-05-31,58.1,66.255,12.9199,28.36000061035156,Switzerland,-0.13011285100997994,-0.2115655807782305,58.1,-0.035437885431770955,0.07184396751258926,-0.07184396751258926,0.018312395759289224,0.15091583173265094,0.184098632628928,1.2198762085813553,1.482656823306391,-1.0644884928925542,-1.4839464637455324,1.3342957385375567,0.06712940130146527,2
2011-06-30,53.6,65.1968,12.3939,26.61000061035156,Switzerland,-0.18602031752730774,-0.1499436181736129,53.6,-0.04383610663803905,0.0008479092979312153,-0.0008479092979312153,-0.061706627726983876,0.17786220018907817,0.24878915691995496,1.3987747630214693,0.3902313630929324,-1.2938670023815384,-1.628274657887268,1.2059840925158085,-0.3314815511650164,4
2011-07-29,53.6,62.4248,12.084,26.31999969482422,Switzerland,-0.10714284679033514,-0.11398176423953166,53.6,-0.08658486264709075,-0.02666129681836482,0.02666129681836482,-0.010898192742413104,0.17651119691561043,0.061004812252783314,0.3456144047448138,1.2320048742369878,-1.5629671368025826,-1.2104728728158107,0.5394591364478033,-0.2504939997334006,3
2011-08-31,52.3,61.7211,11.673,24.670000076293945,Switzerland,-0.09363597319815686,-0.012971207694957188,52.3,-0.09152849226149729,-0.08408985696014815,0.08408985696014815,-0.06268995583821158,0.19469383484070946,0.06300482437486754,0.323609755935084,0.7380167966009858,-1.4547115811215676,-1.3868302475573575,1.5732890026234296,-0.1325590073636274,3
2011-09-30,50.5,63.5822,11.3047,21.65999984741211,Switzerland,0.044321375742576,0.15558637409852238,50.5,-0.06491814272520302,-0.07892678475402093,0.07892678475402093,-0.12201054801674782,0.22915635734527237,-0.040077846539631756,-0.17489301629649326,-0.020182467033543334,-1.35383281758606,-1.5042567155341484,1.6118560136224303,-0.31660399663283034,4
2011-10-31,48.7,61.8989,12.07,23.5,Switzerland,-0.007659587454288519,0.056170199779753904,48.7,-0.07123276160867142,-0.062028877387668824,0.062028877387668824,0.08494922278624717,0.24365195204711224,-0.14353503110735422,-0.5890986298340859,-0.3914312599098466,-1.0839151597550274,-1.3219616692411245,0.6900301200012762,-0.5268194922261805,4
2011-11-30,46.1,62.4033,11.8128,22.36000061035156,Switzerland,0.0889981984256698,-0.004919526267840757,46.1,-0.05813448041657221,-0.08568951772072542,0.08568951772072542,-0.04851061232546561,0.24635149747926577,-0.15619390742859895,-0.6340286502287045,-0.8656978335770324,-0.6533234820850368,-0.5156824249602906,0.029862974703114994,-0.5012101914798112,4
2011-12-30,46.1,63.8345,12.0681,22.6200008392334,Switzerland,0.10654287170635612,0.01282046849776064,46.1,-0.02089519731029743,-0.026287125118001686,0.026287125118001686,0.011627916895559975,0.21995672163632987,-0.2115655807782305,-0.9618509459693938,-0.8042440616120795,0.3027829951751067,-1.0206252575386103,-1.1213280505607202,-0.6608535936340758,4
2012-01-31,48.0,63.1844,12.295,23.31999969482422,Switzerland,0.06432247082459952,-0.0017152233577253373,48.0,0.012168240827363563,0.017461105594174242,-0.017461105594174242,0.03094601368788208,0.22296570646765737,-0.1499436181736129,-0.6724963248792846,-1.043479838912102,1.0550544230098706,-0.5010502256388608,-0.15354695766964424,-0.16075564980268411,4
2012-02-29,48.2,62.1582,12.8158,24.350000381469727,Switzerland,-0.08624231410968763,-0.023819298341671957,48.2,0.007081856933852437,0.0979011393814786,-0.0979011393814786,0.044168126077382075,0.22429332049426934,-0.11398176423953166,-0.5081817148560333,-1.1085860455685286,1.1185763478399386,1.1716132316107184,-0.4007620412603021,0.19521037315545658,3
2012-03-30,48.2,62.7985,12.931,25.030000686645508,Switzerland,-0.08469839317121963,-0.01757892616808332,48.2,-0.01232577671109214,0.14386051819154844,-0.14386051819154844,0.02792609012414049,0.22571934895384455,-0.012971207694957188,-0.05746608678022353,-1.0875299454679015,0.8680840892296536,1.4741485015767835,-0.8746675469347606,0.09500877460094373,3
2012-04-30,46.5,63.0776,12.5897,24.81999969482422,Switzerland,-0.062046697305151555,0.014907366792214605,46.5,0.019042341624810666,0.04305716652858327,-0.04305716652858327,-0.00838997147664211,0.19753829851956625,0.15558637409852238,0.7876263755664145,-0.8492237639654775,0.7368145293240659,0.9993897819788986,-0.15422582465167695,0.1831886806714525,2
2012-05-31,45.8,65.4642,11.5927,22.25,Switzerland,0.06831462731522131,0.17617977870984025,45.8,0.049050290609631286,-0.01863233103074624,0.01863233103074624,-0.10354551677775192,0.21649223484995883,0.056170199779753904,0.2594559560932196,-0.7156012933045234,0.9601262056354574,-0.18743792313505855,0.04004790775179176,0.0242837242369168,3
2012-06-29,45.8,65.3705,12.0199,22.90999984741211,Switzerland,0.07333043720493748,0.1697948239003524,45.8,0.024062223405838745,-0.003994000712622459,0.003994000712622459,0.029662914490431902,0.2157307152767033,-0.004919526267840757,-0.02280401407620983,-0.7259352358546372,0.2549364604459919,1.4301458622271914,0.4257335532967266,0.34622016002881817,3
2012-07-31,46.5,65.4212,12.6496,23.280000686645508,Switzerland,0.08204466456514203,0.2328178658260569,46.5,0.03540114332018662,0.02884099227328174,-0.02884099227328174,0.016150189511030977,0.21737437079785382,0.01282046849776064,0.058978749199844575,-0.09269795493186561,0.36819313898556566,-0.6858093156659747,-0.3950802076874603,-0.20134858482493373,3
2012-08-31,47.1,65.3159,12.6537,23.770000457763672,Switzerland,0.1009675882335288,0.2099284676070905,47.1,0.05080102062157521,-0.012648449570061837,0.012648449570061837,0.02104809951312636,0.21054295586236704,-0.0017152233577253373,-0.008146667033812269,-0.3521483737602515,0.4932448031367305,-0.38769999791537324,0.3092880129083227,0.015671111092357123,3
2012-09-28,47.1,65.4862,12.8364,24.59000015258789,Switzerland,0.08987389470349694,0.1939813106207593,47.1,0.04279879296480016,-0.0073157528420075835,0.0073157528420075835,0.0344972519576201,0.16617631193143745,-0.023819298341671957,-0.14333750740297777,-0.4434600701584933,0.5925699094554472,-0.2652888797739274,0.20581836597630204,0.02240983137483213,3
2012-10-31,47.1,65.5849,13.0333,25.190000534057617,Switzerland,0.13934101446866642,0.21079791001842607,47.1,0.03974945146930153,0.035235152545334714,-0.035235152545334714,0.02440017802954686,0.14698791115429896,-0.01757892616808332,-0.11959436684306667,-0.2552252908890768,1.0140976808045552,-0.2373355702509246,0.08770943890123648,0.15231156464144757,2
2012-11-30,49.1,65.4287,13.5091,26.170000076293945,Switzerland,0.09896828983711159,0.13603360548581733,49.1,-0.0005422811246451609,0.16531092842909767,-0.16531092842909767,0.038904308116680664,0.13683391280866483,0.014907366792214605,0.1089449719460965,1.2864639646913574,0.4550476455726301,-0.26195467084806445,0.520651679961665,0.500052154844397,2
2012-12-31,49.1,65.9483,13.4131,26.799999237060547,Switzerland,0.09552244202122573,0.0690298669453484,49.1,0.008838849328060672,0.1159077862544613,-0.1159077862544613,0.024073334311423444,0.13716911117726655,0.17617977870984025,1.2843983401055898,0.35771788508272606,0.6478238137411038,-0.00790039115449996,1.0792112903358295,0.5192131495012899,2
2013-01-31,52.5,66.195,14.4395,28.700000762939453,Switzerland,0.0627177417843452,0.04006967205433942,52.5,0.011827970138120314,0.14149854540855067,-0.14149854540855067,0.07089558134208751,0.14765630799828922,0.1697948239003524,1.1499327472167302,0.7820298865166716,0.3291589588812641,0.18049282638532146,1.0521788857259389,0.585965139377299,2
2013-02-28,49.9,67.4369,14.5923,28.76000022888184,Switzerland,0.0337273750220759,0.020514608758430697,49.9,0.03247295069041378,0.1532042011427488,-0.1532042011427488,0.0020905736706413602,0.14560056917132327,0.2328178658260569,1.5990175529609914,0.08284504325034132,0.3469788883528679,-0.17825562611001672,1.3401523687322803,0.3979301685563682,2
2013-03-29,49.9,68.0566,14.8418,29.36000061035156,Switzerland,-0.024182594586559913,0.06539509660694653,49.9,0.03925101777168338,0.15622760275466652,-0.15622760275466652,0.02086232186003878,0.1450767738064274,0.2099284676070905,1.4470163769094648,0.3984861462977168,0.19470606486577996,-0.13541168360337297,1.6342159689749798,0.5229991241337759,1
2013-04-30,49.4,67.7246,15.0735,30.5,Switzerland,-0.02131146290263186,0.05606554375320183,49.4,0.03262488774092809,0.15653748475060025,-0.15653748475060025,0.03882831627893446,0.14473230232744455,0.1939813106207593,1.3402765485060346,-0.18595622822437533,-0.14581659830069837,0.09023999155640892,1.240104767076784,0.2496429830270298,3
2013-05-31,52.4,69.5446,14.7584,29.729999542236328,Switzerland,-0.012781673952828365,0.0857719231861358,52.4,0.06290664494327403,0.09247840344656555,-0.09247840344656555,-0.025245916647989253,0.07929307434206538,0.21079791001842607,2.6584655944736992,0.8828565227358002,-0.1037632824497728,0.4815094942431922,1.3310297834344316,0.6479081294909128,1
2013-06-28,52.4,69.9093,14.1975,28.649999618530277,Switzerland,0.09179759522280051,0.15148349451039733,52.4,0.060062200238671704,0.058480142547211234,-0.058480142547211234,-0.036326940475452596,0.09962283383512341,0.13603360548581733,1.3654862068163414,0.8470273854938632,-0.14034780940029784,-0.3463940094376072,0.24447136646745607,0.15118923328085357,3
2013-07-31,55.5,69.8115,14.4996,29.850000381469727,Switzerland,0.07906193208854928,0.0720267869699911,55.5,0.05463403580330839,0.0041621939817859666,-0.0041621939817859666,0.04188484394126535,0.10206263618216106,0.0690298669453484,0.6763480694555462,1.0738484696091262,-0.15384042302324183,0.49455662009078677,0.0650858964609074,0.3699126407843946,2
2013-08-30,55.5,69.9577,14.326,29.350000381469727,Switzerland,0.0998295863626979,0.16592847618182982,55.5,0.03738012868325802,-0.01824935068495026,0.01824935068495026,-0.01675041854640613,0.10894231342270033,0.04006967205433942,0.367806326077064,1.0482721006486766,-0.17887475342959658,0.4338682656095212,-0.38981405251386886,0.2283628900786831,3
2013-09-30,56.5,69.585,14.915,31.280000686645508,Switzerland,0.05466754968938825,0.09782606773563152,56.5,0.022457777790838573,0.0049320163322508215,-0.0049320163322508215,0.06575810153632222,0.11814761617422771,0.020514608758430697,0.1736354013963227,0.8356570225561216,-0.20880157858773357,0.4609796301625171,-0.8712353484410352,0.05414993142246746,3
2013-10-31,55.1,69.2702,15.3881,32.209999084472656,Switzerland,-0.006519686136032488,0.08755044318469563,55.1,0.022821840217587264,0.02087106511427339,-0.02087106511427339,0.029731405927500454,0.11844566869026912,0.06539509660694653,0.5521104936133393,0.4488856778880363,-0.1967164540477962,0.15438403734710096,-1.0856496802285562,-0.1697741047603038,3
2013-11-29,55.1,69.3443,15.4315,32.279998779296875,Switzerland,0.06009921049471956,0.0923172135975292,55.1,-0.0028801661092305864,0.04560792497831745,-0.04560792497831745,0.002173228712010866,0.11815987554230684,0.05606554375320183,0.47448885246267636,0.33531299777696855,-0.1517087825934643,0.4799795244336433,-0.47258331221546557,0.0477501068504205,3
2013-12-31,53.6,69.2095,15.3768,32.9900016784668,Switzerland,0.040921443026244564,0.040315184864799125,53.6,-0.01001011310369282,0.08306391970417315,-0.08306391970417315,0.021995134015472484,0.11806474116006245,0.0857719231861358,0.7264821177209315,-0.7604354781521343,-0.22087176877165057,0.62599407760181,-0.6340374562524875,-0.2473376563936156,3
2014-01-31,56.3,69.6095,15.2629,32.0,Switzerland,0.09468746185302734,0.02499997615814209,56.3,-0.0028935060842411042,0.052642831526386935,-0.052642831526386935,-0.030009143015988116,0.11168650637549497,0.15148349451039733,1.3563276301355789,0.6411874105498325,-0.022046766389694505,0.06873049188859671,0.23935020105915317,0.23180533427697197,2
2014-02-28,56.8,67.5596,16.287,34.220001220703125,Switzerland,0.030391498063444766,-0.0172413831543331,56.8,-0.03427928591134355,0.1368839871562193,-0.1368839871562193,0.06937503814697266,0.12610005215032105,0.0720267869699911,0.5711876065216022,1.0860648633727488,-0.4491093185904754,-0.24811788559283873,0.5306728964392879,0.22987763890718063,3
2014-03-31,54.1,67.7168,16.2243,34.34000015258789,Switzerland,-0.0005824245100407577,-0.05329067626450712,54.1,-0.026847740173887913,0.08778410995641983,-0.08778410995641983,0.0035066898773856714,0.12644222212296694,0.16592847618182982,1.3122869354546927,-0.23754447786665295,-0.5440865403067056,-0.3551171057930561,0.6501636642667238,-0.12164611492492275,3
2014-04-30,55.0,67.339,16.3586,35.029998779296875,Switzerland,-0.06365970939040633,-0.07593491122198381,55.0,-0.027879232339447557,0.06306821504929139,-0.06306821504929139,0.02009314570888221,0.12374672152772892,0.09782606773563152,0.7905346220724793,0.18641092980036036,-0.5291686634574062,-0.5036271149228287,0.47666297432011934,-0.09243046856493882,3
2014-05-30,55.0,67.9993,16.5483,35.2599983215332,Switzerland,-0.04622794472518543,-0.05870674399777476,55.0,-0.019395970541198015,0.07237144801218287,-0.07237144801218287,0.006565787903260123,0.11716422730830861,0.08755044318469563,0.7472455133793816,0.2526402752660956,-0.6814460412091464,-0.739486164965918,0.7513231842193223,-0.10424218667241161,3
2014-06-30,53.9,68.2831,16.2567,34.31999969482422,Switzerland,-0.05273896822219326,-0.0766316778599282,53.9,-0.013385445639688243,0.05722256906508494,-0.05722256906508494,-0.02665906612181912,0.11287948423742777,0.0923172135975292,0.8178387261528549,0.03546983091377539,-0.3124733304567103,-0.918533918634008,0.9124201883783796,-0.07077930744964084,2
2014-07-31,53.7,68.8226,15.8806,32.79999923706055,Switzerland,-0.013109765706638354,-0.03201217260621636,53.7,-0.0113044914846393,0.040470683815002406,-0.040470683815002406,-0.04428905802096794,0.12342218362067728,0.040315184864799125,0.32664456001445275,0.22504719998515896,-0.5752359272194753,-0.11357732701662678,0.3900220916904005,-0.018435990640135638,2
2014-08-29,53.7,69.3835,16.2106,33.630001068115234,Switzerland,-0.013083628529034441,-0.009218000697149287,53.7,0.026996903474857614,-0.004690857739301224,0.004690857739301224,0.02530493446222004,0.12119684525904918,0.02499997615814209,0.20627579954500064,0.0931167403739639,0.18237882672154818,0.613233384817406,-0.46548973503251,0.105809804220102,2
2014-09-30,51.7,70.7171,16.1544,32.5099983215332,Switzerland,-0.02522294155064464,0.021531860937556546,51.7,0.0443065827091651,-0.004308352286385264,0.004308352286385264,-0.03330367859083749,0.11346691994479709,-0.0172413831543331,-0.1519507461974047,-0.24455799402225908,0.7212498921802597,0.3863995335029632,-0.4065077325690819,0.11414592477297048,2
2014-10-31,54.7,70.8891,16.1119,32.369998931884766,Switzerland,-0.019153504860763504,0.06703744378270904,54.7,0.05271982060915659,-0.015080752631643324,0.015080752631643324,-0.004306348719670949,0.11000287168471788,-0.05329067626450712,-0.4844480462041475,0.6430412970444778,1.1260715026225294,0.3876142749589221,-0.6050247752799727,0.3879255748364891,2
2014-11-28,54.7,71.6422,16.4886,33.189998626708984,Switzerland,0.00391687476632252,0.06658641128690701,54.7,0.053572610306282575,-0.003607621326661925,0.003607621326661925,0.02533208902940398,0.11270663964227384,-0.07593491122198381,-0.6737394661308158,0.624249088500384,0.6732066816144625,0.5861848942842137,-0.5315459553597626,0.33802367725982435,2
2014-12-31,52.4,72.6717,15.9804,31.690000534057617,Switzerland,0.04796461106971206,0.033449020135016605,52.4,0.06427066140816673,-0.01699606931296016,0.01699606931296016,-0.045194280045684376,0.12001399570585888,-0.05870674399777476,-0.4891658148076207,-0.09564190694860508,0.5986798685427154,0.6856396664268177,-0.3385052680630929,0.21254308998945876,3
2015-01-30,52.4,65.2163,16.5985,31.75,Switzerland,0.08787404458353842,0.07401569997231783,52.4,-0.05239993839233026,0.04520610052516916,-0.04520610052516916,0.0018933248637185152,0.1163061920652999,-0.0766316778599282,-0.6588787449674518,0.15311526261901648,-0.49024077521541676,0.3763397726770168,-0.14982049030720238,-0.027651557556646465,3
2015-02-27,49.3,64.4831,18.0865,33.31999969482422,Switzerland,0.06242502551336404,-0.04501800761519825,49.3,-0.07062774290717544,0.11572057789347712,-0.11572057789347712,0.04944880928580209,0.10441257148558526,-0.03201217260621636,-0.30659308693145076,-1.5542243669752531,-0.49203374459112453,0.34625757631432147,0.10042466093447477,-0.3998939685793954,4
2015-03-31,47.9,65.5335,18.0093,33.209999084472656,Switzerland,-0.013851222437634148,-0.07889187004253029,47.9,-0.07330051713093433,0.11482320606150642,-0.11482320606150642,-0.003301338876322113,0.10425689392282739,-0.009218000697149287,-0.08841622218260788,-1.4833695453299347,-0.5019659971805269,0.2151466252444211,-0.27490271568801633,-0.5112729082385141,4
2015-04-30,48.0,64.9069,18.0514,34.540000915527344,Switzerland,-0.012738923848969796,-0.08019688431792793,48.0,-0.08438814994124633,0.12037686430526517,-0.12037686430526517,0.04004823449924544,0.1106599572196227,0.021531860937556546,0.1945768051836769,-1.5261319842600338,-0.6152150019055233,0.39572806370308233,0.0663490770053223,-0.4198174613642881,4
2015-05-29,48.0,66.233,17.9691,35.400001525878906,Switzerland,-0.1011299908684341,-0.12740118479750517,48.0,-0.07550298567045677,0.08978930897711135,-0.08978930897711135,0.024898685221659944,0.11345725108186061,0.06703744378270904,0.5908608144784049,-1.484605798298502,-0.6892215040106875,0.3852971817380453,0.81590306803548,-0.24315676313391604,4
2015-06-30,50.3,66.1191,17.0954,32.75,Switzerland,-0.06595419381411016,-0.0522137125029819,50.3,-0.09016714897270872,0.06977297189056597,-0.06977297189056597,-0.07485879693936293,0.1344835580196824,0.06658641128690701,0.49512678179708575,-0.9930352361170126,-1.0723374971542394,-0.030444440313217216,0.19941558226400732,-0.4741003978301155,5
2015-07-31,50.0,66.6159,18.2197,34.099998474121094,Switzerland,-0.0683283906339669,-0.14486800140058687,50.0,0.02146089244560012,0.09767147633822315,-0.09767147633822315,0.04122132745407914,0.13315711390624566,0.033449020135016605,0.2511996479479697,-1.5441493331671552,-0.07964818263077676,-0.9503152244514927,-0.2544405891083816,-0.7071383323394516,5
2015-08-31,51.2,67.1613,16.9459,31.81999969482422,Switzerland,-0.02922691119092158,-0.1096794407476328,51.2,0.041533363005190616,-0.06306361098056557,0.06306361098056557,-0.0668621372821232,0.1480798669194893,0.07401569997231783,0.4998363485331872,-0.2571297386132851,0.25306780256023176,-0.8576065957241565,-0.03504447750972158,-0.22417825232173288,3
2015-09-30,48.2,67.3685,16.306,30.59000015258789,Switzerland,0.014710714635331135,-0.02811378247995222,48.2,0.028000946081012,-0.09457891200657431,0.09457891200657431,-0.03865491998846238,0.14933636632738012,-0.04501800761519825,-0.30145374982881457,-1.5706079784088474,0.27781186425293997,-0.5559758724943474,0.6285034216343286,-0.3050671412539816,3
2015-10-30,48.2,66.9174,17.2955,31.770000457763672,Switzerland,-0.08215299253210284,-0.03651242778401165,48.2,0.030975135155122402,-0.04187486843125743,0.04187486843125743,0.038574707397507346,0.15533731490340427,-0.07889187004253029,-0.5078745573244188,-1.3182873389663492,0.43675364669451644,-0.3599676220729595,0.63103110568636,-0.1526175521646081,3
2015-11-30,48.5,67.2004,17.3816,30.88999938964844,Switzerland,-0.0828747010853057,-0.011330478505557573,48.5,0.014606012108767441,-0.032695015331875354,0.032695015331875354,-0.027699120410310973,0.1547225916643273,-0.08019688431792793,-0.5183269195226262,-1.2298315233451775,0.26161266445112746,-0.23717089811212896,-0.835683729838934,-0.5102683717112783,5
2015-12-31,49.7,66.3142,17.3171,31.040000915527344,Switzerland,-0.0422036512452455,-0.04478096829893252,49.7,0.0029507358690605834,0.012968400856370632,-0.012968400856370632,0.004855989926926707,0.14852369829990564,-0.12740118479750517,-0.8577835473787561,-0.7174808265256645,0.20551048920362333,-0.7579506855435056,-1.3509129337466224,-0.6552084891530423,4
2016-01-29,49.7,65.3026,16.6482,29.15999984741211,Switzerland,0.04972567800161132,0.03600820447719344,49.7,-0.019714512601345935,-0.08625279230722793,0.08625279230722793,-0.06056704293377735,0.1599501876702563,-0.0522137125029819,-0.3264373319187506,-0.5031751899397379,0.2609155760577585,0.042378408565956864,0.13717323315778857,-0.01567699303955848,3
2016-02-29,50.8,61.617,16.7434,28.32999992370605,Switzerland,0.07800921276995854,0.06530181385287204,50.8,-0.08255200539596463,-0.01194979316530842,0.01194979316530842,-0.028463646366572948,0.14905011952273467,-0.14486800140058687,-0.9719415312410407,0.48182397287392,-0.6549838866097705,-0.006895535443247344,-0.5780946827854604,-0.18953753299113957,4
2016-03-31,52.9,60.803,16.9344,29.729999542236328,Switzerland,-0.002690882103526415,0.027581557600069084,52.9,-0.09745652641813307,0.038537961486569294,-0.038537961486569294,0.04941756520651386,0.16143427332701538,-0.1096794407476328,-0.6794061662820294,1.2713945914444855,-0.9127240335857658,0.4528007238471789,-0.4374082798700071,0.0935157504589729,3
2016-04-29,52.9,61.0468,17.1636,30.61000061035156,Switzerland,-0.013067674547632357,-0.052270511256658936,52.9,-0.08772905103904216,-0.007626261166199355,0.007626261166199355,0.029599767294481216,0.15833788934099358,-0.02811378247995222,-0.17755562232743227,1.2295243178586044,-1.131649306082216,-0.1299007926125338,-0.6430751227438655,-0.1687752258950027,4
2016-05-31,56.0,61.5551,17.5425,30.540000915527344,Switzerland,-0.011787838885378932,-0.07170924912920229,56.0,-0.08400694043487833,0.009256915358770268,-0.009256915358770268,-0.0022868243524485354,0.1542615331375687,-0.03651242778401165,-0.23669172113990514,1.5308392961867252,-0.7663097854107437,-0.4202170367305862,0.25759940947029986,0.15047797087892378,3
2016-06-30,51.6,60.9258,17.2603,29.649999618530277,Switzerland,0.0303541190593406,-0.00640811252958251,51.6,-0.0812555983484683,-0.0032799949183176524,0.0032799949183176524,-0.029142150305063286,0.13981401056982004,-0.011330478505557573,-0.0810396501708202,0.030007502813673537,-0.6690002394233752,-0.20098096641335508,0.7040447748483591,-0.0339822320436744,3
2016-07-29,51.6,60.7648,17.5671,30.209999084472656,Switzerland,-0.03972190969736222,0.017212859103691303,51.6,-0.06948881055271916,0.055195156233106335,-0.055195156233106335,0.018886997407999928,0.13293829454484618,-0.04478096829893252,-0.33685529404641074,-0.01948786496983054,-0.5737962329309183,0.073424765908836,-0.41445507712227847,-0.23357860227854785,4
2016-08-31,51.9,61.3071,17.5878,30.18000030517578,Switzerland,-0.060636179761476505,0.028495712447162314,51.9,-0.0050294561565801255,0.05043181193783819,-0.05043181193783819,-0.0009930082822244835,0.1172505556181553,0.03600820447719344,0.30710476626191663,0.4175877196504757,-0.18067970482235307,0.35516716342170573,-0.13662829249030115,0.1138617214398818,4
2016-09-30,54.9,61.6017,17.3985,30.549999237060547,Switzerland,-0.035679220288346136,0.04680852179665629,54.9,0.013135865006660863,0.027405753968253954,-0.027405753968253954,0.012259739169761197,0.11169669915829061,0.06530181385287204,0.5846351265969801,0.9488957478302662,-0.20458025278965614,-0.44227020804593803,-0.3301510950542298,-0.0070264520148894255,3
2016-10-31,55.0,61.9275,16.6974,29.01000022888184,Switzerland,0.05928987589741852,0.14581183785630047,55.0,0.0144266366132213,-0.027162133818080192,0.027162133818080192,-0.05040913409616443,0.11391668938430521,0.027581557600069084,0.24212042808776632,1.204648803519086,-0.44702149844337136,0.23753712286244513,-0.29042089820690603,0.17618588243281347,2
2016-11-30,55.3,62.7048,16.5694,28.350000381469727,Switzerland,0.0948853791132882,0.23209875961789783,55.3,0.0186775750506456,-0.05547099900242258,0.05547099900242258,-0.022750770155286926,0.11304206701110439,-0.052270511256658936,-0.4623987568408872,1.3712665685263046,-0.6021130385081428,0.47224011901681456,-0.7160016166208423,0.13134800810353353,2
2016-12-30,55.3,64.0603,16.8639,29.459999084472656,Switzerland,0.08553973306441409,0.16463008959747816,55.3,0.05144782670067527,-0.022965997114766212,0.022965997114766212,0.03915339287714614,0.12171494639001776,-0.07170924912920229,-0.5891572995433156,1.1474318764059297,-0.48513284640479,0.5410082131604141,-0.9529496396382603,0.0625894008808234,3
2017-01-31,54.8,63.5203,17.1712,30.729999542236328,Switzerland,0.08167921163749581,0.12170523052974391,54.8,0.04534697719732472,-0.022536445970023578,0.022536445970023578,0.04310931762496373,0.11276832499813526,-0.00640811252958251,-0.0568254652154182,0.050655011101365444,-0.741716435943583,0.13236818566905764,-1.0863092825458265,-0.41125063042974663,4
2017-02-28,57.1,63.4448,17.7201,31.040000915527344,Switzerland,0.12532214158867871,0.10534794978462436,57.1,0.03486871830505778,0.0075222597482345055,-0.0075222597482345055,0.010087906863289753,0.106768691815848,0.017212859103691303,0.16121635294904255,0.8049493429589737,-1.0432176441602443,-0.24868622139458613,-0.7769907704729171,-0.31598632326719345,5
2017-03-31,58.5,63.9191,17.8662,31.979999542236328,Switzerland,0.0728580945718098,0.095372085075623,58.5,0.037619091680911376,0.026881627726528246,-0.026881627726528246,0.03028346001880311,0.10019904111442127,0.028495712447162314,0.28439106931793817,1.2606592501411484,-1.1842202792568348,-0.3318262900609304,-0.4700138228126739,-0.18135028549732268,3
2017-04-28,58.5,64.2836,18.1379,33.2400016784668,Switzerland,0.03700359446832202,0.038808575080961916,58.5,0.038046102297041084,0.08627091643010298,-0.08627091643010298,0.039399692128399444,0.1031026492910049,0.04680852179665629,0.4539992145550042,1.3497410669707355,-1.288725430504759,-1.0422202457460115,-0.40883613943340275,-0.34751018717835946,5
2017-05-31,56.4,64.7658,18.3767,34.93000030517578,Switzerland,-0.017749754551044106,0.0014314124427057262,56.4,0.03286829716385342,0.10907455912706543,-0.10907455912706543,0.05084231472237799,0.11109270173894566,0.14581183785630047,1.3125240053927265,0.3304002295207147,-1.264979565962054,-1.1465520216543568,0.2339857871170945,-0.46178639274465044,5
2017-06-30,60.3,66.1103,17.7862,34.310001373291016,Switzerland,0.020985059084443813,0.03701545925184124,60.3,0.032001098964569374,0.05469078920060011,-0.05469078920060011,-0.017749754551044106,0.10703045412703262,0.23209875961789783,2.1685300834323638,1.3877190609556875,-0.7251280026799304,-1.2309148838570745,0.8755643706143961,0.07681013625826968,2
2017-07-31,60.7,66.5146,17.9636,34.470001220703125,Switzerland,0.001740573149667135,0.07832889041560387,60.7,0.04713926099215526,0.0461470368989938,-0.0461470368989938,0.004663358816903607,0.10707522013338464,0.16463008959747816,1.5375181054252969,1.4384350978087017,-0.2156850955394375,-0.7845507613550694,0.27980008997405487,0.17949983272206244,2
2017-08-31,61.6,67.5285,17.4706,34.310001373291016,Switzerland,0.019527780301019648,0.017778979050964372,61.6,0.06436618919123394,-0.014080055981625206,0.014080055981625206,-0.004641712844385193,0.10760019342146561,0.12170523052974391,1.1310874698247935,1.2647453732821352,0.232524788825029,-0.0004913514502640214,-0.6480912588546653,0.21217188795055872,3
2017-09-29,61.6,67.7445,17.8689,35.029998779296875,Switzerland,0.015700915527375736,-0.01884098973483772,61.6,0.059847526013351304,0.00015112335023670376,-0.00015112335023670376,0.020985059084443813,0.1080478995097143,0.10534794978462436,0.9750115482360933,1.1056450102456084,0.2925027081474259,0.392291200592393,-0.22264781135413647,0.3919477769078227,2
2017-10-31,61.7,68.6747,17.8532,34.529998779296875,Switzerland,0.07645524132573378,-0.014190497569994687,61.7,0.06830824658233192,-0.015696414689682747,0.015696414689682747,-0.014273480371786551,0.08981344869513835,0.095372085075623,1.061890913457213,1.2433297601327546,0.4700525960428898,1.529327302146718,-0.6978541372164438,0.6362138802764796,1
2017-11-30,64.2,69.0075,17.8757,34.97999954223633,Switzerland,-0.0017153051479765757,-0.04888505165381529,64.2,0.06549289903004363,-0.027262783851289996,0.027262783851289996,0.013032168515721532,0.08003373932431751,0.038808575080961916,0.48490268490017047,1.4136351693452054,0.5622266667961477,0.8140141156431737,-1.2001602039608843,0.3974289369559107,1
2017-12-29,64.2,69.488,17.857,35.58000183105469,Switzerland,-0.034007949322639286,-0.08431702770126226,64.2,0.0510918873458448,0.003980614184030173,-0.003980614184030173,0.017152724318760804,0.07661332710493365,0.0014314124427057262,0.018683595880716525,1.3188927892035551,-0.03974433633421272,1.1558584143289836,-0.9432393542017776,0.3729418782491371,1
2018-01-31,65.0,69.7306,17.701,37.16999816894531,Switzerland,-0.08420762463294951,-0.0664513728189926,65.0,0.04835028700465749,-0.014618450644636849,0.014618450644636849,0.04468792175560976,0.0772347640677782,0.03701545925184124,0.47925904479177184,1.4993175835606916,-0.4142408911195898,0.8077499983246341,-1.0942401966817554,0.1996466235209951,2
2018-02-28,63.9,70.4416,16.6819,34.91999816894531,Switzerland,-0.047250796039531306,-0.004295467326657421,63.9,0.04313882286738191,-0.045144414044165804,0.045144414044165804,-0.0605326906332706,0.10906480308485571,0.07832889041560387,0.7181866945164851,1.329691827884516,-0.5811070627274556,0.4535904566266798,-0.8608063679268277,0.08534221346422813,2
2018-03-30,63.9,71.4982,16.1894,34.369998931884766,Switzerland,-0.0520802198562047,0.00931043656586672,63.9,0.0554096642531865,-0.09399011690702841,0.09399011690702841,-0.015750265346510472,0.10958666239831776,0.017778979050964372,0.1622367052875706,1.5098931636018658,-0.4369957215745238,1.3774220533291432,-0.8537998373291625,0.39912991450683066,2
2018-04-30,63.4,72.4903,16.2855,34.040000915527344,Switzerland,0.01938894916747924,-0.027614642071806417,63.4,0.05556049025332488,-0.08781058857795809,0.08781058857795809,-0.009601339150793087,0.10436159356963147,-0.01884098973483772,-0.18053566537642757,1.5537971921347102,-0.46901461429533375,0.5344928829510797,-0.8919935879207201,0.18182046821743397,3
2018-05-31,63.1,72.6862,15.5305,33.27000045776367,Switzerland,0.045085662138906635,-0.0018034677627127849,63.1,0.053308698329891824,-0.1311948622990987,0.1311948622990987,-0.022620459372914903,0.09232475941275665,-0.014190497569994687,-0.15370197182484036,1.4899495585443077,-0.6237576682544567,1.1658449551367247,-1.5457058232451473,0.12158275554535708,2
2018-06-29,63.1,73.1408,15.7344,32.58000183105469,Switzerland,0.06476355669332978,-0.03253533805147424,63.1,0.05256734975823152,-0.11886655093240739,0.11886655093240739,-0.020739363306740533,0.09286714918681327,-0.04888505165381529,-0.5263976775627862,1.4024273000682372,-0.711812849448137,1.0020459377504762,-1.4656254734620806,0.05675872872712395,3
2018-07-31,62.8,73.8635,16.5474,34.70000076293945,Switzerland,-0.04610957503283997,-0.03976948235658584,62.8,0.05926953159731885,-0.065171459239591,0.065171459239591,0.06507055901586911,0.11580661241113344,-0.08431702770126226,-0.7280847435716561,1.5358555740357591,-0.48948471751214123,-0.39724273462133686,-1.2284181809787669,-0.14482251476912147,4
2018-08-31,64.7,74.0891,16.2159,34.77000045776367,Switzerland,-0.044866302926455326,-0.0057521069975940975,64.7,0.051780481987916405,-0.027934467896342574,0.027934467896342574,0.00201728222723796,0.11564002616316783,-0.0664513728189926,-0.574639897825947,1.4326393739409975,-0.0017883409997589616,-0.15644322004138797,-0.29897420019833904,0.24385840317537788,3
2018-09-28,64.7,74.881,16.206,34.689998626708984,Switzerland,-0.09138075221786335,0.01960220040632188,64.7,0.047313079210385744,0.0010253622740805657,-0.0010253622740805657,-0.0023008866839638875,0.11371431409589744,-0.004295467326657421,-0.0377742007310968,1.526018133340356,-0.2685462203561336,0.0969199102207869,0.1150116804030602,0.3673508759020173,2
2018-10-31,57.9,75.4318,15.9135,33.099998474121094,Switzerland,0.006646562865407102,0.0936556625898961,57.9,0.04057784282862653,-0.022842405821129064,0.022842405821129064,-0.04583454066105663,0.12201551956637559,0.00931043656586672,0.07630534704892117,1.0453584594066232,-0.38751890497843855,-1.0994230456014091,0.005538846607516368,-0.10901116114142703,3
2018-11-30,57.2,74.9471,15.9502,33.209999084472656,Switzerland,0.04095154013380964,0.08280638590218348,57.2,0.031104941515721185,0.02702424261936187,-0.02702424261936187,0.003323281432703551,0.12101018743073047,-0.027614642071806417,-0.22820096934081513,0.8365343622808937,-0.37741058421409024,-1.2939655574826778,0.6261124569911086,-0.05218233060619143,3
2018-12-31,56.1,75.0983,14.8503,31.520000457763672,Switzerland,0.12214461986699643,0.19162439174519852,56.1,0.026763448034475834,-0.05618898718730936,0.05618898718730936,-0.0508882467117906,0.12715496748294625,-0.0018034677627127849,-0.014183226958511567,1.2002488018463637,0.2793126911112681,-1.5572912998073565,0.8746638818114433,0.1992335187404297,3
2019-01-31,54.5,74.239,16.051,33.31999969482422,Switzerland,0.08643460667746039,0.11554617375098997,54.5,0.005083701692987663,-0.029998670485997914,0.029998670485997914,0.05710657395048324,0.1333752847034283,-0.03253533805147424,-0.2439382837968776,0.7282948954923936,1.0212462897180379,-1.1882336864945067,1.388529638462219,0.48745928429453594,1
2019-02-28,54.2,74.7794,16.6732,34.56999969482422,Switzerland,0.040208255768557244,0.08388780883654712,54.2,0.009317160014091108,0.02820071658063994,-0.02820071658063994,0.03751500634599858,0.12747190057264557,-0.03976948235658584,-0.31198626660407736,0.9268697725029678,1.2701329152423042,-1.7514363535766095,0.8049908266875029,0.31263929021404124,2
2019-03-29,54.2,74.6982,16.9398,35.369998931884766,Switzerland,0.06191694960533467,0.06587508909858286,54.2,-0.002441206714653976,0.045279526101444034,-0.045279526101444034,0.02314143026099935,0.12823523722868255,-0.0057521069975940975,-0.04485590015587008,0.8459044708693467,0.8367478636931568,-1.4866284370656877,1.3842233512391124,0.39506181218398206,2
2019-04-30,49.1,75.6459,17.2313,36.20000076293945,Switzerland,0.026795507888467185,0.06574588447389784,49.1,0.002838325480765347,0.0828101926037641,-0.0828101926037641,0.023466266783131573,0.1289474674175898,0.01960220040632188,0.15201694766785262,-0.6748675304363365,1.0718400039868627,-0.14155857056380983,1.4382004604448848,0.4234035908579003,1
2019-05-31,48.9,75.3008,16.9504,35.959999084472656,Switzerland,0.04199116169840167,0.08175757831639463,48.9,0.0047193286998428174,0.06270767764667506,-0.06270767764667506,-0.0066298804809005185,0.12606584495924594,0.0936556625898961,0.7429106798925016,-0.4302241157558622,0.7588776291678174,-1.254574547089052,1.2502964993227628,0.08109386641141653,2
2019-06-28,48.9,74.7668,17.7092,37.560001373291016,Switzerland,0.0037273531557426853,0.0820020741146088,48.9,-0.004414214436278763,0.19251462933408736,-0.19251462933408736,0.04449394687301966,0.12722075148184966,0.08280638590218348,0.6508874137093688,-0.4038298195291269,0.48621271473940775,-1.3586063616039599,1.6061072327108192,0.08247094157928503,3
2019-07-31,45.7,75.5803,17.6682,37.16999816894531,Switzerland,0.0379339179867757,0.09604529688957975,45.7,0.01806732310510628,0.10075384711232949,-0.10075384711232949,-0.010383471514541442,0.11502388507758285,0.19162439174519852,1.6659530463255448,-1.127473283975151,0.29808960747388147,-1.0839540944545714,1.6682782494959383,-0.06126488036497563,3
2019-08-30,45.7,76.1816,17.5659,37.470001220703125,Switzerland,0.03816387132610144,0.0109420825741946,45.7,0.018751153392511988,0.05354101192332594,-0.05354101192332594,0.008071107520485565,0.11494001166322917,0.11554617375098997,1.0052737256503577,-1.2780135228025213,0.2516987622119932,-1.2633984259361428,1.5343365994101106,-0.18884414677914008,3
2019-09-30,44.7,76.5929,17.714,37.70000076293945,Switzerland,0.07798404687564653,-0.06206896830856834,44.7,0.02536473435772213,0.045703018925843164,-0.045703018925843164,0.0061382315116991215,0.1145235818269811,0.08388780883654712,0.7324937580391293,-1.3335125327607047,0.6436001219739028,-0.4216508848235207,1.4737102986194492,0.09053675075228168,3
2019-10-31,49.7,76.7219,17.8212,38.58000183105469,Switzerland,0.05598755170803105,-0.04406429969557568,49.7,0.014224168130724912,0.03423421332110754,-0.03423421332110754,0.023342202925903166,0.09928380501619553,0.06587508909858286,0.6635028652239615,0.8847224496697517,0.9272804721372333,-0.026887603366765694,1.3181086664934505,0.7758059962334174,1
2019-11-29,49.7,77.699,18.0413,38.900001525878906,Switzerland,-0.026221090430680327,-0.015167098443309435,49.7,0.03184826721628453,0.06435836322446686,-0.06435836322446686,0.00829444478062813,0.09886654563089751,0.06574588447389784,0.6649962740616995,0.8847224496697517,1.3509215251960311,1.1087946727202471,1.3179486300519887,1.1655968194095045,1
2019-12-31,48.7,77.5258,18.2929,40.63999938964844,Switzerland,-0.12992123175675452,-0.04133859080725533,48.7,0.03690140543663767,0.03296026923858797,-0.03296026923858797,0.04473002045030694,0.07386251678620286,0.08175757831639463,1.10688860701896,1.0031839971403342,1.390587369553297,1.2244596923816755,0.659098364301002,1.069332355844077,1
2020-01-31,48.3,77.7484,18.3098,40.7400016784668,Switzerland,-0.09474718829949813,-0.005154710125623629,48.3,0.02868604649624329,0.036313829365753225,-0.036313829365753225,0.0024606862775651273,0.06487943822759235,0.0820020741146088,1.263914675508618,-0.6883339674281274,1.0126964108797585,0.7348945765175429,1.41356730370023,0.6182060809173511,1
2020-02-28,48.3,77.3749,16.9993,37.880001068115234,Switzerland,0.011351644483920786,0.10163670447627715,48.3,0.015663887342875382,-0.03225567719274258,0.03225567719274258,-0.07020128847621576,0.1048965820471338,0.09604529688957975,0.9156189364342029,-0.7247261300145267,1.0598313996227817,1.0424775788653757,1.5755036193273724,0.7382716169502508,1
2020-03-31,42.8,71.9573,17.2722,35.36000061035156,Switzerland,0.10180990984109894,0.1614818717735278,42.8,-0.06052258107474706,-0.024940724850400664,0.024940724850400664,-0.06652588138084381,0.12687136479717537,0.0109420825741946,0.0862454864554134,-1.1704739452043953,1.186274661426417,-0.5929567890736105,1.200047798196963,0.15572293133634357,2
2020-04-30,40.5,69.1212,18.6176,36.880001068115234,Switzerland,0.09896956630885967,0.055585661000234765,40.5,-0.09906819304527137,0.04468834870827987,-0.04468834870827987,0.042986437543179656,0.13210239281633823,-0.06206896830856834,-0.4698549888862554,0.5298845326719933,1.498602270481372,1.6258291734759882,1.250738447890304,1.2262636061299144,1
2020-05-29,40.5,68.675,19.1321,38.310001373291016,Switzerland,0.08927167962279614,0.11015393512744609,40.5,-0.11614049086860834,0.06046127496355602,-0.06046127496355602,0.03877441062256626,0.13650919668417835,-0.04406429969557568,-0.32279363417192247,0.42125394958183915,1.5147011556709304,1.7221582160876387,0.8334242044704993,1.122884381452727,1
2020-06-30,41.4,69.062,19.3384,38.959999084472656,Switzerland,0.05415812782173535,0.14681728324225785,41.4,-0.10917397821112462,0.05715332178058152,-0.05715332178058152,0.01696678903370663,0.13069618439154673,-0.015167098443309435,-0.1160485175134954,-0.9066602476672118,1.4581679066920321,1.5114833705099409,0.9665129107762571,0.7573759850777546,1
2020-07-31,50.1,69.0168,19.333,40.52999877929688,Switzerland,-0.039476894209490965,0.08635578843855862,50.1,-0.11230584809462318,0.05588264208238214,-0.05588264208238214,0.0402977343870099,0.13450066558725723,-0.04133859080725533,-0.3073485965795235,-0.21341517463121173,1.299387817637665,1.6054890822992054,0.5886587380064833,0.8200301158280354,1
2020-08-31,51.4,69.4191,19.5005,41.72999954223633,Switzerland,0.019170842219896178,0.0359453634424749,51.4,-0.10282145760446859,0.14713547028407037,-0.14713547028407037,0.029607717717287985,0.13623582595453324,-0.005154710125623629,-0.03783667100417434,-0.23222103426974858,1.2048586650665793,1.594256614333235,0.7068708031885335,0.8184412620796498,1
2020-09-30,52.7,71.0875,19.129,41.06999969482422,Switzerland,0.08789872503472429,0.07645481891844641,52.7,-0.012087724247574538,0.10750222901541195,-0.10750222901541195,-0.015815956258137587,0.1386170177247402,0.10163670447627715,0.7332195292074672,-0.01337201957317635,1.0215609336263998,1.2871629048161024,0.7291873804260215,0.7561347998238368,1
2020-10-30,52.7,71.8759,17.8243,38.93000030517578,Switzerland,0.13100432658982153,0.1890572964977102,52.7,0.03985318541923455,-0.04261021828807143,0.04261021828807143,-0.052106145740199006,0.14955510200773445,0.1614818717735278,1.07974833092071,-0.17321257281220612,-0.26193420708483917,0.3132580719790106,0.32778413774509435,0.051473857456764915,2
2020-11-30,55.4,73.0294,18.9188,42.52999877929688,Switzerland,0.016458988549987952,0.1457794719231813,55.4,0.06340589734255553,-0.011148802274711156,0.011148802274711156,0.09247363077062398,0.1751521441268426,0.055585661000234765,0.3173564404668689,0.37218234452029564,-0.8637282724770734,0.34269987001575064,-0.0369585916236668,-0.04645116239117348,3
2020-12-31,57.7,74.0673,19.0995,44.68000030517578,Switzerland,-0.010519275234845527,0.08840646230886162,57.7,0.07247545683588674,-0.01235365904107899,0.01235365904107899,0.050552588469047866,0.1765522286898907,0.11015393512744609,0.6239169901441943,0.41018902725508644,-1.6119510450127181,0.03891079423526392,-0.100575712405961,-0.3158567339820822,5
2021-01-29,57.7,74.6586,18.6778,44.02999877929688,Switzerland,0.051328689504600344,0.14104026961930982,57.7,0.08174531418437248,-0.03389023948688752,0.03389023948688752,-0.014547930202310266,0.1780651641737454,0.14681728324225785,0.8245143508193566,0.49374014794463567,-1.684750577193028,-0.04870993124422537,0.1604307669303526,-0.26982239839056626,4
2021-02-26,59.9,75.1498,18.4454,43.22999954223633,Switzerland,0.12722646445153019,0.17603517675073022,59.9,0.08255220825392429,-0.05410630496653934,0.05410630496653934,-0.01816941311015252,0.159907029803799,0.08635578843855862,0.5400374739279099,0.9293015311139863,-1.6851891892632467,-0.3454291139595281,-0.3726780219336187,-0.3684986985106018,5
2021-03-31,64.6,76.426,19.1661,44.209999084472656,Switzerland,0.09997742762213635,0.05360784428096532,64.6,0.07509759099701063,0.0019394636415912547,-0.0019394636415912547,0.02266943216779027,0.1350418073748704,0.0359453634424749,0.2661795198185705,0.8408598073178221,-1.6104798328511196,-0.1456505513968381,-1.1117364385177864,-0.5067517538619806,5
2021-04-30,68.0,77.46,18.9325,46.290000915527344,Switzerland,0.08533161989233151,0.07647441878403383,68.0,0.07769085326235903,0.06217354959241028,-0.06217354959241028,0.0470482215364989,0.13587183606980177,0.07645481891844641,0.5626980626004722,1.306222274328469,-1.6988576134057058,-0.47743450847798263,-1.6845311056794445,-0.638650238308666,5
2021-05-31,68.8,78.2269,19.3726,48.72999954223633,Switzerland,0.04329982824076861,0.013338837102091938,68.8,0.07116996716390944,0.02398672220225362,-0.02398672220225362,0.05271113800929994,0.13867937111159767,0.1890572964977102,1.363269064333819,1.075776731495149,-1.5712741067491678,-1.2679839810309241,-0.7525228361859143,-0.6290010481177143,5
2021-06-30,67.0,79.462,19.9964,48.630001068115234,Switzerland,-0.04215503170952328,0.08431006341904657,67.0,0.07283511077088001,0.04695934448545791,-0.04695934448545791,-0.0020520926546371276,0.14057015101468834,0.1457794719231813,1.0370585139938324,0.9761073161115909,-1.6331714835053655,-1.4733299654741658,0.5638315384475052,-0.39164064860510883,5
2021-07-30,67.0,79.6458,20.2191,50.2400016784668,Switzerland,-0.008160824715653603,-0.018113053682522917,67.0,0.06680007393655907,0.08252042531775694,-0.08252042531775694,0.03310714733681497,0.13958382896481172,0.08840646230886162,0.6333574810528259,1.0091864898719776,-1.643778037452473,-1.334522828376395,0.20805069395514153,-0.4402659205004372,5
2021-08-31,68.0,80.9488,20.3528,50.84000015258789,Switzerland,-0.028717527145765365,-0.05704172929140516,68.0,0.07716587402760888,0.103407895735522,-0.103407895735522,0.011942644388450718,0.13920760951230732,0.14104026961930982,1.0131649420130333,1.3894852244387328,-1.6355485589648668,-1.4192659744248908,0.5400172445388414,-0.28132801610304586,5
2021-09-30,67.3,82.4118,18.8098,46.58000183105469,Switzerland,0.13203086022812194,0.05410039811089762,67.3,0.07832151362101891,-0.01859011483817785,0.01859011483817785,-0.08379225626962072,0.1700401805889445,0.17603517675073022,1.0352563502404062,1.4336832225845133,-1.6930106433103864,-1.5468807218590297,0.6657809953710894,-0.28510678680345336,5
2021-10-29,67.3,82.4699,19.5615,49.83000183105469,Switzerland,-0.010034115625667028,-0.06883403931641363,67.3,0.06467725277562608,0.033223293278753285,-0.033223293278753285,0.06977243177850712,0.16374796225459815,0.05360784428096532,0.3273802222809645,1.4390156550930109,-1.4816145452897098,-1.4570834077481696,0.14146213754413695,-0.3395550401001829,5
2021-11-30,63.6,83.8068,19.2098,49.380001068115234,Switzerland,-0.029161652698628027,-0.07756180130031887,63.6,0.07132968326752054,-0.00840362160990249,0.00840362160990249,-0.009030719373945617,0.14651618700375713,0.07647441878403383,0.5219520132753167,1.3359573492301975,-1.3893637098904617,-1.156406714733379,0.263111242936376,-0.23667545811431678,4
2021-12-31,62.9,84.4219,20.2356,52.72999954223633,Switzerland,-0.06884128768496645,-0.2124028230640952,62.9,0.06241851451008018,0.011962153187573765,-0.011962153187573765,0.06784119889953177,0.15221418479425006,0.013338837102091938,0.08763202404639373,1.5107399939570412,-1.5633220839791055,-1.1505745858593952,0.35964413310721793,-0.2108781356935604,5
2022-01-31,63.6,85.0086,18.932,49.33000183105469,Switzerland,-0.05939590911045256,-0.11838637615682068,63.6,0.06733311737718761,-0.06365763065616181,0.06365763065616181,-0.0644793806314804,0.16987819514898136,0.08431006341904657,0.49629714599397257,1.6544559832783767,-0.9503066658254473,-0.13007864571998667,0.588302117106514,0.2905931972098642,1
2022-02-28,62.1,83.8925,18.8138,47.93999862670898,Switzerland,-0.049853972843396877,-0.15289942065775586,62.1,0.036364961555946484,-0.07561613144137402,0.07561613144137402,-0.028177643477618197,0.17201060736935644,-0.018113053682522917,-0.10530195759165573,1.279065926932908,-1.297929695325551,-0.19807558267103953,-0.00781620436862157,-0.056188888858076005,3
2022-03-31,62.6,83.9938,19.0819,49.09999847412109,Switzerland,-0.1541751513253934,-0.23727083652195924,62.6,0.019196280144348155,0.01446586353921897,-0.01446586353921897,0.02419691031792892,0.17214204311050088,-0.05704172929140516,-0.3313643097333817,1.6669707627946646,-1.6773883595554757,-1.0461636936690903,0.30017075011612165,-0.18910263507844494,5
2022-04-29,62.6,84.4296,18.8993,46.400001525878906,Switzerland,-0.06271551189042746,-0.1571120835300287,62.6,0.02376260914588224,-0.03385220969762026,0.03385220969762026,-0.05498975625559854,0.17826867812790256,0.05410039811089762,0.30347674464766133,1.7315617576820876,-1.4368022194335903,-1.4054381671844987,0.6542077581742084,-0.11411771769044823,4
2022-05-31,60.5,84.2873,18.0445,45.54999923706055,Switzerland,-0.10845222194185433,-0.058397363160609506,60.5,0.005733424972675261,-0.06066174556736681,0.06066174556736681,-0.018319014242796583,0.16993025203967127,-0.06883403931641363,-0.40507230755088797,1.6892732654880067,-1.353760641319784,-0.7514513886973523,0.8351853680429087,0.10481165087844477,3
2022-06-30,59.1,85.7786,16.4553,41.52999877929688,Switzerland,-0.09824218965282872,0.009631628645226487,59.1,0.016070474604338525,-0.18681432722528613,0.18681432722528613,-0.08825467673099097,0.18933325857372726,-0.07756180130031887,-0.4096575629902653,1.7618794523620724,-1.0913732289001272,-0.14803208768403234,0.13515080413636288,0.16440623497856893,2
2022-07-29,59.1,84.0926,17.483,43.4900016784668,Switzerland,-0.10071282821504013,0.040469033194004966,59.1,-0.010775380373279853,-0.07653708007606164,0.07653708007606164,0.0471948701367888,0.1934482405167204,-0.2124028230640952,-1.0979827084327318,1.7786095738058876,-1.0932629269564158,-0.49041597372276935,-0.03078026890118167,0.041037601056380185,3
2022-08-31,57.0,83.2998,17.0984,40.61000061035156,Switzerland,0.056143776041108984,0.06796351342160967,57.0,-0.007064993890991356,-0.09117775250082383,0.09117775250082383,-0.06622214203181342,0.1992566209490387,-0.11838637615682068,-0.5941402378147266,1.4534759617642268,-0.9250943703976917,-0.43854365455055877,0.3611616338367859,0.11274989266319055,3
2022-09-30,56.4,83.8054,15.9936,37.45000076293945,Switzerland,0.11962615356392026,0.21014682968105358,56.4,-0.002243022699294328,-0.16184447041437178,0.16184447041437178,-0.07781334153948816,0.19714951843093378,-0.15289942065775586,-0.7755505662638491,1.6460991431459164,-0.7396696579685953,-0.49989447450165,-0.017257706791069624,0.09731932597115038,3
2022-10-31,55.1,83.9195,16.7407,39.11000061035156,Switzerland,0.15699307833872322,0.22960878041662625,55.1,-0.006041719965509618,-0.11421587042906345,0.11421587042906345,0.044325762712796646,0.1863446226999976,-0.23727083652195924,-1.2732904930879032,1.463530667924207,-0.7165607163920286,0.2839091252704669,-0.8930389560627189,0.034460030184981644,2
2022-11-30,53.8,82.1641,17.5591,42.88999938964844,Switzerland,0.011191409397692365,0.07880627456784262,53.8,-0.025190034560366725,-0.026900163484718242,0.026900163484718242,0.0966504403044266,0.21933861208643377,-0.1571120835300287,-0.7162992508957623,1.6465895511059725,-0.9846313754732557,-0.0933993181827625,-1.2526833261465677,-0.17103111717415337,4
2022-12-30,53.8,81.9068,16.9847,41.93000030517578,Switzerland,0.08084901895958208,0.10207485686015016,53.8,-0.04513713210521031,0.032172005372129275,-0.032172005372129275,-0.022382818795384618,0.20238234751075102,-0.058397363160609506,-0.2885496876525128,1.6918308404694,-1.1645159208647937,-0.4990084596993228,-1.3647508457518265,-0.3341110964616357,5
2023-01-31,49.2,81.3983,18.0084,45.25,Switzerland,0.06276243431133466,0.05436462065132952,49.2,-0.032039680066973775,0.030052050563404542,-0.030052050563404542,0.07917957716815005,0.2163937010855288,0.009631628645226487,0.04450974587943122,0.9428090415820704,-0.9702568677581773,-0.09711189896853313,-0.8597049830531154,-0.24606617704943887,4
2023-02-28,48.4,83.1456,17.3746,43.369998931884766,Switzerland,0.06686653440857904,0.06363851058805015,48.4,-0.001851144900708035,0.016153558227670395,-0.016153558227670395,-0.041546984930723396,0.21833424467018206,0.040469033194004966,0.18535357682958942,0.20690424004475363,0.20906442909182774,0.6958355251006956,-0.13699380261938365,0.24370259790447332,3
2023-03-31,46.2,82.721,17.5703,45.31999969482422,Switzerland,0.019638115526070532,-0.038614298583057094,46.2,-0.012939500318595254,0.09858318327330928,-0.09858318327330928,0.04496197396735124,0.22246730304638113,0.06796351342160967,0.30549888676198084,-0.9517986260724225,0.17732934331477684,0.8489192643901443,-0.15169124124203606,-0.019310314902384336,3
2023-04-28,46.2,82.2324,18.1444,48.09000015258789,Switzerland,-0.007901872882293715,-0.1283011429416797,46.2,-0.020103789941551153,0.08384954034180181,-0.08384954034180181,0.061120928429309274,0.22416644743896716,0.21014682968105358,0.937458893076625,-1.0832324132878113,-0.25159238367857883,0.3955866496086881,-0.11137941290394807,-0.26265439006541247,3
2023-05-31,43.9,83.5345,17.4621,46.27000045776367,Switzerland,-0.003025705387148858,-0.018370483691571682,43.9,0.01667881714763486,-0.005524201126481554,0.005524201126481554,-0.03784569950196348,0.2272035183360891,0.22960878041662625,1.0105863769106744,-1.0274176612139638,0.3049732359788452,0.9049580948646784,0.721593794442012,0.22602686601789293,2
2023-06-30,45.1,83.5968,17.5184,46.209999084472656,Switzerland,-0.05713047915933678,0.04457912603558589,45.1,0.020633207499255235,0.03142239780508338,-0.03142239780508338,-0.0012967662134731883,0.20449071391846574,0.07880627456784262,0.38537825536304865,-0.47640168664117244,0.27580566216056496,0.8622042170541789,1.0123247202650447,0.41848322820965406,1
2023-07-31,40.1,81.8128,17.9682,47.709999084472656,Switzerland,-0.12135822734508739,-0.004192009364438309,40.1,0.005092243941212438,-0.0022322915972546875,0.0022322915972546875,0.03246050702701764,0.20212563078175452,0.10207485686015016,0.5050069922619841,-1.310839876170224,-0.20943534661645058,0.7316413496006188,-0.3251050316547018,-0.27843472621018944,4
2023-08-31,39.9,82.2107,17.5738,46.130001068115234,Switzerland,-0.015391347988948367,0.014957698043191803,39.9,-0.011244130777816275,0.0114650121441644,-0.0114650121441644,-0.03311670607161332,0.1910388037953564,0.05436462065132952,0.2845737073896553,-1.2423989403443723,-0.5278286215250864,0.29875088643742814,-0.2678744159995974,-0.434837772857907,4
2023-09-29,39.9,84.1681,16.821,43.56999969482422,Switzerland,0.10787240752489091,0.09249480852706093,39.9,0.01749374403114068,-0.0426458284719099,0.0426458284719099,-0.055495367743671586,0.180603818738014,0.06363851058805015,0.3523652546924542,-1.2306233833483382,-0.3982396234303956,0.5303705872489612,-0.06960500401436016,-0.29202435588603315,4
2023-10-31,40.2,83.9112,16.0124,41.91999816894531,Switzerland,0.13334924610586008,0.08206113052635189,40.2,0.02041531075342551,-0.11750181874297316,0.11750181874297316,-0.03787012938801815,0.18417563706951298,-0.038614298583057094,-0.20966018740297876,-1.3680829191555337,-0.46625536246903576,0.8213248851104056,-0.7504969341577039,-0.44087758266796695,5
2023-11-30,41.6,82.8247,16.9295,45.41999816894531,Switzerland,0.030823460641090872,0.08234262063497666,41.6,-0.008497088029496669,-0.030500340737940945,0.030500340737940945,0.08349237005913879,0.17754443998308148,-0.1283011429416797,-0.7226424153519296,-1.4866473523029646,-0.6215152742696922,1.4956661502471238,-0.8756510425384353,-0.3720368797159921,4
2023-12-29,41.6,81.2719,17.6501,48.27000045776367,Switzerland,-0.01388029785143341,-0.0012430365179614267,41.6,-0.02781087314346964,0.0075178098456478715,-0.0075178098456478715,0.06274774116496928,0.1830373773508769,-0.018370483691571682,-0.10036465752214117,-1.4878503386217943,-0.9895628046046427,0.15213548263015192,-1.216247173595746,-0.885381208548008,5
2024-01-31,43.1,82.3305,17.703,47.5099983215332,Switzerland,-0.04525358423780845,0.061250262054696636,43.1,0.006327860677058039,-0.014759408287975395,0.014759408287975395,-0.015744813114213052,0.169766536360324,0.04457912603558589,0.2625907731366336,-1.6620278367339276,-0.3554986604424574,1.2053032538464392,-0.21507222374395055,-0.25682386676847413,4
2024-02-29,43.4,80.416,18.1948,46.81999969482422,Switzerland,0.04997864519094741,0.12879108967536923,43.4,-0.02183049165133011,0.03533669439734166,-0.03533669439734166,-0.01452322986920107,0.16369891124914,-0.004192009364438309,-0.025608046702633964,-1.7422437124171222,-0.7032315432193593,1.654944425954188,-0.5431227434718138,-0.3334133932885268,4
2024-03-29,43.4,81.6289,18.4197,47.59999847412109,Switzerland,0.012815139283737897,0.09453781815658124,43.4,-0.03016819911581692,0.09504191189584432,-0.09504191189584432,0.016659521238379993,0.15899480337950386,0.014957698043191803,0.09407664731965705,-1.5091969324292511,-0.6557555809066887,1.1018367126838897,-1.0381508467479095,-0.5253166618499899,5
2024-04-30,42.4,83.6398,17.2876,45.36000061035156,Switzerland,0.11155197289479335,0.08796291468433037,42.4,-0.003234371573758943,0.07963828033274223,-0.07963828033274223,-0.04705878015914966,0.154102671010957,0.09249480852706093,0.6002154792014239,-1.5474174267928464,-0.4191968209965658,1.5563612318255704,-1.1022567429413308,-0.37812743972629315,4
2024-05-31,47.4,84.9792,18.0384,49.15999984741211,Switzerland,0.07506099752161055,-0.019731513907931708,47.4,0.02601277155244741,0.06550104846569593,-0.06550104846569593,0.08377423249402138,0.17189811261270357,0.08206113052635189,0.4773823823839205,-0.8970903607828018,-0.22630321426108277,1.1223583378109578,-1.741532858856851,-0.43564202402244445,5
2024-06-28,47.4,85.7787,17.8044,48.209999084472656,Switzerland,0.08068864267830511,-0.04667081606986945,47.4,0.05545336087872932,0.00874216010107598,-0.00874216010107598,-0.01932466976989755,0.17368829507353425,0.08234262063497666,0.47408272733701107,-0.8527760219761928,0.15711629782535955,1.366367203241896,-1.5019264012441456,-0.2078047305382707,4
2024-07-31,45.7,86.215,18.1876,50.41999816894531,Switzerland,-0.021221732123807624,-0.016858359876828044,45.7,0.04718178560800679,0.02737389143083102,-0.02737389143083102,0.04584109368266809,0.17651650313065775,-0.0012430365179614267,-0.007042041372422438,-0.869029672628984,-0.22248017737896825,0.12434922307701199,-1.1059098014987558,-0.518267607107424,5
2024-08-30,45.7,86.1341,18.3827,52.84999847412109,Switzerland,-0.08817407723661441,-0.02119203338166953,45.7,0.07110649621965792,0.010327126431727729,-0.010327126431727729,0.04819516845346605,0.17569520849852702,0.061250262054696636,0.3486165762751017,-0.8962327406173638,0.29837300841552594,-0.09279751932604983,-0.8482040047900191,-0.3847153140794767,4
2024-09-30,48.9,86.3498,18.0013,52.09999847412109,Switzerland,-0.11785027964440853,-0.005950049283547032,48.9,0.05783368390361754,-0.022714810773248106,0.022714810773248106,-0.014191107316062657,0.16260999363476383,0.12879108967536923,0.7920244432494427,0.17044466374518652,0.2795691215576114,-0.04019892135955792,0.16535296591766319,0.14379195746522577,2
2024-10-31,49.2,87.1042,17.2885,49.34999847412109,Switzerland,0.004457978267587981,0.09138809069255593,49.2,0.041420472071908465,5.2060436382062036e-05,-5.2060436382062036e-05,-0.052783110950875956,0.1685740036651251,0.09453781815658124,0.5608089984288568,0.5629650954621876,0.2579773218262566,-0.12188152341627861,0.25375034886458536,0.23820281068418775,2
2024-11-29,49.2,88.1226,17.031,48.18999862670898,Switzerland,0.07345924499705903,0.14505087938709016,49.2,0.03699022819701758,-0.05584752527940395,0.05584752527940395,-0.023505570076570725,0.15433562886225774,0.08796291468433037,0.5699456135487417,0.43538044945798027,0.3823248563783445,0.6618342684355888,0.21243497298979444,0.422993636815427,1
2024-12-31,47.5,89.7013,16.5228,45.959999084472656,Switzerland,0.12684947665772084,0.19255880037230644,47.5,0.04572930109689244,-0.07198220664554833,0.07198220664554833,-0.04627515264132753,0.1488928070505956,-0.019731513907931708,-0.1325216059713798,-0.09928248825134857,0.8508420133737296,1.5268840307253435,-0.3502921819365966,0.482037843477782,2
2025-01-31,47.4,90.9371,17.6608,49.56999969482422,Switzerland,0.08654429981719924,0.06354653107266017,47.4,0.0547712115061183,-0.02896478919703538,0.02896478919703538,0.07854657707273938,0.16878485691711717,-0.04667081606986945,-0.276510683021685,-0.6102571532587284,1.08870337895339,1.1214358425076658,-0.5999655806427779,0.24997912188988736,2
2025-02-28,49.4,91.6004,18.0251,51.72999954223633,Switzerland,0.06669245686195313,0.06959215775517347,49.4,0.06346267041740705,-0.019453072725987064,0.019453072725987064,0.0435747399780122,0.17157511346415497,-0.016858359876828044,-0.09825644020541505,0.6360603775199195,1.3419449686091192,0.7922977414101915,-0.4067600444807325,0.5908857607646244,2
2025-03-31,48.8,91.217,17.5377,51.790000915527344,Switzerland,0.05831242333224673,0.06661519022883611,48.8,0.05636608307141411,-0.025753695566431256,0.025753695566431256,0.0011598951057794071,0.1715651484069777,-0.02119203338166953,-0.12352178503875924,0.5179159431246598,1.2412950887089835,0.3847674415362322,-0.30516428742234686,0.45970354648688216,2
2025-04-30,46.5,87.5625,17.6049,53.86000061035156,Switzerland,-0.021165974317299496,0.027849981117744615,46.5,0.005261514370145104,0.01830118286722393,-0.01830118286722393,0.03996909940589721,0.1628589496965418,-0.005950049283547032,-0.036534984995506066,-0.7239127572368927,-0.02688792945324805,-0.01702034348188321,0.33486831360883396,-0.1082381791407975,4
2025-05-30,46.5,88.2379,17.7267,55.18000030517578,Switzerland,0.0027184038609879835,0.04784341020383809,46.5,0.0013084044274680462,0.040849039985908275,-0.040849039985908275,0.02450797771752211,0.1455889094555687,0.09138809069255593,0.6277132718027951,-0.7134761233660141,0.08246504667456606,0.16855385894684713,0.4022734772303272,-0.01504593512856843,4
2025-06-30,48.7,88.5439,17.2676,54.810001373291016,Switzerland,0.007845289078670215,0.09396091191654743,48.7,-0.012902823036009647,0.04507710557532629,-0.04507710557532629,-0.0067053086233864745,0.1432999153061125,0.14505087938709016,1.0122188772912901,-0.3333333333333305,-0.23328638017072323,0.3602977831436724,0.22318475800046664,0.004215706910021329,4
2025-07-31,49.5,88.7523,17.1381,52.720001220703125,Switzerland,0.05007585979743312,0.1672989281221906,49.5,-0.0240253977749455,-0.0295966207646311,0.0295966207646311,-0.038131729615433874,0.14594401383168304,0.19255880037230644,1.3194018399026914,0.7771420273670553,-0.7849271783623493,1.3055019889093062,0.0769385024907036,0.343663835101179,2
2025-08-29,49.5,89.1537,17.5341,55.33000183105469,Switzerland,0.04500267090849763,0.1762154288331812,49.5,-0.026710582049859988,-0.02723979339920446,0.02723979339920446,0.04950683895899877,0.14637738021611585,0.06354653107266017,0.43412808030064626,0.6949955884209175,-1.0271646027211405,1.325083337133253,-0.9042404789510594,0.02216846097049266,3
2025-09-30,46.1,89.5172,17.3024,55.2400016784668,Switzerland,0.08544527991652417,0.06462707433652826,46.1,-0.018634684324193906,-0.013416810642216559,0.013416810642216559,-0.00162660671623871,0.1451481795818548,0.06959215775517347,0.4794559460246465,-1.0805404053377996,-1.0525581169513907,1.5743792934437448,-1.3196335868914015,-0.4695882039342117,5
2025-10-31,48.1,90.2879,17.4117,55.36000061035156,Switzerland,0.11163295225867831,0.10856210721228599,48.1,0.03112519628836541,-0.010974217405381514,0.010974217405381514,0.0021723194829579295,0.13068063857832998,0.06661519022883611,0.5097556222064752,-0.99770935493828,-1.0349533679721343,1.310531140290797,-1.6351232386930743,-0.589313705328173,5
2025-11-28,48.1,90.769,18.079,57.81999969482422,Switzerland,0.125562126851418,,48.1,0.028684952837726208,0.019873975415615863,-0.019873975415615863,0.04443639915734887,0.12917944923265853,0.027849981117744615,0.2155914217251804,-0.7239227659930224,-1.2479820404737931,0.5687284497206259,-1.5502285294183396,-0.7383512215411323,5
2025-12-31,46.4,90.2254,18.7727,59.959999084472656,Switzerland,-0.019179415089074725,,46.4,0.018990579814081032,0.0871632421413513,-0.0871632421413513,0.0370114043746701,0.11099855520230224,0.04784341020383809,0.43102732388399373,-1.3964240043768912,-1.3259338252152322,-1.064096320767336,-1.3543045869275283,-1.285189684321747,5
2026-01-30,46.4,89.4222,18.897,61.540000915527344,Switzerland,-0.0027624631315155135,,46.4,0.007547973404632868,0.10263098009697669,-0.10263098009697669,0.02635093154068846,0.09329717625587551,0.09396091191654743,1.0071142095324683,-1.4312367693791401,-1.4414272698883788,-0.8809498208078511,-0.20606354385462436,-0.9899193509824986,5
2026-02-27,48.8,89.0862,20.0544,65.08000183105469,Switzerland,,,48.8,-0.0007571194465287867,0.1437370609269939,-0.1437370609269939,0.05752357593212443,0.09829282919812601,0.1672989281221906,1.7020461155408497,-1.2816826722240071,-1.516349530862269,-0.5603992202579288,0.09928283923831922,-0.8147871460264713,5
2026-03-31,53.3,91.1429,17.9098,58.810001373291016,Switzerland,,,53.3,0.018160755698346076,0.03510495653782142,-0.03510495653782142,-0.09634296683089172,0.1520144654935889,0.1762154288331812,1.1592017132120427,1.3485387280426635,-1.4623431202968769,-0.995788562575231,0.13770439991019104,-0.24297213872981333,5
2026-04-30,54.5,91.5778,18.3292,61.369998931884766,Switzerland,,,54.5,0.014286521228204396,0.05269445258073602,-0.05269445258073602,0.04352996937280107,0.1527803121470012,0.06462707433652826,0.423006560389442,0.7092993656151895,-1.434859749912904,-1.275527111805095,0.4001098374996603,-0.4002444146507873,4
2005-12-30,52.1,141.1505,11.941,37.15999984741211,UK,0.08503767116221272,0.13293860729262108,52.1,,,,,,,,-1.2362678548580068,,,,,
2006-01-31,53.1,140.7712,12.2494,39.41999816894531,UK,0.08828015014153667,0.09589048121701826,53.1,,,,0.06081803904233851,,,,-0.9952403177417404,,,,,
2006-02-28,51.9,141.8524,12.2143,39.20000076293945,UK,0.065306058897173,0.12602037067762928,51.9,,,,-0.005580857844361131,,,,-1.2259305352450902,,,,,
2006-03-31,51.1,144.8172,12.3335,40.31999969482422,UK,0.044146795455590304,0.08581347000646966,51.1,,,,0.028571400767513078,,,,-1.1244738517100434,,,,,
2006-04-28,51.1,142.8427,12.6184,42.900001525878906,UK,0.00699298896014211,0.06759901184227823,51.1,,,,0.06398814113547413,,,,-1.1842281897471918,,,,,
2006-05-31,52.2,144.1808,11.8614,41.7599983215332,UK,0.05699236503292693,0.12787357201195948,52.2,,,,-0.026573500321626087,,,,-0.9048935441356172,,,,,
2006-06-30,54.8,148.1622,11.763,42.09999847412109,UK,0.03990499681866955,0.11211404731058416,54.8,0.04967534652728833,-0.014906624235826227,0.014906624235826227,0.008141766433275022,,,,-0.37825500482140223,-1.0833173285690176,-1.3682388995289239,,,
2006-07-31,52.8,139.5455,12.6463,43.20000076293945,UK,0.06018514880100634,0.09120367030384502,52.8,-0.008707036666590784,0.03240158701650686,-0.03240158701650686,0.02612832134648513,,0.13293860729262108,,-0.8079431130481728,-1.5687294440780466,-1.5955569365907731,,,
2006-08-31,52.0,142.927,12.3277,44.13999938964844,UK,0.06705933677848708,0.052106915923517905,52.0,0.007575479864986523,0.009284199667602744,-0.009284199667602744,0.021759227085833555,,0.09589048121701826,,-0.8177695657664572,-1.4871250259732223,-1.4478331981687789,,,
2006-09-29,52.0,147.2287,12.1089,43.77999877929688,UK,0.0694381224369729,0.09958887007583361,52.0,0.01665202752159267,-0.018210564722098366,0.018210564722098366,-0.008155881634107631,,0.12602037067762928,,-0.7348788193092534,-1.5421022088676337,-0.7856058544509719,,,
2006-10-31,53.7,147.3365,12.4333,45.79999923706055,UK,0.029257645740386584,0.08515287316256326,53.7,0.03145978058381704,-0.01466905471375135,0.01466905471375135,0.04613980160088316,,0.08581347000646966,,-0.4793687274279784,-1.3040604019560011,-0.6763787703056092,,,
2006-11-30,54.0,147.7837,12.2589,47.09999847412109,UK,-0.01401273606780995,0.07770700564721023,54.0,0.024988764107287453,0.03351206434316367,-0.03351206434316367,0.02838426329074273,,0.06759901184227823,,-0.35746209191055367,-1.6386931663095465,-0.27109254445007713,,,
2006-12-29,54.0,150.5478,12.3936,46.81999969482422,UK,0.028193073546092684,0.09141390019637274,54.0,0.016101272794275312,0.05360877327212443,-0.05360877327212443,-0.005944772576812585,0.09852529606490174,0.12787357201195948,1.2978755418073051,-0.4110051164810345,-1.585276715913595,0.19813427824885044,0.08569033747915443,-0.42811430416665613,5
2007-01-31,54.3,150.7626,12.3511,47.13999938964844,UK,0.05430635143056817,0.04751806761708788,54.3,0.08038310085241007,-0.023342795916592163,0.023342795916592163,0.006834679558094692,0.08826664689201531,0.11211404731058416,1.2701745365692159,-0.21022625869435854,0.966052202777787,1.722171622589732,-0.41067313480122825,0.516831107967983,2
2007-02-28,55.8,150.3183,12.3186,46.43999862670898,UK,0.09302325199337269,0.06546083129681568,55.8,0.051713811945958366,-0.0007381750042586566,0.0007381750042586566,-0.01484940118801048,0.09110061118095214,0.09120367030384502,1.0011312670854444,-0.1698011380888878,-0.38687567671491513,0.9654457991482631,-0.6887654853237692,-0.06999912524482726,3
2007-03-30,55.8,151.3641,12.5353,48.13999938964844,UK,0.06148731038640487,0.06896551177643184,55.8,0.028088273549926157,0.035213768385237154,-0.035213768385237154,0.03660639132667298,0.09278980061098105,0.052106915923517905,0.5615586581759655,-0.10667311465869792,-0.8694170627977568,-0.3269489161771789,-1.3599643773584766,-0.6657508677480275,5
2007-04-30,53.1,152.012,12.7545,49.70000076293945,UK,-0.006438625551548061,0.09537218895384947,53.1,0.03173348084147509,0.025833849420507926,-0.025833849420507926,0.032405512942870196,0.07903086176118328,0.09958887007583361,1.2601263336438473,-0.4964034470595056,-0.9827074159761756,0.16721849664364136,0.3960995151912198,-0.22894821280020503,4
2007-05-31,53.5,154.3771,12.8667,50.7599983215332,UK,-0.025216682853077987,0.00945633122154721,53.5,0.044615204518495544,0.04958030492132237,-0.04958030492132237,0.021327918356576214,0.06670182260554472,0.08515287316256326,1.2766198858782722,-0.33541885941398913,-0.5108497138619994,-0.02276389154162578,-0.29535523193566354,-0.29109692418831945,3
2007-06-29,53.5,155.8259,12.6958,51.09999847412109,UK,0.007045021939362517,-0.057534221418771625,53.5,0.03505929678148734,0.024383552801445996,-0.024383552801445996,0.006698190776804003,0.06691596566418119,0.07770700564721023,1.1612625608241842,-0.39996094322111286,-0.7789155223086058,-0.5375054837822892,-0.45612453066130476,-0.5431266199933281,4
2007-07-31,54.8,157.1702,12.1116,49.380001068115234,UK,0.10247058422728528,-0.10247066147915229,54.8,0.04250125694303497,-0.019390985418302975,0.019390985418302975,-0.033659441435735515,0.08239605413549538,0.09141390019637274,1.1094451203457882,0.03965647653681615,-1.210703065712025,-1.0732292457797235,0.5612380900560854,-0.42075943622471174,4
2007-08-31,54.8,159.0337,11.8764,49.47999954223633,UK,0.03556997074602086,-0.11479386333314956,54.8,0.05797963388356586,-0.03589693634016855,0.03589693634016855,0.002025080436575122,0.08206823078589869,0.04751806761708788,0.5790068478636271,-0.01154743307441976,-0.24098130231815962,-0.49374693850058327,0.5354326337506202,-0.0527107600356356,3
2007-09-28,54.8,158.8764,12.1758,51.459999084472656,UK,-0.06412746396756697,-0.16206763118859768,54.8,0.04963065878897299,-0.02867901047442012,0.02867901047442012,0.040016159267467044,0.08465618558076728,0.06546083129681568,0.7732551478398701,-0.07542593052255793,-0.38849541760850725,-0.48896654419968455,0.5908404955535902,-0.0905118491942899,3
2007-10-31,52.6,158.0309,12.701,54.43999862670898,UK,-0.18589271100605342,-0.16091106801085453,52.6,0.03959490040259972,-0.004194597985024862,0.004194597985024862,0.057909047711885764,0.09019310004973483,0.06896551177643184,0.7646428799808684,-0.21225749430786392,-0.4204823422569547,-1.1467576476111077,0.2842593352132045,-0.3738095372406804,4
2007-11-30,56.3,159.0548,12.0253,51.2400016784668,UK,-0.14519910612206033,-0.11046057107743379,56.3,0.030300478503612283,-0.06539361296991464,0.06539361296991464,-0.05878025402212661,0.11467984524519398,0.09537218895384947,0.8316386262114035,0.359050444751218,-0.0722114689312581,-0.607448552153736,0.9120256695294428,0.14785402329891664,2
2007-12-31,54.2,161.5473,11.8916,48.15999984741211,UK,-0.10465118213238889,-0.13953490950985192,54.2,0.03671661771246004,-0.06334378298334886,0.06334378298334886,-0.060109323383356394,0.13296590802384145,0.00945633122154721,0.07111846459057491,0.02830235909012111,0.6756586978482818,-0.464133539596474,0.4836238031002898,0.18086283011055468,2
2008-01-31,51.3,160.1278,10.935,44.31999969482422,UK,0.03068593456038271,-0.10333930613479414,51.3,0.018817816609000948,-0.09714653720400268,0.09714653720400268,-0.07973422269008235,0.15638575682485314,-0.057534221418771625,-0.3678993700379507,-0.5539491599130675,0.5826316400429715,-0.4497611365707137,-0.13875758449533004,-0.13995906023403493,3
2008-02-29,51.3,159.2355,10.9918,43.79999923706055,UK,0.04063932933788794,-0.12328762112426095,51.3,0.001268913444131492,-0.07448385032501437,0.07448385032501437,-0.011732862394951638,0.1561846981231637,-0.10247066147915229,-0.6560864329893973,-0.32639840548008703,0.6345294137876264,-0.6302289125861094,-0.007845987915809783,-0.08248597304859494,3
2008-03-31,51.2,163.488,10.3905,43.119998931884766,UK,-0.03896104700349434,-0.2277365477289679,51.2,0.02902633745477634,-0.1466269156852117,0.1466269156852117,-0.015525121393162311,0.15000646096860304,-0.11479386333314956,-0.7652594601053643,-0.22669278153437003,1.0481811034956672,-0.046511868827616695,-0.12403284078562732,0.1627359030870133,2
2008-04-30,49.7,165.9023,10.907,45.68000030517578,UK,-0.13003499533768503,-0.41506131491144116,49.7,0.049809246166414356,-0.14124872057318327,0.14124872057318327,0.059369235545088106,0.1600672455879375,-0.16206763118859768,-1.0124971576371709,-0.3339640161444208,1.0936296019968326,0.7416478809863501,-0.42173181856739383,0.26989541206784207,2
2008-05-30,49.7,166.637,10.7749,45.58000183105469,UK,-0.15752523073142755,-0.45151384388565485,49.7,0.047670362667457944,-0.1039807738684273,0.1039807738684273,-0.002189108438113596,0.1573897875262744,-0.16091106801085453,-1.0223729921739193,-0.36489506024755364,1.1061508446973776,0.9105738152548273,-1.3275421607657885,0.0810718597347157,2
2008-06-30,44.9,164.4227,10.1321,41.43999862670898,UK,-0.19642856320950808,-0.408783764191314,44.9,0.017799121371882887,-0.14796158632984635,0.14796158632984635,-0.09082937775410604,0.17652387265681913,-0.11046057107743379,-0.6257542926909421,-1.1026091394759772,0.8094621935946895,0.5118387826558106,-1.609155045709933,-0.3476158022338525,4
2008-07-31,43.3,168.125,9.5351,39.7400016784668,UK,-0.3276296380270971,-0.4413689022321161,43.3,0.049942608341587036,-0.12802011888431641,0.12802011888431641,-0.04102309373983659,0.1774738285359904,-0.13953490950985192,-0.7862280915495958,-1.3618415179274608,1.2416975191816342,0.9980124473760348,-0.22682536770648193,0.16276077023093155,1
2008-08-29,43.3,176.9704,9.4566,38.400001525878906,UK,-0.3489583592034038,-0.4781249968955915,43.3,0.11137529005780755,-0.13966775232446005,0.13966775232446005,-0.033719177050613225,0.17695469855449258,-0.10333930613479414,-0.583987353706639,-1.3658815467570282,1.5894840188110753,1.2939283793094343,-0.9395117796728091,0.14450476792266806,1
2008-09-30,41.1,176.911,8.2254,33.29999923706055,UK,-0.2642642474077528,-0.37057058364296724,41.1,0.0821038853004501,-0.2083730330590442,0.2083730330590442,-0.132812554327148,0.19663809811231497,-0.12328762112426095,-0.626977286231898,-1.4138128785394748,1.5231499225072553,1.2684709874400868,-0.2765716300463839,0.27530910034037087,2
2008-10-31,41.0,168.2211,7.7176,26.71999931335449,UK,-0.16916162674285584,-0.12200599972517612,41.0,0.01397690086273684,-0.2924177133950674,0.2924177133950674,-0.19759759983366554,0.22947564019590527,-0.2277365477289679,-0.9924214506365351,-0.2685711155554654,0.6943366400116493,1.104836782917157,-0.4642615742409772,0.26658518328309094,2
2008-11-28,41.0,156.8331,8.0977,25.0,UK,-0.1983999633789062,0.09839996337890633,41.0,-0.05883387242929239,-0.24846634307510984,0.24846634307510984,-0.06437123344141871,0.22963379758440886,-0.41506131491144116,-1.807492273687948,-0.34643902061004994,0.43119849510650116,0.18859426660429301,-1.0825772582556332,-0.20230587928872223,4
2008-12-31,36.0,149.9967,8.7663,24.5,UK,-0.1444898332868304,0.07836735005281414,36.0,-0.08773727715212065,-0.1347993012307419,0.1347993012307419,-0.020000000000000018,0.23231066043336837,-0.45151384388565485,-1.9435778067324578,0.9627719598212524,0.524852512797604,0.34366649016775896,-1.6085389619160106,0.05568800021765119,3
2009-01-30,36.0,137.836,8.9155,22.200000762939453,UK,0.05675667919960792,0.29099093975063917,36.0,-0.1801576208178438,-0.06498096506591433,0.06498096506591433,-0.09387751988002235,0.23453837139841754,-0.408783764191314,-1.742929149520274,0.6820572116880607,0.3880400108799983,0.15050193200199385,-1.5010168215305746,-0.07010441674013046,4
2009-02-27,35.9,126.9035,8.9236,20.040000915527344,UK,0.3702593727526313,0.49201588086571557,35.9,-0.2829111535036368,-0.05636275194044371,0.05636275194044371,-0.09729728708018781,0.23344435200639216,-0.4413689022321161,-1.8906814340919698,0.4622613854523281,0.31697915234581725,0.28270765350585,-1.5163089733865194,-0.11359019552063104,4
2009-03-31,39.5,115.9006,10.0308,20.959999084472656,UK,0.26049624190423293,0.4799619185452899,39.5,-0.34486493208449454,0.2194908454300093,-0.2194908454300093,0.04590809016542918,0.2536568953024739,-0.4781249968955915,-1.8849280494640213,1.4537191383041619,0.230989241429935,0.23080690977500679,-1.4448862101657303,0.11765726983584335,4
2009-04-30,42.7,113.5923,11.1049,23.459999084472656,UK,0.22165392011379703,0.3205456415699903,42.7,-0.3247440422158695,0.43890587747486265,-0.43890587747486265,0.11927481437019827,0.28804658326887284,-0.37057058364296724,-1.2864953280735971,1.1308816613122534,0.16043444571004795,0.27025178773482494,-1.4719416326685846,0.022406565522135435,4
2009-05-29,42.7,107.5583,12.204,27.459999084472656,UK,0.08885654098354756,0.18499643118805453,42.7,-0.3141862272696261,0.5070946071106612,-0.5070946071106612,0.17050299045610195,0.3620437428115627,-0.12200599972517612,-0.3369924274279698,0.6917977094472509,0.020950485623585136,0.17372222636381307,-0.6751280878180123,0.052835583404159225,3
2009-06-30,47.1,108.1232,11.6869,26.420000076293945,UK,0.17411053626745443,0.22634373324437185,47.1,-0.2791628082484482,0.333162223515052,-0.333162223515052,-0.03787323535515996,0.35718621644913867,0.09839996337890633,0.2754864517369134,0.6701669329591984,-0.21179828850023055,0.17506646214409305,0.34348574402124815,0.24423021265607725,1
2009-07-31,50.4,108.2268,12.6574,28.65999984741211,UK,0.08094904770328193,0.07676206471222646,50.4,-0.21481470733335273,0.41970725141607335,-0.41970725141607335,0.08478424544472518,0.3753761527232268,0.07836735005281414,0.20877018820797638,0.7694502721558086,-0.8391424001481765,-0.4221338547447209,1.526847862816444,0.2587554700198388,2
2009-08-31,51.2,115.8314,12.6178,29.899999618530277,UK,0.08829435888557491,0.023411397052514715,51.2,-0.08724818464423745,0.41398090456766323,-0.41398090456766323,0.04326586802930965,0.3804847318755624,0.29099093975063917,0.7647900569261418,0.008434990057789837,-0.7182928772271278,-0.5417028987996587,1.2679888174644598,0.004107007873865809,3
2009-09-30,50.4,118.4483,12.9034,31.020000457763672,UK,0.04448746124276237,0.049000658779269735,50.4,0.0219817671349416,0.2863779558958408,-0.2863779558958408,0.037458222525838636,0.3605500123388057,0.49201588086571557,1.364625888303597,-0.8792530050376547,-0.5209138309505599,-0.4665109320732492,0.8348380407326564,-0.2579599318322019,4
2009-10-30,50.4,121.7446,12.3265,30.979999542236328,UK,-0.0038734323324043363,0.027759865172983123,50.4,0.07176806878635267,0.11000549307062646,-0.11000549307062646,-0.0012895201462620465,0.29026027646760844,0.4799619185452899,1.6535570226360312,-0.8556099250122792,-0.4974580066576751,-0.5331437617159867,1.1415526564195149,-0.18616475924160653,3
2009-11-30,53.2,126.6924,12.1768,32.540000915527344,UK,-0.05961894528195577,-0.12907193130825356,53.2,0.17789515081588303,-0.0022287774500164836,0.0022287774500164836,0.050355112858029516,0.2782270769211422,0.3205456415699903,1.1521008131816102,-0.21645482913637148,-0.33402263542383526,-0.3387391188365455,1.0607156584969424,0.042874768775047534,4
2009-12-31,54.7,130.7141,12.3007,32.400001525878906,UK,0.004320968612813614,-0.17037043534406326,54.7,0.20893665744262102,0.052520343290350935,-0.052520343290350935,-0.004302378171772925,0.2758841098175723,0.18499643118805453,0.6705584867152479,0.30802055181684884,-0.26917888452844735,-0.39175363473887553,0.27270259383565,-0.020052343403706013,4
2010-01-29,54.7,135.6456,11.3639,30.86000061035156,UK,0.03175630339772595,-0.0025923500364162244,54.7,0.2533457516992095,-0.1021931834341967,0.1021931834341967,-0.04753089021607915,0.25709274032431295,0.22634373324437185,0.8803972175910049,0.22773637692383214,-0.031133527398542082,-0.21599207987320398,0.23272765613976468,0.05333460644796269,3
2010-02-26,54.7,143.5062,11.0813,30.600000381469727,UK,-0.07385621570940937,-0.02222223191825723,54.7,0.23892312447229336,-0.12177241674459893,0.12177241674459893,-0.008425153069978153,0.22194372097926734,0.07676206471222646,0.34586274562548724,0.194296778110888,0.12494339162390398,-0.1391310960074072,0.13668928777026568,0.07919959037441261,4
2010-03-31,56.7,149.22,11.288,32.540000915527344,UK,-0.17393981547369652,0.005531662572568985,56.7,0.2597901362873085,-0.1251918099105661,0.1251918099105661,0.06339870947297155,0.22333614422524833,0.023411397052514715,0.10482583163477055,-0.2617934788056621,0.6296659273021658,0.5297071056377626,-0.04618898716890685,0.21284764174133983,1
2010-04-30,57.4,154.0444,10.6895,31.84000015258789,UK,-0.03329144035372211,0.07097984644166266,57.4,0.26530786581088606,-0.13280330994199474,0.13280330994199474,-0.021512008089877743,0.21232824765055217,0.049000658779269735,0.23077786079558552,-0.21539178460918587,0.6810667073705021,0.7342904582793482,-0.2445143078645803,0.23886276829402106,2
2010-05-31,58.4,159.9203,9.6183,28.34000015258789,UK,0.055751584869408566,0.1404375271985625,58.4,0.26227224363892376,-0.21011267328033645,0.21011267328033645,-0.10992462258878244,0.19017920884005687,0.027759865172983123,0.14596687693831728,0.08117006711234034,0.8809239019780519,1.300645323237804,-0.39030262953930117,0.4681091656972237,1
2010-06-30,57.7,157.9635,9.2226,26.8799991607666,UK,0.2172619881796889,0.29241081707965466,57.7,0.20846565137196382,-0.25023779134520807,0.25023779134520807,-0.051517324769243755,0.1939118790417464,-0.12907193130825356,-0.6656215799985429,0.01982300263983055,0.7676935205606751,0.8424424567138591,-0.6148800517147045,0.25376973204991504,2
2010-07-30,57.7,157.1285,9.9188,30.780000686645508,UK,0.10786217392503272,0.14100058961734363,57.7,0.1583752071574751,-0.12716584975228573,0.12716584975228573,0.14508934701051834,0.22806327706533613,-0.17037043534406326,-0.7470314271387722,0.039338051792195676,0.4015489974509707,0.0383523585207546,-0.7067109530874556,-0.056867886330883646,3
2010-08-31,54.9,162.6482,9.5223,29.920000076293945,UK,0.080213890789119,0.2272727649421673,54.9,0.13338796511927709,-0.1406874644671655,0.1406874644671655,-0.027940240128866867,0.22713917663120642,-0.0025923500364162244,-0.0114130467269646,-0.17838836335994837,0.1479026498239514,-0.27764619864755896,0.24415528876731996,-0.015994155854059,3
2010-09-30,53.5,161.9908,10.1439,32.720001220703125,UK,0.06173595300740842,0.09474322611453978,53.5,0.08558370191663323,-0.10135542168674694,0.10135542168674694,0.09358292571087468,0.2430753415344283,-0.02222223191825723,-0.09142116916499221,-0.2871465681814769,-0.39825105852874787,-0.6777314196838158,0.9856720117691086,-0.09436425865623296,3
2010-10-29,53.5,163.4361,10.2848,34.099998474121094,UK,0.029912038223044668,0.12082120032083732,53.5,0.06096748729587054,-0.03785958183263949,0.03785958183263949,0.04217595360432913,0.24539861599123713,0.005531662572568985,0.022541539406100455,-0.3494268829680487,-0.25137442356293765,-0.6141427886717937,1.0397919001071065,-0.04378804877391834,3
2010-11-30,58.8,168.9706,9.6789,32.31999969482422,UK,0.13613866235845085,0.15470297175778458,58.8,0.056592565171526,0.006300489691525524,-0.006300489691525524,-0.052199380027765585,0.24854085201973425,0.07097984644166266,0.2855862360849509,0.43039731981092316,0.1296606200130383,-0.4329566172482536,0.5811046635129549,0.17705149652216567,2
2010-12-31,57.6,170.4336,10.2332,34.7400016784668,UK,0.031088024299861905,0.02533095022742682,57.6,0.07894292035818395,0.10957864376639992,-0.10957864376639992,0.07487629970584808,0.2588392575375925,0.1404375271985625,0.5425665663492566,0.3030202658155547,0.548607583902334,-0.7310162079687553,0.1544727991487925,0.06877111022448146,3
2011-01-31,58.7,171.7426,10.1144,35.119998931884766,UK,0.08826886056661931,0.010250587166866998,58.7,0.09300731566838616,0.019720127434770474,-0.019720127434770474,0.010938319949866493,0.25157319742891426,0.29241081707965466,1.1623289764891576,0.35907771649688164,0.9257480076957423,0.6832294202267922,0.18918906748493383,0.5393110529760875,1
2011-02-28,59.3,171.5353,10.3619,36.720001220703125,UK,0.016339827183415423,-0.10784321262324004,59.3,0.054640014460658026,0.08817197525807852,-0.08817197525807852,0.045558153117303934,0.25229906971589117,0.14100058961734363,0.5588628993999919,0.25243329497046246,0.08790245671871749,0.5057327924622023,-0.7810578934479601,0.01625266267585554,3
2011-03-31,55.6,174.6306,10.0269,35.81999969482422,UK,-0.005583494266984901,-0.17532101710777792,55.6,0.07802788800351612,-0.011534025374855927,0.011534025374855927,-0.024509844661210867,0.2502393174695831,0.2272727649421673,0.9082216465435835,0.04647028213609862,0.6384890868232422,0.9456205161092301,-0.6564784699735001,0.2435253537737677,2
2011-04-29,55.6,174.161,10.3206,38.220001220703125,UK,-0.07169025617358127,-0.12715856763811362,55.6,0.06562136516962891,0.0034808649657747104,-0.0034808649657747104,0.06700171821122858,0.2535635170245548,0.09474322611453978,0.3736469158745931,0.06672698166438917,0.46271535855216805,1.0842785553450653,-0.4169304651370088,0.29919760760615344,3
2011-05-31,53.0,176.8294,10.0363,37.31999969482422,UK,-0.12218653297372417,-0.12057877912105364,53.0,0.04650986621341224,0.03692568370372662,-0.03692568370372662,-0.023547919862215827,0.21838496406421046,0.12082120032083732,0.5532487130630155,-0.5391479357477781,0.24935800208992084,-0.23003723079472632,-0.41609121321657305,-0.23397959441728916,4
2011-06-30,52.1,179.6086,9.805,35.619998931884766,UK,-0.17069057267475074,-0.09264456305490221,52.1,0.05383328170032198,-0.04184419340968615,0.04184419340968615,-0.045552003666688656,0.21617636178223204,0.15470297175778458,0.7156331547184912,-0.37996211669574476,0.36760837908228766,0.2658201788040452,-0.12898324000218442,0.031120800297100917,2
2011-07-29,52.1,176.9586,9.7326,35.47999954223633,UK,-0.059751943608710056,-0.059751943608710056,52.1,0.030371031997885156,-0.03774816103772838,0.03774816103772838,-0.0039303591759268786,0.17332706373240794,0.02533095022742682,0.14614538365765062,-0.14710505961039042,0.19902388261848197,-0.9045034613603111,-0.17149754862900285,-0.2560205467453056,4
2011-08-31,49.5,178.1119,8.976,32.7599983215332,UK,0.0018315438450915433,0.07020766695967806,49.5,0.03833963038511601,-0.13374960190698615,0.13374960190698615,-0.07666294407544072,0.19176106490804057,0.010250587166866998,0.05345499709121186,-0.9284727441109133,0.5340993465643818,-0.42133496346525895,0.12640438548671754,-0.1723259938812682,4
2011-09-30,50.7,181.9537,8.3599,29.540000915527344,UK,0.09410963754695079,0.17129307385816706,50.7,0.04193480409504402,-0.1662527800217415,0.1662527800217415,-0.09829052414478756,0.19536923302267523,-0.10784321262324004,-0.5519969083910126,0.08072986813417692,0.7179724420277965,0.0741856635392965,0.035165780877260945,0.22701343864463272,2
2011-10-31,49.0,176.8277,9.2934,33.36000061035156,UK,0.0,0.052158208391327454,49.0,0.015311694351777927,-0.09952909714551483,0.09952909714551483,0.12931616711007887,0.23476444847025202,-0.17532101710777792,-0.7467954294195169,-0.2135079599508262,0.5681170314066805,-0.27057118054086865,-0.10969568097997201,-0.006414447516246591,3
2011-11-30,47.3,177.5679,9.1766,32.81999969482422,UK,0.0682511181991281,-0.05240704842619914,47.3,0.0041763417169318195,-0.08565905762083637,0.08565905762083637,-0.0161870775074201,0.22867045969867528,-0.12715856763811362,-0.556077806489188,-0.35646381382583847,0.6431520367792914,-0.5166268807709419,0.49358490584387477,0.06591156200659647,3
2011-12-30,47.3,176.6363,9.339,32.31999969482422,UK,0.07054451735226963,0.008044620627645216,47.3,-0.016548762141679108,-0.04752677205507383,0.04752677205507383,-0.015234613182487311,0.21523983299814536,-0.12057877912105364,-0.5602066190141144,-0.38095771339519596,0.41006957762646495,-0.5189855581417044,0.5227894689668826,0.00822894376411179,3
2012-01-31,50.8,172.8673,9.7213,33.36000061035156,UK,0.052158208391327454,-0.014988009318106843,50.8,-0.023120097017042318,-0.0011610463802067539,0.0011610463802067539,0.03217824645257927,0.21790723227271022,-0.09264456305490221,-0.4251559807751485,0.12521758066945105,0.3332160160428477,0.1003489068104719,0.7240713875891506,0.3207134727779803,2
2012-02-29,50.9,171.071,10.1515,35.060001373291016,UK,-0.11294925375667697,-0.03194531382520871,50.9,-0.03953076689429502,0.13096033868092682,-0.13096033868092682,0.05095925455145056,0.21926907029122267,-0.059751943608710056,-0.27250511679257994,0.2644333686677249,0.12380274615485429,0.43719023359468745,0.3729697687233109,0.29959902928514437,2
2012-03-30,50.9,171.4914,9.9603,34.599998474121094,UK,-0.05838140844362327,0.005780369125999885,50.9,-0.057499792529637994,0.19143769662316545,-0.19143769662316545,-0.01312044726616457,0.21828933875029738,0.07020766695967806,0.3216266417847785,0.2351416098308962,-0.43226492386465726,0.3645620463123762,0.33221311244151486,0.1249129611800325,2
2012-04-30,50.1,170.7942,9.9394,35.099998474121094,UK,-0.06381760573069717,-0.003988586773063796,50.1,-0.034120785374689655,0.06951169647276556,-0.06951169647276556,0.01445086768931425,0.20640922142772175,0.17129307385816706,0.829871227037929,0.1121616292029902,-0.7636083157662569,-0.6046763778456107,-0.03966306712268293,-0.3239465328828901,3
2012-05-31,46.7,174.6316,9.0297,31.100000381469727,UK,0.09131827043100005,0.13697749764080602,46.7,-0.016536209528862034,-0.01600810757797011,0.01600810757797011,-0.11396006457380703,0.23312128029607912,0.052158208391327454,0.22373851209586337,-0.45798482771489335,-1.0240516088429799,-0.3411021219595982,-0.09298982185907766,-0.4790320950941373,4
2012-06-29,46.7,173.2689,9.5329,32.58000183105469,UK,0.06813987971878488,0.1012891053282583,46.7,-0.019064031572219364,0.020762394260627426,-0.020762394260627426,0.04758847046403214,0.23749983624871512,-0.05240704842619914,-0.220661408672793,-0.35471835388351464,-1.0016191240043557,-0.25927946659540174,-0.29632614227496346,-0.47798577168955886,4
2012-07-31,45.5,167.8316,9.9596,32.86000061035156,UK,0.06390743868274762,0.12416305357803714,45.5,-0.02913043704621976,0.024513182393301358,-0.024513182393301358,0.008594191637828041,0.23790513629823531,0.008044620627645216,0.0338144049885521,-0.5561877295911871,-1.1672235311969656,-0.6003525137229931,-0.5202302209841457,-0.7109984988738229,4
2012-08-31,49.8,166.2564,10.1783,33.939998626708984,UK,0.041838598735979726,0.05892752153578784,49.8,-0.0281438700890273,0.0026400039403042808,-0.0026400039403042808,0.032866646265891974,0.2264469536900666,-0.014988009318106843,-0.06618772773874729,1.1334775780408224,-1.1749733160664786,-0.5648532774612727,0.09682830345611489,-0.1273801780077035,4
2012-09-28,49.8,163.4999,10.4004,34.79999923706055,UK,0.031034536055521755,0.050000049327982854,49.8,-0.046600004431709086,0.04418541610192461,-0.04418541610192461,0.025338852243641075,0.19677409472788732,-0.03194531382520871,-0.16234511900250323,0.7538821192694367,-1.329391773449386,-0.8193661696386035,0.1428295069468915,-0.31301157921791534,4
2012-10-31,48.0,163.3692,10.4799,34.959999084472656,UK,0.05663614399565953,0.07494287228816598,48.0,-0.04347337321759159,0.0543795400124758,-0.0543795400124758,0.004597696865513701,0.1524175203260887,0.005780369125999885,0.03792457135920536,0.22332212952794459,-1.1962293590812074,-0.4820152243507752,0.5697297783431552,-0.2212981688902207,4
2012-11-30,48.0,163.3102,10.6415,35.36000061035156,UK,0.01640265855050993,0.061651591276771445,48.0,-0.06483019109943433,0.17849983941880687,-0.17849983941880687,0.011441691543309096,0.15075462589416536,-0.003988586773063796,-0.02645747518131824,0.3675611327689576,-1.4236770179015568,-0.44176319367975236,-0.021845158575219244,-0.3799310593468927,4
2012-12-31,50.7,162.6159,10.7454,35.880001068115234,UK,0.018394644029111173,-0.015607618634901899,50.7,-0.06148247031059806,0.12719109609877366,-0.12719109609877366,0.014705895044906825,0.14886793531857506,0.13697749764080602,0.920127610742208,0.9936607918964577,-1.5508141138840337,-0.215571898609932,0.10207706523628805,-0.16766203884030498,3
2013-01-31,51.0,164.6059,11.295,36.93999862670898,UK,0.017325479917126074,0.017325479917126074,51.0,-0.019219860860529403,0.13408169002771197,-0.13408169002771197,0.02954285192415207,0.14845536399441123,0.1012891053282583,0.6822865984961746,0.20131462425181737,-0.9700554127175102,0.2859529215723284,-0.10379074618618403,-0.14664465326988713,3
2013-02-28,47.9,168.2994,11.2018,35.939998626708984,UK,0.044518707566931104,0.03784086428264,47.9,0.012288248753130615,0.100557067486712,-0.100557067486712,-0.027070926832058806,0.14510430514458983,0.12416305357803714,0.855681390392341,-0.6702917135709716,-0.28464787597167973,0.4947425525022139,-0.5984823972439846,-0.2646698585711055,3
2013-03-29,47.9,168.028,11.2919,36.540000915527344,UK,-0.033388100441582025,0.07389164464394171,47.9,0.027694818161968282,0.08571785700549994,-0.08571785700549994,0.01669455514036855,0.14457211490397848,0.05892752153578784,0.40759949852657384,-0.7735319310485218,-0.10547071014741344,0.6067374565274087,-1.0910682319287133,-0.34083335414930993,4
2013-04-30,50.5,165.5589,11.4896,37.58000183105469,UK,0.0,0.08302285204538018,50.5,0.01340338325706436,0.09634633918262558,-0.09634633918262558,0.02846198383879628,0.14619888435731146,0.050000049327982854,0.34200021120395324,0.4156668630897749,-0.41032598431128603,0.647364821466984,-1.120776958696091,-0.11701781461265451,4
2013-05-31,51.9,171.7771,11.3293,37.540000915527344,UK,-0.006393225162856231,0.09270110435178291,51.9,0.05184550628191009,0.06463374524268195,-0.06463374524268195,-0.0010644202655224477,0.06657046535093127,0.07494287228816598,1.1257675891718488,0.5719915499415047,-0.21760538679985578,1.1275475276175222,-0.9144750560517851,0.1418646586768465,3
2013-06-28,51.9,169.8379,10.8193,35.31999969482422,UK,0.11098533458416227,0.18233291852640354,51.9,0.044411401345132884,0.006877361475608135,-0.006877361475608135,-0.05913695169317068,0.09198110910064838,0.061651591276771445,0.6702636212976133,0.5356202584740605,-0.2843744511616516,1.2319777727063579,-0.8222282751097012,0.1652488262272664,2
2013-07-31,54.6,169.5706,11.5468,37.58000183105469,UK,0.08302285204538018,0.059606113747404876,54.6,0.03016113031185408,0.022293050022133665,-0.022293050022133665,0.06398647100106425,0.1082206380179644,-0.015607618634901899,-0.14422035316693538,0.6903311590344393,-0.39028224494442015,0.1083240680644,-0.9622282956160716,-0.1384638283654131,4
2013-08-30,54.6,165.8779,11.4353,37.29999923706055,UK,0.09973193825181115,0.1399464162861599,54.6,-0.014388048917583718,0.020844864218250603,-0.020844864218250603,-0.007450840349953247,0.10712148155925454,0.017325479917126074,0.16173674658842763,0.6678507738003666,-0.7076150897797968,-0.35400115626264983,-0.7688578797928486,-0.2906558380087322,4
2013-09-30,57.1,158.9755,12.0183,39.2400016784668,UK,0.0642200951904972,0.04943931049252659,57.1,-0.05387494941319293,0.0643292979923662,-0.0643292979923662,0.05201079037767653,0.11478581991755228,0.03784086428264,0.3296649735117118,1.0699533840204551,-0.9799000206459164,-0.609752969728415,-0.28412147453195885,-0.20095527022145876,4
2013-10-31,56.2,158.7646,12.5318,40.70000076293945,UK,-0.021621647459931892,0.057493860165197974,56.2,-0.04103856693901686,0.09070811864642825,-0.09070811864642825,0.03720690677936034,0.1175370154057625,0.07389164464394171,0.6286670151428655,1.0510493921280908,-1.0596852099572187,-0.5942159842032805,-0.5331138515369255,-0.28399141339233347,4
2013-11-29,56.2,155.0862,12.6623,41.02000045776367,UK,0.03656752762702853,0.05948314479472838,56.2,-0.09716603668358592,0.11765952000564917,-0.11765952000564917,0.007862400216847254,0.11765243947327182,0.08302285204538018,0.7056619685666716,0.9116322127061335,-1.4049711565409029,-0.8820777632135255,0.11632502463060346,-0.31477292060442286,4
2013-12-31,57.1,153.1449,13.0136,41.7599983215332,UK,-0.013888841946105845,0.0,57.1,-0.09828783799140228,0.20281349070642274,-0.20281349070642274,0.01803992821822309,0.11775302005131236,0.09270110435178291,0.7872503338885681,1.1138773201101664,-1.4463417850130056,-1.1013618090241597,-0.36620230011311716,-0.450007143510029,4
2014-01-31,56.3,150.7379,12.7415,39.81999969482422,UK,0.08086391876898125,0.023606193719563517,56.3,-0.1110611155471527,0.10346589531298722,-0.10346589531298722,-0.04645590767920693,0.13015806397066482,0.18233291852640354,1.400857641578765,0.6411874105498325,-1.6051041562239081,-1.0790258401673574,0.33753815311256086,-0.4263511081822181,5
2014-02-28,56.1,151.4598,13.2531,42.52000045776367,UK,0.022107211114513303,-0.033866383142196255,56.1,-0.08691995739034564,0.1589639099979887,-0.1589639099979887,0.06780514273309746,0.13749774617367144,0.059606113747404876,0.4335061148720012,0.5723855361018537,-1.4040691674235068,-0.6537823048644402,-0.06510991881457502,-0.3876439637501671,4
2014-03-31,54.9,150.2071,12.9424,41.18000030517578,UK,0.0140844587678286,-0.05876643918670432,54.9,-0.05515566864076549,0.07689107444480503,-0.07689107444480503,-0.031514584622804764,0.1450297600159971,0.1399464162861599,0.9649496508214831,0.4933616078768976,-1.1932021151464565,-0.190385909066237,-0.20281848934508195,-0.27326122642021944,4
2014-04-30,57.6,148.5656,13.4564,43.040000915527344,UK,-0.05297403683770818,-0.11663569588709344,57.6,-0.06423976125660258,0.07378030290939841,-0.07378030290939841,0.045167571553363706,0.1481755828193311,0.04943931049252659,0.33365355851380324,0.9941916256019205,-1.3632602398576088,-0.6856063116150984,-0.3534368771543136,-0.352027950756275,5
2014-05-30,57.6,149.1624,13.5442,43.459999084472656,UK,-0.05476293841589819,-0.12425213587063666,57.6,-0.03819682215438902,0.0696476943367319,-0.0696476943367319,0.009758321561600836,0.14751205969791964,0.057493860165197974,0.3897570156835713,1.094774526153088,-1.2850225882901738,-0.6926914407682918,0.03687435063613654,-0.2115162880673103,4
2014-06-30,56.9,146.9717,13.5359,41.7599983215332,UK,-0.07183908334721067,-0.1364941852812056,56.9,-0.04030953691569228,0.0401349357595131,-0.0401349357595131,-0.03911644727914476,0.13785844309793485,0.05948314479472838,0.4314798822475564,1.3655884901804989,-1.25510785757284,-0.4327584415911555,-0.0017893716923206608,-0.08101679516895434,3
2014-07-31,55.1,147.3367,13.4882,40.7599983215332,UK,-0.06722271777724809,-0.11481836808629375,55.1,-0.022563668460287567,0.058603775065730224,-0.058603775065730224,-0.02394636111573689,0.13151326456466092,0.0,0.0,0.9099734608095432,-0.952621791330796,-1.464261801045515,-0.7442471147285075,-0.5627893115738188,4
2014-08-29,55.1,149.1954,13.4949,41.08000183105469,UK,-0.07351510036887787,-0.07010713095777121,55.1,-0.01495050171728729,0.018244788011861246,-0.018244788011861246,0.007850920576520926,0.13050862149023681,0.023606193719563517,0.18087842358621087,0.6856778154809903,-1.3758776034283522,-0.6894260961233645,-0.5339534690531983,-0.47839483828098117,4
2014-09-30,51.6,150.5708,12.9687,38.7599983215332,UK,-0.06965936700627251,-0.07069138241544559,51.6,0.002421323625847238,0.002032080603288522,-0.002032080603288522,-0.05647525331334491,0.13621855659297313,-0.033866383142196255,-0.24861798560522452,-0.2934695928267116,-1.2377764706383094,0.22190779024842255,-0.5979486043396514,-0.4768217193890625,4
2014-10-31,52.6,147.7834,13.0523,38.02000045776367,UK,-0.051025739172836815,0.010520718210563773,52.6,-0.005265014242866406,-0.030030320145061018,0.030030320145061018,-0.019091792977669497,0.13082701620385412,-0.05876643918670432,-0.44919192451148393,-0.32152064852223566,-1.4947235435576072,0.6254020635807056,-0.5456645137712606,-0.43412666056759946,5
2014-11-28,52.6,146.853,13.4699,38.060001373291016,UK,0.0036783863530462924,0.015764541578344504,52.6,-0.015482454023265757,-0.005485742974852603,0.005485742974852603,0.0010521019212448302,0.13027211661415655,-0.11663569588709344,-0.8953235651536098,-0.32569517660888997,-1.2724072325634608,0.6251154735451677,-0.7702676042002422,-0.4358136349568563,5
2014-12-31,52.2,142.1281,13.5928,36.060001373291016,UK,-0.0011092876872981217,0.012201847197789828,52.2,-0.032956004455279575,0.004203636256178145,-0.004203636256178145,-0.05254860556582952,0.1353375788942604,-0.12425213587063666,-0.9180904290279581,-0.20191069244705306,-1.1999801809230288,-0.058916160243180596,-0.9175580264602385,-0.5945912650183753,5
2015-01-30,52.2,133.3125,14.8779,36.08000183105469,UK,0.06485577104035922,0.027716184846179326,52.2,-0.09518470279299052,0.10303079728948261,-0.10303079728948261,0.0005546438436490053,0.13014119891754364,-0.1364941852812056,-1.048816104481158,-0.017012806957658423,-1.0526067609518437,-0.9788155466039189,-0.7105609044361008,-0.6897490047373804,5
2015-02-27,52.4,130.0309,15.6932,38.20000076293945,UK,0.01204186060956669,-0.10680632852272054,52.4,-0.1284523517481102,0.1628985764992701,-0.1628985764992701,0.05875828226982094,0.1246247540200569,-0.11481836808629375,-0.9213126957732255,0.5589754302279418,-1.1879182550182308,-1.2386530960286541,-1.166528825128475,-0.7585311864868545,5
2015-03-31,53.9,130.648,15.2208,36.02000045776367,UK,0.013325917160916356,-0.08995007321740478,53.9,-0.13231516336500837,0.17365657313377603,-0.17365657313377603,-0.057068069676342925,0.13220749115413657,-0.07010713095777121,-0.5302810782184461,1.1498308309953857,-1.1870305905200647,-1.003791078534488,-1.268715922480014,-0.5774266901347952,5
2015-04-30,52.4,127.6602,16.0246,38.41999816894531,UK,-0.03487757422575144,-0.09057781645208907,52.4,-0.13616684959203806,0.22772231713950797,-0.22772231713950797,0.06662958580458178,0.1433270618518647,-0.07069138241544559,-0.49321727175645647,0.838297850509029,-1.269844620964613,-1.4528162548401315,-1.509842586892918,-0.8485514030471584,5
2015-05-29,52.4,129.7822,15.7942,38.65999984741211,UK,-0.11743406449680183,-0.11122605416534648,52.4,-0.11624413529175448,0.17255510434375898,-0.17255510434375898,0.006246790471239327,0.14287771760671425,0.010520718210563773,0.07363442240534064,0.6641657518703773,-1.2984767234667607,-1.324073042572187,-1.5744199736611086,-0.8832009969574197,5
2015-06-30,52.0,129.92,14.7261,36.5,UK,-0.10191784166309936,-0.11561647180008561,52.0,-0.08589504819947635,0.08337502207050784,-0.08337502207050784,-0.05587169829119121,0.14764254655895578,0.015764541578344504,0.1067750587196049,0.43760874811936423,-1.0049427777282427,-0.4321398955591679,-0.6654112983078722,-0.41622130586897965,4
2015-07-31,52.6,129.3115,15.1563,37.08000183105469,UK,-0.057713136425830425,-0.17152109502793134,52.6,-0.03001218940459449,0.018712318270723616,-0.018712318270723616,0.01589046112478587,0.14900147197888303,0.012201847197789828,0.08189078292809827,0.9038922925856523,-1.6029215048291157,0.8763631662506486,-0.57526671611917,-0.0994831905279962,4
2015-08-31,51.6,129.453,14.1071,34.119998931884766,UK,0.007034047068580573,-0.12778425672600346,51.6,-0.0044443282327508715,-0.1010692529248336,0.1010692529248336,-0.07982747446066485,0.1644591913223135,0.027716184846179326,0.16852925411666453,0.25712973861329425,-1.6122361681911914,0.5088637053410786,-1.1234217697167317,-0.4924161234883876,5
2015-09-30,51.7,126.3435,14.0045,32.779998779296875,UK,-0.015253203740684396,-0.04331904276464327,51.7,-0.032947308799216146,-0.07991038578786924,0.07991038578786924,-0.03927315927714392,0.1605001404719985,-0.10680632852272054,-0.6654594083757478,0.7198619901040632,-1.7436810391174877,-0.9392779673123974,-1.0558000491266766,-0.7547242663631246,5
2015-10-30,51.7,122.1305,15.2072,34.939998626708984,UK,-0.12077846248478741,-0.06639953594762749,51.7,-0.043315771086055,-0.05100907354941775,0.05100907354941775,0.06589383550484817,0.1784120811371019,-0.08995007321740478,-0.5041703041863071,0.7789879730255808,-1.54419652380848,0.00941025567054898,0.687509541350852,-0.017072188440374586,2
2015-11-30,52.3,121.1882,15.3019,34.36000061035156,UK,-0.133876609422524,-0.06169961857468875,52.3,-0.06621863398832806,-0.03116966987881631,0.03116966987881631,-0.016599829397647925,0.17854602222414237,-0.09057781645208907,-0.5073079496466175,0.5956996441203225,-1.5199086968698294,-0.2712683618149711,-0.7822254122108069,-0.49442570669382124,4
2015-12-31,51.1,121.6958,14.9422,32.279998779296875,UK,-0.028500563932343348,-0.047707529938520454,51.1,-0.0633020320197043,0.014674625325102886,-0.014674625325102886,-0.06053555861777404,0.18091859496862508,-0.11122605416534648,-0.6147850870975164,0.0211023772507544,-1.5520910983823475,-0.7961570705657794,-0.5053366467006875,-0.708120609599515,5
2016-01-29,51.1,119.3228,14.8706,30.71999931335449,UK,0.06184894729813073,0.015625047536257597,51.1,-0.07724525660904091,-0.018850247091968364,0.018850247091968364,-0.048327122829475155,0.18497484508475423,-0.11561647180008561,-0.6250388897317952,0.11475925384590803,-1.5060014846124157,-1.2878874574813561,-1.3468539828885036,-1.0064959177840918,5
2016-02-29,50.8,116.2768,15.2969,29.76000022888184,UK,0.08333338140159485,0.05981185056974647,50.8,-0.10178365893413055,0.08434050938888937,-0.08434050938888937,-0.031249970896168655,0.16858284975342233,-0.17152109502793134,-1.017429087708546,0.48182397287392,-1.3127473818677708,-1.2779147062599985,-0.8304639642438852,-0.7348255198744337,5
2016-03-31,51.2,112.7851,15.9455,31.36000061035156,UK,-0.019770434539747472,0.010204071702683448,51.2,-0.10731379137035146,0.13859830768681491,-0.13859830768681491,0.053763453264927374,0.17782341788564787,-0.12778425672600346,-0.7186019605594193,0.02922746187228649,-1.206328162393716,-1.2739006583428514,-0.59794732455754,-0.7622371708554553,5
2016-04-29,51.2,113.1497,16.0698,32.619998931884766,UK,-0.04353152101293667,-0.08031879269388387,51.2,-0.07353445699477201,0.05672313114840333,-0.05672313114840333,0.04017851712404941,0.1669812654103557,-0.04331904276464327,-0.25942456872743724,-0.014637194260223831,-0.5915266870136262,-1.2680150272875341,-0.9219546464848853,-0.6990333887615674,5
2016-05-31,50.6,115.0678,15.7472,32.2400016784668,UK,-0.02171218134293662,-0.06761793111135117,50.6,-0.05050326681970674,0.029100961318529128,-0.029100961318529128,-0.011649211093214817,0.16574668601982584,-0.06639953594762749,-0.40060852824342497,-0.281996712455448,0.22962865714515918,-0.8760700963180662,-0.7380115075396586,-0.4166124147920034,4
2016-06-30,53.0,120.0155,15.7948,30.739999771118164,UK,0.030579067698653484,-0.001626520410957344,53.0,-0.013807378726299557,0.057059870701770876,-0.057059870701770876,-0.046526111329283526,0.16341621076121457,-0.06169961857468875,-0.3775611873955691,0.7301825684660288,0.8176145851253523,-1.049437093719712,-0.7919592399837876,-0.07339979502802962,4
2016-07-29,53.0,123.2327,15.9075,31.200000762939453,UK,-0.03846156197421824,0.008012820316881442,53.0,0.03276741745919476,0.06972818850618001,-0.06972818850618001,0.01496424838146826,0.16323894206861822,-0.047707529938520454,-0.2922558142925625,0.6625874089742522,0.9904441022110867,-0.37109619151290685,-0.22869261342946842,0.26331067656074086,3
2016-08-31,53.3,124.4044,15.8719,31.540000915527344,UK,-0.04692458486443307,0.011731100860641108,53.3,0.06989872442310086,0.037589315482221775,-0.037589315482221775,0.010897440521596247,0.1473172555470561,0.015625047536257597,0.10606393309619212,1.303379852242388,1.0948978710698285,0.673318753555008,-0.7344335004475009,0.5842907441049309,1
2016-09-30,55.2,128.4845,15.6401,31.68000030517578,UK,-0.031249992474161048,0.02746208723181831,55.2,0.13919746491336182,-0.019152739017277542,0.019152739017277542,0.0044387883825176555,0.14286948334411545,0.05981185056974647,0.41864678985143133,1.087084448970599,1.4501759578594131,1.0317437280016637,-0.9633174843346497,0.6514216626242566,1
2016-10-31,54.1,136.5254,14.8171,30.0,UK,0.04833335876464839,0.10333328247070317,54.1,0.2065909145141347,-0.07795367708372236,0.07795367708372236,-0.053030312152532066,0.13008428016484183,0.010204071702683448,0.07844200459696532,0.6154184104934459,1.6709680827566802,1.1834856226399326,-0.7733288911912506,0.674135806174702,1
2016-11-30,53.2,138.9127,14.2139,30.059999465942383,UK,0.06154359329133574,0.15136397954911063,53.2,0.20722478399691302,-0.09736969111969107,0.09736969111969107,0.0019999821980793975,0.13069088938930531,-0.08031879269388387,-0.6145707100869765,-0.09794761203758856,1.7495833556309386,1.1942057048989587,-0.9648532672122706,0.4702470453200095,1
2016-12-30,53.2,144.4879,14.378,30.690000534057617,UK,0.060606017290186553,0.08602154614065194,53.2,0.2039103282492678,-0.08970040772912602,0.08970040772912602,0.02095811973746109,0.12170083479527546,-0.06761793111135117,-0.5556077838340034,-0.2535023912989816,1.7865012060987477,1.2418697374505159,-0.889900925381256,0.4712419067172565,1
2017-01-31,55.3,146.4485,14.1066,31.450000762939453,UK,0.052464154885681014,0.08489660108662478,55.3,0.1883899322176663,-0.11321074964639322,0.11321074964639322,0.02476377372618299,0.11413049597087986,-0.001626520410957344,-0.014251409293554168,0.4727801036127281,1.7323290325109102,1.557619609101945,-0.9764748887726145,0.6965634641132423,1
2017-02-28,54.9,147.0301,14.3816,31.90999984741211,UK,0.08461299830305147,0.060482617185982246,54.9,0.18187218458511123,-0.09389550085371001,0.09389550085371001,0.01462636163159381,0.10842666860235735,0.008012820316881442,0.07390082550878292,-0.44215527289295126,1.5094012998455617,1.7192844178947908,-1.1483902316496053,0.40953505329944906,1
2017-03-31,54.1,148.2097,14.3922,32.54999923706055,UK,0.02396321389482714,0.07066050049063688,54.1,0.1535220201658567,-0.07978849240094366,0.07978849240094366,0.02005638961795042,0.09695669916385205,0.011731100860641108,0.12099319553789806,-0.6132936892578549,1.3543508467383978,1.7522885396857075,-0.7775896881354539,0.4289390022576992,1
2017-04-28,54.1,146.9432,14.2722,33.099998474121094,UK,0.03081572522008269,0.059214591828526286,54.1,0.07630667992915607,-0.036775077444304194,0.036775077444304194,0.016897058370260565,0.08987850744029044,0.02746208723181831,0.3055467654495973,-0.5660204474393392,-0.02937755462311997,1.2022120393725577,-0.7165687209817915,-0.027438670917923236,4
2017-05-31,56.5,148.7572,14.7025,34.61000061035156,UK,-0.022247918063698968,0.011846282582540058,56.5,0.07086825034716049,0.03437480213030897,-0.03437480213030897,0.045619401989128505,0.09854299218200321,0.10333328247070317,1.0486111714555264,0.3939387351977757,-0.1949612796236414,0.027903294289264673,-0.2125876193211393,0.003573282635564924,3
2017-06-30,54.2,147.4161,14.406,33.33000183105469,UK,0.04560445723258777,0.07470740254954067,54.2,0.020266056880887673,0.0019474196689386325,-0.0019474196689386325,-0.03698349484900143,0.09328352884238632,0.15136397954911063,1.6226227869751602,-0.627777670432335,-1.0637364455023293,0.07350530844285147,-0.2299508818197548,-0.46198992232789193,5
2017-07-31,55.5,146.9131,14.6018,34.119998931884766,UK,0.027549896566023246,0.08909733325596614,55.5,0.003172446286578534,0.035104135652815005,-0.035104135652815005,0.02370228195109214,0.09448856007932119,0.08602154614065194,0.9103911210885067,-0.253841487848592,-1.3364624541417216,-0.5117484919986717,-1.6526281465355732,-0.9386701451311397,5
2017-08-31,57.0,149.8197,14.4151,33.84000015258789,UK,0.03486998522030271,0.024527128032354684,57.0,0.018972985803587195,0.0023293653001057457,-0.0023293653001057457,-0.008206295078022952,0.09573472584896482,0.08489660108662478,0.886790037092301,-0.0945604017407182,-1.12310294069853,-0.5993058386096568,-1.4402608984079246,-0.8143075198642074,5
2017-09-29,57.0,148.7642,14.3893,34.849998474121094,UK,0.027833608699392887,-0.0028693968005579773,57.0,0.003741320574834006,-0.00020149803365709928,0.00020149803365709928,0.029846285962737085,0.09854442965030503,0.060482617185982246,0.6137598786720972,-0.17869010266595703,-1.1498910878168125,0.4265650880844307,-1.1601248924464613,-0.5155352487112,5
2017-10-31,56.6,150.7345,14.4059,35.060001373291016,UK,0.05989727301382497,0.03394177353385763,56.6,0.02580112587720973,0.009367861997449767,-0.009367861997449767,0.006025908417926162,0.07272730193910688,0.07066050049063688,0.9715814914981928,-0.3184884114625771,-0.7819160262272437,0.3714063365732298,-1.041088495931073,-0.442521649261916,5
2017-11-30,58.2,151.0302,14.0594,35.02000045776367,UK,-0.009994354204549083,0.028840614172787715,58.2,0.01527993266880534,-0.04374086039789149,0.04374086039789149,-0.0011409273805054188,0.07332390848249518,0.059214591828526286,0.8075754969153445,-0.13981007169348364,-0.8684381275992809,1.2345392293895963,-0.7477167278024969,-0.1303564244264163,4
2017-12-29,58.2,151.9442,14.6633,35.81999969482422,UK,-0.029871571857629786,-0.029034084991285458,58.2,0.030716454986938313,0.017860613633208233,-0.017860613633208233,0.022844067007520286,0.07357065885346606,0.011846282582540058,0.16101911777268196,-0.25121767413401075,-0.830662562194672,0.0971328862332978,-0.82311160021012,-0.45196473757637623,5
2018-01-31,55.2,152.9801,14.2679,37.15999984741211,UK,-0.024488693518535776,-0.055166825766370775,55.2,0.041296521549133436,-0.022867043789121966,0.022867043789121966,0.037409273143615085,0.07676196944242822,0.07470740254954067,0.9732345729557071,-0.8705715001320127,-0.5855886292625646,1.0630194051309119,-0.3272985842872802,-0.18010982713773643,3
2018-02-28,55.3,155.5044,13.4742,34.66999816894531,UK,0.03922701708042631,-0.0317276761527604,55.3,0.03794360821707676,-0.06527183300844264,0.06527183300844264,-0.06700758042764643,0.11173611324504558,0.08909733325596614,0.7973906615184393,-0.8117594305062736,-0.6799410981915881,1.2606130286916146,-0.7289772184396037,-0.2400161796114627,4
2018-03-30,55.3,154.5298,13.22,34.75,UK,0.0008632742243706026,-0.018129527140006707,55.3,0.038756636341270356,-0.08126177089920983,0.08126177089920983,0.0023075233712110954,0.11095364704424954,0.024527128032354684,0.22105742970821857,-0.7444612126092544,-0.7773524468611085,-0.007360474814783775,-0.753942602406375,-0.5707791841728804,4
2018-04-30,53.8,158.3932,13.7132,36.25,UK,-0.03144825902478443,-0.12248277335331359,53.8,0.05080920426312496,-0.048084465392651654,0.048084465392651654,0.043165467625899234,0.1167414314629578,-0.0028693968005579773,-0.024579078435135005,-0.836660026534077,-0.5731998996176274,-1.129187541058868,-0.59721721679838,-0.7840661710022381,5
2018-05-31,54.3,162.589,13.6375,36.02999877929688,UK,-0.06827641320615863,-0.12767134693227622,54.3,0.07653303776330822,-0.030008392961292873,0.030008392961292873,-0.006068999191810143,0.10987539643826817,0.03394177353385763,0.3089115000638683,-0.6385498108047031,-0.05847209209637997,-1.4061092013435452,0.500606058604876,-0.4006312614099381,4
2018-06-29,54.3,165.9663,13.2947,34.779998779296875,UK,-0.018976419510542963,-0.1561241687293965,54.3,0.09228453603362285,-0.09333506100263922,0.09333506100263922,-0.034693312305030255,0.10896761008621975,0.028840614172787715,0.2646714390631107,-0.6613453154167913,0.3291924414889032,-0.24707198455060866,0.9359991964461815,0.08919358449192116,2
2018-07-31,53.9,166.9239,13.4132,35.11000061035156,UK,-0.09399034711028265,-0.10310455073492952,53.9,0.09114780288416613,-0.05990369991379241,0.05990369991379241,0.009488264595659546,0.10707678548235756,-0.029034084991285458,-0.2711520042415659,-0.6133762827123942,1.2196202044866877,-0.6499731876467881,0.15092140071401733,0.026798033710380684,3
2018-08-31,52.9,168.3744,12.75,33.56999969482422,UK,-0.06374737590415824,-0.02978850190916682,52.9,0.08276293146689095,-0.05374716124148371,0.05374716124148371,-0.04386217284978633,0.11659934375795603,-0.055166825766370775,-0.4731315287750625,-0.774298565028165,1.1592702748467612,0.9731667168394451,0.06698598496159525,0.3562811029049091,1
2018-09-28,52.9,168.4642,12.9051,34.119998931884766,UK,-0.13980066529127377,-0.03253225806271287,52.9,0.09017289869009093,-0.023819969742814084,0.023819969742814084,0.01638365332321845,0.11355988104937616,-0.0317276761527604,-0.27939159375277184,-0.753350724054099,1.3620953625539083,0.8308448859150672,-0.360049378451013,0.2698850364909659,3
2018-10-31,51.1,173.4242,11.8984,31.809999465942383,UK,-0.010059720219952495,0.06130144257558379,51.1,0.09489675061808223,-0.13233964355511474,0.13233964355511474,-0.0677022138996527,0.1309934156803995,-0.018129527140006707,-0.13840029321961886,-0.9856236902976724,1.533290801336787,0.9936968792991022,-0.4588154672367063,0.27063713077537765,2
2018-11-30,53.3,173.4026,11.6625,31.43000030517578,UK,0.03627105881576176,0.008272358458711881,53.3,0.06650880440866236,-0.14482126489459213,0.14482126489459213,-0.011945902771028027,0.13087519552517127,-0.12248277335331359,-0.9358746159791329,-0.4279943248879018,1.5892245756897376,1.2473338166708783,-0.7116466161002973,0.4242293628431042,2
2018-12-31,54.3,172.5625,11.2813,29.350000381469727,UK,0.12470180212925097,0.10119247954864141,54.3,0.039744213132425044,-0.15144380843494032,0.15144380843494032,-0.06617880698408796,0.1378509952130917,-0.12767134693227622,-0.9261546986651809,0.23576315750553736,1.0919517390097726,0.919657751625547,-1.052112102611217,0.29881513638241,2
2019-01-31,52.8,164.8774,12.2203,31.489999771118164,UK,0.0720863311182689,0.0015878420061163911,52.8,-0.012260077795929858,-0.08893478066382365,0.08893478066382365,0.07291309580355354,0.15613898764803977,-0.1561241687293965,-0.9999050914901749,0.016742411390626457,-1.0691278115412128,0.5657883043971585,-0.9473322447818205,-0.3584823351338121,4
2019-02-28,52.1,163.7945,12.4817,32.56999969482422,UK,-0.027018703377711284,-0.06846790184621043,52.1,-0.027200690841363118,-0.021043137254901922,0.021043137254901922,0.03429659992238565,0.15050985243786688,-0.10310455073492952,-0.6850352257005428,0.12256129223179976,-0.6079321878899592,0.13381104724800116,-0.7657222579449207,-0.2793205265887697,3
2019-03-29,52.1,165.9673,12.6416,33.0099983215332,UK,-0.020902716200954186,-0.047864225892030765,52.1,-0.014821546655016338,-0.020418284244213436,0.020418284244213436,0.013509322408096436,0.15146217434950426,-0.02978850190916682,-0.19667287913369585,0.0802150791341641,0.18346111993763037,0.10392671365317532,0.45117128086339214,0.20469354839709047,3
2019-04-30,53.1,167.6255,12.7373,33.7599983215332,UK,-0.06575822027188538,-0.036433637541142705,53.1,-0.03343651001417347,0.07050527802057416,-0.07050527802057416,0.022720388916553036,0.1458835675820158,-0.03253225806271287,-0.22300152513355026,0.9319599229835194,-0.49017926390997185,0.42337838943757433,0.05441145531801875,0.22989262595728513,3
2019-05-31,49.4,170.133,12.1239,31.690000534057617,UK,-0.042600200653794995,0.0391290549138843,49.4,-0.018855541958425093,0.039562700964630215,-0.039562700964630215,-0.06131510338835755,0.15636991200896583,0.06130144257558379,0.3920283754592695,-0.15443942616877146,0.0745913632068722,-0.4692574537744437,-0.1828166757149522,-0.1829805481128238,3
2019-06-28,49.4,169.745,12.6024,32.31999969482422,UK,-0.027537110088245553,0.05507422017649111,49.4,-0.01632741760231793,0.11710529814826298,-0.11710529814826298,0.019880061538324556,0.1563768917520876,0.008272358458711881,0.05290013355570771,-0.04326748066383649,0.07202674599150741,1.0486577573061922,-0.14232010941945492,0.23377422830360203,2
2019-07-31,48.0,173.364,12.5871,31.540000915527344,UK,0.03138864410375297,0.03487629810370607,48.0,0.05147218478699944,0.030015629730857585,-0.030015629730857585,-0.02413362582493417,0.15655755636002106,0.10119247954864141,0.6463596002733867,-0.05590776614753022,1.037638968143737,1.6106892997725386,-0.5304831760723782,0.5154843314240918,1
2019-08-30,48.0,171.7864,12.0496,30.34000015258789,UK,0.08536585825847376,-0.03427821062283798,48.0,0.04879223661356136,-0.03461868175008209,0.03461868175008209,-0.038046947625441696,0.15520462883649724,0.0015878420061163911,0.010230635632582377,0.25294017638799576,1.008027200364933,1.4730404356911615,-0.7971483680135999,0.4842148611076226,1
2019-09-30,48.3,169.1696,12.575,31.43000030517578,UK,0.08495062497678774,-0.24021638788103583,48.3,0.019294764691598854,-0.005268320465763865,0.005268320465763865,0.035926174921093956,0.15964771084402207,-0.06846790184621043,-0.4288686726808409,0.6339649745911534,0.46191438546294283,1.4704282917043814,-1.1777285205942598,0.34714478279105443,2
2019-10-31,49.6,162.9781,12.7395,32.529998779296875,UK,0.00338151289515487,-0.2237933923296086,49.6,-0.027724898658020303,0.00017272106333376946,-0.00017272106333376946,0.034998360274910656,0.14890611206600682,-0.047864225892030765,-0.3214389606171008,0.8196693283705047,-0.5183724611258358,0.9420117188761016,-1.4136519656507387,-0.04258584488249206,3
2019-11-29,49.6,162.7149,12.925,32.93000030517578,UK,-0.11023386074930241,-0.21864563304628304,49.6,-0.04360177037964419,0.0660760976253516,-0.0660760976253516,0.012296389206552405,0.14827365983939608,-0.036433637541142705,-0.24571887940586426,0.8196693283705047,-1.249095093783659,1.0653284667503695,-1.2469305032191127,-0.15275695047047436,4
2019-12-31,47.5,162.4868,13.2738,34.099998474121094,UK,-0.2997067381428352,-0.24457473954342202,47.5,-0.0427594332675485,0.053275566558750764,-0.053275566558750764,0.035529856000682036,0.1288115363971368,0.0391290549138843,0.30376980205597526,-0.27747642474094,-1.2065397015471495,0.6736924223217209,-1.429918070416265,-0.5600604435956584,4
2020-01-31,50.0,161.5455,12.903,32.63999938964844,UK,-0.22640929925973363,-0.20557595618707913,50.0,-0.06817159271821138,0.025097123245227282,-0.025097123245227282,-0.04281522433441365,0.12211340160334723,0.05507422017649111,0.4510088119188179,0.5057147515798458,-1.597426027016286,1.1463076689142866,-1.0088174693821712,-0.23855526897608126,3
2020-02-28,50.0,159.7408,11.7649,29.299999237060547,UK,-0.12184299617006988,-0.09078498009131564,50.0,-0.07011963694448442,-0.023627340326649815,0.023627340326649815,-0.1023284379609134,0.15626553199511514,0.03487629810370607,0.22318612209886632,0.9864327880753335,-1.4626487100995882,0.7499558236914818,-1.0799805748124522,-0.20156016828630627,3
2020-03-31,47.8,134.8688,12.0058,23.8799991607666,UK,0.07872701566941287,0.06742046343940822,47.8,-0.20275983391815078,-0.04526441351888655,0.04526441351888655,-0.18498294257422288,0.23363032608230677,-0.03427821062283798,-0.1467198680823736,0.7934085131922431,-1.3143366828027174,0.6416099791283518,-1.076852485444105,-0.23904266898155688,4
2020-04-30,32.6,112.872,14.8528,25.25,UK,0.026930705155476575,-0.03603959791731126,32.6,-0.30744069295199794,0.1658856313042114,-0.1658856313042114,0.057370221414589695,0.24360355493190444,-0.24021638788103583,-0.9860955762660547,-1.1717771779413177,-1.032496977594673,-0.49505229985071214,-1.041798228228095,-0.9352811709036996,5
2020-05-29,32.6,111.4328,15.4543,25.729999542236328,UK,0.0353672702526997,0.09832882750318217,32.6,-0.3151653597795899,0.19569052224371375,-0.19569052224371375,0.019009882860844707,0.24251079729884056,-0.2237933923296086,-0.9228182613817111,-1.1485131266901103,-0.89376671670044,-0.12755209804894826,-1.0356818811295276,-0.8013784556422565,5
2020-06-30,50.1,112.8239,15.4732,25.76000022888184,UK,-0.010481384136827532,0.13703418692860514,50.1,-0.3056426737433441,0.1656948274043606,-0.1656948274043606,0.0011659808464536958,0.24030548324287218,-0.21864563304628304,-0.9098653517835132,0.6965804341833456,-0.759763962310153,0.22492843686826658,-1.43028155941003,-0.31713416266714267,3
2020-07-31,53.3,110.261,15.0814,25.93000030517578,UK,-0.061318940758767204,0.1268800219613575,53.3,-0.3174616439331335,0.16882895450670388,-0.16882895450670388,0.006599381785072245,0.24118097175227868,-0.24457473954342202,-1.0140714574888983,0.7094612562064658,-0.8640605561827098,0.2061369168615465,-1.629339128115246,-0.3944503778074859,3
2020-08-31,55.2,111.3998,15.0481,26.63999938964844,UK,0.06081084370680889,0.14001507263676327,55.2,-0.3026214968248563,0.2790673953879761,-0.2790673953879761,0.027381375862573387,0.24286615752836985,-0.20557595618707913,-0.8464578114925924,0.8991122096085236,-0.9951119019842171,0.3136396304665364,-1.580956344167899,-0.34082910151926404,4
2020-09-30,54.1,117.4653,14.031,25.489999771118164,UK,0.14907811606631816,0.22832482334576798,54.1,-0.12904022279430083,0.16868513551783293,-0.16868513551783293,-0.04316815483776382,0.24000878396829806,-0.09078498009131564,-0.3782569062276784,0.45464866548792227,-0.49067421099224,0.7853676299595226,-1.574621503869537,-0.20631985485358306,3
2020-10-30,54.1,118.1255,13.22,24.34000015258789,UK,0.2004929798756696,0.3364830967693402,54.1,0.04654387270536531,-0.1099321340084024,0.1099321340084024,-0.045115717099114994,0.23515620933909184,0.06742046343940822,0.28670501037967017,0.18340154768350841,-0.1409237064269633,1.2744055044948304,-1.7042844098744383,-0.09685026603076569,4
2020-11-30,55.6,120.8241,14.5724,28.26000022888184,UK,0.07466385680333887,0.19568296680315744,55.6,0.08427769920526096,-0.05706502397391022,0.05706502397391022,0.1610517687641495,0.29736184272094107,-0.03603959791731126,-0.121197789156602,0.4352640978288208,-0.4479872169239787,1.437557853437881,-1.5850196068591937,-0.04004621812911763,2
2020-12-31,57.5,126.5076,14.3087,29.290000915527344,UK,0.06896546559492212,0.11642197817769229,57.5,0.12128369964165397,-0.07525915776956282,0.07525915776956282,0.03644729930302115,0.2975137414788307,0.09832882750318217,0.33050180141067087,0.3582663655772266,-0.28483597870500554,1.4451961809149227,-1.6686762500831809,-0.037512420574009275,3
2021-01-29,57.5,131.578,13.6572,29.21999931335449,UK,0.11327856070241626,0.12217664907819659,57.5,0.19333218454394574,-0.09443420372113998,0.09443420372113998,-0.0023899487874630143,0.29525630016180804,0.13703418692860514,0.46411943404258227,0.4382637268272601,0.6084122588340606,1.159879059025754,-1.210012082131658,0.24913574063885408,1
2021-02-26,54.1,133.9056,13.5985,30.3700008392334,UK,0.11261112880431101,0.08692780406147804,54.1,0.20202729268813768,-0.09633109827818798,0.09633109827818798,0.03935665821023204,0.27819866993848735,0.1268800219613575,0.4560770257794978,-0.38532014704726153,0.590421260694963,1.4937069673016896,-0.5808153696376666,0.2794981778279311,1
2021-03-31,58.9,140.6624,13.3906,31.309999465942383,UK,0.044394804238468755,0.030022374643605687,58.9,0.19748044741723714,-0.04564179317226147,0.04564179317226147,0.03095155089672086,0.18443414382702164,0.14001507263676327,0.7591602603045213,-0.32814041261183374,0.4372696711663401,1.4356498330560916,0.18017466850859748,0.43123844002979883,1
2021-04-30,60.9,147.9191,13.2069,32.529998779296875,UK,0.007992688164376593,0.03535203101854423,60.9,0.2522198847835564,-0.000990922844175568,0.000990922844175568,0.03896516557534757,0.18170547126152356,0.22832482334576798,1.2565654834748838,-0.06569757001060271,0.7863406783377237,0.8016248563020631,0.7305934402046415,0.5632153512084563,1
2021-05-31,65.6,150.3982,13.1151,33.790000915527344,UK,-0.02308382873217707,-0.051790469150174934,65.6,0.24476987620847157,-0.10000411737256731,0.10000411737256731,0.038733543913698876,0.18235897017625194,0.3364830967693402,1.845168880061812,0.5362021953220333,0.4455774651132336,0.5297149535184176,0.825105673384364,0.5841500718345121,1
2021-06-30,63.9,156.0094,12.6729,32.70000076293945,UK,-0.013761490900313977,0.013455615181748204,63.9,0.23320179973377098,-0.11432205581219812,0.11432205581219812,-0.03225806815787946,0.1898661697599936,0.19568296680315744,1.0306363005611623,0.4157494124178994,0.3786249590844358,0.5782498807313663,0.5383073311787945,0.477732895853124,1
2021-07-30,63.9,162.2237,12.2027,32.790000915527344,UK,0.027142402098164764,0.033546765581217164,63.9,0.23290899694477796,-0.10650060041589782,0.10650060041589782,0.002752298180062729,0.19023149585809815,0.11642197817769229,0.6120015912850543,0.45251778549419513,0.4791905214807651,0.5877685852429896,0.14927282858767316,0.41718743020140575,1
2021-08-31,60.3,166.9002,11.9624,33.0099983215332,UK,-0.02938495775000105,0.014541150601043107,60.3,0.24640194286123962,-0.12031474059638925,0.12031474059638925,0.006709283313916625,0.19060482692673486,0.12217664907819659,0.6409945175478643,-0.02573120785997663,0.5948038789673223,0.6526169307193608,-0.20268746738600033,0.2547505336101765,1
2021-09-30,57.1,168.5964,11.8033,32.25,UK,0.027596880299176396,0.04310075626816867,57.1,0.1985889619400778,-0.1185383776679162,0.1185383776679162,-0.023023276588215902,0.18436049257854023,0.08692780406147804,0.4715099360262641,-0.34102173741087666,0.34820823495542114,0.35975989807010816,-0.4328472424006018,-0.016475211696487288,3
2021-10-29,57.1,167.3967,12.1538,33.68000030517578,UK,0.006235127154686548,-0.04097390307633586,57.1,0.13167738311009214,-0.07973862147816668,0.07973862147816668,0.044341094734132724,0.17054034498610027,0.030022374643605687,0.17604265223019594,-0.33797704247947197,-0.051950815286239564,0.50177897330852,-0.6469436678743727,-0.1337731380828911,4
2021-11-30,58.1,171.9923,11.5624,32.040000915527344,UK,0.04525595260631676,0.0352683277505883,58.1,0.14357951092499777,-0.11839025245709145,0.11839025245709145,-0.04869356813504577,0.11137381042373329,0.03535203101854423,0.31741781020191134,-0.28965446952336027,0.6516608619646713,0.8026260120119953,-0.4200858535310655,0.18613663773056027,3
2021-12-31,57.9,172.9503,12.0335,33.13999938964844,UK,0.015087507821625934,-0.09595655895422506,57.9,0.10858896963900899,-0.050454118631094724,0.050454118631094724,0.03433203628867587,0.11086530629589417,-0.051790469150174934,-0.4671476666645259,-0.12425999950295849,-0.01492919438999811,0.26800068947541494,-0.6382706201470632,-0.12736478114115118,4
2022-01-31,57.3,176.2787,12.0192,33.88999938964844,UK,-0.0469164998885645,-0.08793153130438114,57.3,0.08663962170755557,-0.015037655600809718,0.015037655600809718,0.0226312617324389,0.11043690862621297,0.013455615181748204,0.1218398391364825,-0.38130040239618795,-0.3661839829362939,-1.25695552955489,-0.3437020178574944,-0.5870354831862166,5
2022-02-28,58.0,176.8077,12.0244,33.4900016784668,UK,-0.009555195386187099,-0.1367572887880597,58.0,0.059361822214712756,0.005182906440179158,-0.005182906440179158,-0.011802824384346766,0.10890580439312941,0.033546765581217164,0.3080346889511937,0.05379249225418559,-0.43409567910116276,-1.565421388816296,1.1093674982405743,-0.20908926935567473,4
2022-03-31,55.2,185.504,11.6115,33.63999938964844,UK,-0.10939359012914174,-0.22086802734788724,55.2,0.10028446633498711,-0.016249692882499,0.016249692882499,0.0044788803721704795,0.10617153026961719,0.014541150601043107,0.13695903755099503,-0.5840481504681987,0.4303516531969099,-0.6114532889577153,1.2524700600633172,0.12183006845857824,2
2022-04-29,55.2,195.2547,11.1024,32.29999923706055,UK,-0.04303403784770288,-0.13188849604198571,55.2,0.16641905127162016,-0.08650792344781066,0.08650792344781066,-0.03983353676873813,0.1090326677761764,0.04310075626816867,0.39530130874763547,-0.45505206601201337,1.2688833038319374,-0.6035400825472341,0.7834033217813854,0.2484236192635188,1
2022-05-31,54.6,199.5732,10.9722,33.16999816894531,UK,-0.1284292600751945,-0.04944219393521754,54.6,0.1603612487303212,-0.051044765792569,0.051044765792569,0.026934952087755537,0.10500825148202954,-0.04097390307633586,-0.39019698450409757,-0.42231831637199846,1.3903057891362507,-0.9283210492640266,0.8613190315694204,0.2252463637674115,2
2022-06-30,52.8,202.7182,10.2189,29.959999084472656,UK,-0.12516689301047101,0.02336451216055746,52.8,0.17211823281023508,-0.15079569535047999,0.15079569535047999,-0.09677417128946209,0.13990078609716727,0.0352683277505883,0.25209527933669285,-0.43176492508477715,1.514163218147942,-0.6705510569146018,1.5419522496728235,0.48844987145534663,1
2022-07-29,52.8,207.183,10.3385,30.90999984741211,UK,-0.09285017619063662,0.05370429814321365,52.8,0.17531499835204145,-0.13983459797657083,0.13983459797657083,0.03170897169458886,0.14489646777219148,-0.09595655895422506,-0.6622422232203029,-0.38456423217424457,1.499932470299478,0.44868301773962344,1.5122378372191942,0.7690722732710128,1
2022-08-31,47.3,221.5005,9.4585,28.90999984741211,UK,0.09062611044835167,0.1165686250318827,47.3,0.25277632139324235,-0.21339110475366752,0.21339110475366752,-0.0647039796141392,0.15624772938406342,-0.08793153130438114,-0.5627699784887227,-1.1966587805502438,1.660879648415897,1.0736733057820271,0.5072526668867186,0.5112867101335997,1
2022-09-30,48.4,234.7678,8.4598,26.209999084472656,UK,0.16978256079282827,0.23082790722586055,48.4,0.26556731930308786,-0.27142918658226756,0.27142918658226756,-0.09339331640228787,0.17708655617789937,-0.1367572887880597,-0.7722623994713338,-0.8016319247290511,1.7006072556495646,1.0966224260242223,-0.0010469345576237454,0.498637705596778,1
2022-10-31,46.2,224.4185,9.0898,28.040000915527344,UK,0.16155487273141844,0.21005703271524534,46.2,0.14936285784669967,-0.18127612047845498,0.18127612047845498,0.06982075142989297,0.1880363352865579,-0.22086802734788724,-1.1746029139064826,-0.9665855530693424,1.648920879076441,1.3362401243924396,-0.1911362506125557,0.45685979994674564,1
2022-11-30,46.5,217.9576,9.9863,31.530000686645508,UK,0.023786808636798717,0.011734821561278252,46.5,0.09211858105196491,-0.08985435919870222,0.08985435919870222,0.12446503770210482,0.22836185880285456,-0.13188849604198571,-0.5775416995350586,-0.9000425936130101,1.276154406314992,1.5673499428083968,-0.43344085421176837,0.3775052253246526,1
2022-12-30,46.5,215.5056,9.9483,30.65999984741211,UK,0.052185208156683816,0.05512063389170674,46.5,0.06307968401455799,-0.026480345242638648,0.026480345242638648,-0.027592794807704712,0.22679022831496123,-0.04944219393521754,-0.21800848432743458,-0.8184059756742201,1.0465160719698927,0.8872014120157419,-0.599529842721355,0.12894541639751486,2
2023-01-31,47.0,212.2518,10.5062,32.56999969482422,UK,0.041756236508890154,0.022413249894882137,47.0,0.024465327753725008,0.016220921797165833,-0.016220921797165833,0.06229614667050698,0.23527756143187709,0.02336451216055746,0.09930616425282224,-1.1313708498984723,0.7527063074255195,0.2770125386572885,-0.23921145315890643,-0.08521586424364269,3
2023-02-28,49.3,215.1355,10.5204,32.279998779296875,UK,-0.011771969489983825,-0.008674064122841774,49.3,-0.028735826781429274,0.11226938732357139,-0.11226938732357139,-0.00890392748678559,0.2351528670965973,0.05370429814321365,0.2283803672321491,1.3707405902964642,-0.8352267372328188,-0.7214621733717083,0.07542993969803886,-0.027629595152505997,4
2023-03-31,47.9,211.232,10.3577,32.2599983215332,UK,0.002789837485137614,-0.019218814759544456,47.9,-0.10025139733813582,0.22434336509137331,-0.22434336509137331,-0.000619592890954479,0.2350795288383613,0.1165686250318827,0.49586889002161605,0.419436682675988,-1.5460682459686172,-0.783646492763926,0.5268852889087711,-0.34584819178694604,4
2023-04-28,47.9,207.3773,10.901,33.93000030517578,UK,-0.018567670570257322,-0.10109048848586544,47.9,-0.07593491623908011,0.1992563092697308,-0.1992563092697308,0.05176695816899257,0.23657656368084246,0.23082790722586055,0.9757006511315414,0.37827163638621847,-1.4826658868661777,-1.4447660722738924,0.043540229661457854,-0.6264050232730984,5
2023-05-31,47.1,211.1618,10.0927,31.899999618530277,UK,0.0031348082340301175,0.015360494576104111,47.1,-0.03117945875711614,0.010654596797612825,-0.010654596797612825,-0.05982907952806127,0.24409181990527298,0.21005703271524534,0.8605656379503588,0.2085735101712552,-1.3535709438619472,0.35459219362145095,0.1812743652694874,-0.15228271869993845,4
2023-06-30,46.5,207.8682,10.3539,32.349998474121094,UK,-0.021947422502682,0.02163835536188441,46.5,-0.035439450297347186,0.04077078495823394,-0.04077078495823394,0.014106547365894562,0.22068224658840313,0.011734821561278252,0.0531751952986277,0.11910042166029765,-1.2880816209370496,0.7501328362870735,-1.2869882256003589,-0.4264591471475093,5
2023-07-31,45.3,202.1209,10.8703,33.29999923706055,UK,-0.08408406309944738,-0.02612609464917104,45.3,-0.04773057283848714,0.03465572709447762,-0.03465572709447762,0.029366330996875467,0.22042297951310383,0.05512063389170674,0.2500675474647138,0.0975004866572893,-1.3838614783701664,0.2668972887276538,-1.48538326398472,-0.6262117417424858,5
2023-08-31,43.0,203.6631,10.4104,32.0,UK,0.012187480926513672,0.0234375,43.0,-0.05332639197157152,-0.010455876202425829,0.010455876202425829,-0.039039017022371,0.21253280260507587,0.022413249894882137,0.10545783813207404,-0.45639144747344224,-1.4205670821619938,0.5619285425469902,-1.080716621251924,-0.5989366520850925,5
2023-09-29,43.0,207.335,10.5155,31.63999938964844,UK,0.04456383927344221,0.08122628774970941,43.0,-0.018448909256173263,0.015235042528746634,-0.015235042528746634,-0.011250019073486217,0.18262223657996363,-0.008674064122841774,-0.0474973052859514,-0.4736923340666218,-1.5282754816769346,-0.20062702553362366,-1.1722852971091708,-0.8437200345965876,5
2023-10-31,44.8,207.7985,10.1055,30.5,UK,0.0632786985303535,0.13770494304719527,44.8,0.002031080547388653,-0.07297495642601604,0.07297495642601604,-0.036030322744614596,0.1799105297773018,-0.019218814759544456,-0.1068242908479789,-0.01179381826858403,-1.4117217347925226,0.2272652918463188,-0.32915497945787475,-0.38135131016816565,4
2023-11-30,47.2,202.5308,10.5517,32.38999938964844,UK,0.011114560578430188,0.12133375669132529,47.2,-0.04087387017917066,0.04547841509209616,-0.04547841509209616,0.061967193103227514,0.1429119443159733,-0.10109048848586544,-0.7073620680882902,0.5843041832434527,-1.3945321382579936,-0.6293071810131895,-0.8356917232521112,-0.5688067148199604,5
2023-12-29,47.2,200.9749,11.0231,33.04999923706055,UK,0.035098332048109304,0.055370707210262715,47.2,-0.03316187853649577,0.06463265049884592,-0.06463265049884592,0.020376655135814437,0.13971739937207997,0.015360494576104111,0.10993974011209395,0.5745164673886145,-1.1130206916969836,-1.583857502229404,-0.47121724385979297,-0.6483947425993914,4
2024-01-31,47.0,196.9902,11.1013,32.43000030517578,UK,0.06999692989214634,0.11810046192772194,47.0,-0.02538431206273084,0.02125056346191001,-0.02125056346191001,-0.01875942348553916,0.12773010264082565,0.02163835536188441,0.1694068580116232,0.15873299564312973,-1.3663575453850254,-0.17790993108020486,-0.9060798699544662,-0.5729035876941416,5
2024-02-29,47.5,195.3803,11.2177,32.75,UK,0.10900762426944177,0.1459541611999049,47.5,-0.04066912464751826,0.07754745254745266,-0.07754745254745266,0.0098673972190233,0.12763979471543396,-0.02612609464917104,-0.20468612243867798,0.6388226945529456,-1.1710309154560976,0.07494306546830456,-1.1875347124927191,-0.41119996698189165,5
2024-03-29,47.5,195.8156,11.6372,34.209999084472656,UK,0.01958497519944924,0.09353992541881939,47.5,-0.055559360455301854,0.10667110455993534,-0.10667110455993534,0.04458012471672235,0.13451266741472198,0.0234375,0.17424009537881516,0.26887991324889177,-1.1650454487477218,0.8178625368468755,-0.8721833353488488,-0.23762158350020085,3
2024-04-30,49.1,197.8045,11.8092,34.70000076293945,UK,0.04495670098831428,0.02449563272139499,49.1,-0.04809466863331546,0.16859136113997342,-0.16859136113997342,0.01432334672844826,0.12539355323983997,0.08122628774970941,0.6477708434846572,0.6398603705725694,-1.340782472693083,-0.6476746100057933,-0.9930504468783972,-0.585411789751176,5
2024-05-31,51.2,198.7751,11.8975,36.31999969482422,UK,0.03331495304624399,-0.014317193340664391,51.2,-0.01854384617055771,0.1275434290209161,-0.1275434290209161,0.046685847154648075,0.1122057651576746,0.13770494304719527,1.227253723137029,1.260468734770767,-1.3328087584486221,-1.4971894262599097,0.4954858428646203,-0.2685109017682861,3
2024-06-28,51.2,202.022,11.5485,34.880001068115234,UK,0.07253436645131339,-0.02809631629088949,51.2,0.005210103351214412,0.04766354292349706,-0.04766354292349706,-0.03964753961477019,0.12311088905785422,0.12133375669132529,0.9855647832606116,1.2791640329642873,-1.182045978181634,0.14186589528231852,0.7073184632763276,0.23657560333532487,1
2024-07-31,52.1,199.824,11.9691,36.2599983215332,UK,-0.01958078095251925,-0.0179260270620486,52.1,0.014385487196825197,0.07817102501508821,-0.07817102501508821,0.03956414022817967,0.12554211781922678,0.055370707210262715,0.4410528368654196,1.5282935622095917,-1.0169936407753095,-1.2227101467725054,0.053701349098522394,-0.16442721905992522,3
2024-08-30,52.1,198.4463,12.0765,37.52999877929688,UK,-0.04609644547046121,-0.013056165193371716,52.1,0.015692472577839123,0.07655758310527094,-0.07655758310527094,0.03502483498487874,0.11700568064883435,0.11810046192772194,1.0093566506584695,1.5138048812108382,-1.2066833864167217,-1.1950644918758848,1.0383633363249816,0.037605084810803324,3
2024-09-30,51.5,195.7556,12.0101,37.40999984741211,UK,-0.09382513594893838,0.0016038859539093675,51.5,-0.00030641072519244084,0.03204379060255036,-0.03204379060255036,-0.00319741369005766,0.11538391631019981,0.1459541611999049,1.2649437275774171,1.2255782964534803,-1.389278494935121,-0.8758933075928984,1.3358356324005243,0.07406053158149628,3
2024-10-31,49.9,197.8555,11.7061,35.54999923706055,UK,0.0016878023791477847,0.0717299378842795,49.9,0.00025783033247472886,-0.008730481319649153,0.008730481319649153,-0.0497193429013133,0.12252307098730444,0.09353992541881939,0.7634474443471285,0.9821944218701982,-1.0003041627976257,0.03676954046971724,0.7973346469017224,0.20399861161100305,3
2024-11-29,49.9,201.8002,11.7202,35.79999923706055,UK,0.034636919131080246,0.1150837714996289,49.9,0.015218706970842932,-0.014902290397142304,0.014902290397142304,0.007032348955422041,0.11050446201823093,0.02449563272139499,0.2216709829993446,0.8971475928225044,-0.3760774907502492,-0.016086382880982554,-0.4184669116660813,0.021629201881297855,4
2024-12-31,47.0,203.1113,11.4822,33.900001525878906,UK,0.10530972077092438,0.1716813991993862,47.0,0.005391987011315713,-0.005741005325366921,0.005741005325366921,-0.05307256289588802,0.12553056504235788,-0.014317193340664391,-0.11405344456016214,-0.37506717783843924,-0.46853769125178313,-0.1381415744652389,-0.32491219894959633,-0.3266646606262644,4
2025-01-31,48.3,203.5933,12.1402,35.61000061035156,UK,0.06992411741340154,0.11794441704442282,48.3,0.01886309952758425,0.01429514332740145,-0.01429514332740145,0.05044244859892588,0.13154165240160606,-0.02809631629088949,-0.21359254485498957,0.0,-0.10672300842328872,0.18524298530659894,-0.4507572177727953,-0.09305931022237127,4
2025-02-28,46.9,201.9031,12.4529,37.040000915527344,UK,0.07775370362398282,0.11933040117967253,46.9,0.01741932200298013,0.03116797085248213,-0.03116797085248213,0.04015726707850975,0.1353206953083717,-0.0179260270620486,-0.13247069874418235,-1.3031480905286148,-0.22120357986690747,-0.19308694893628656,-0.4780770719125457,-0.5488789228110886,4
2025-03-31,44.9,200.9384,12.2225,37.470001220703125,UK,0.06004803647449086,0.12009607294898172,44.9,0.026475870932938905,0.017685115028184706,-0.017685115028184706,0.011609079226440278,0.13032333979658575,-0.013056165193371716,-0.10018286220833765,-1.77739335026873,-0.12089721660920227,-0.6029913245707473,-0.23477795321214323,-0.6840149611652058,5
2025-04-30,45.4,193.9082,12.5203,38.09999847412109,UK,0.044881967654970545,0.11994750335563231,45.4,-0.019950418360874522,0.06955348066392752,-0.06955348066392752,0.016813376912031552,0.13047327973546427,0.0016038859539093675,0.012292830816863502,-1.3987466834746793,-1.4322237799303235,-0.883923488435716,0.556206659564065,-0.7896718230691635,5
2025-05-30,45.4,191.0287,13.072,39.91999816894531,UK,0.03857717901213098,0.08091191145009335,45.4,-0.053377053144645026,0.11533932868039787,-0.11533932868039787,0.04776902277464479,0.13082337281216885,0.0717299378842795,0.5482960448303574,-1.4019179967893616,-1.703799890392153,-0.9032161632736786,0.2034236956190348,-0.9513775887090395,5
2025-06-30,47.7,192.5762,12.9196,39.720001220703125,UK,0.056646523938857385,0.10725070973343209,47.7,-0.051868606030289754,0.12518506906341997,-0.12518506906341997,-0.005009943823037766,0.121123829475025,0.1150837714996289,0.9501331983840429,-1.4444444444444426,-1.5322432695693797,-1.2917075983773723,0.13629462962112657,-1.033025170692517,5
2025-07-31,48.0,196.7082,13.2007,39.810001373291016,UK,0.07184116294889398,0.15950761756017884,48.0,-0.033817910510807514,0.08735440931780358,-0.08735440931780358,0.0022658647991424807,0.11736421620433403,0.1716813991993862,1.4628087227241784,-1.2327080434098179,-1.1055697156231559,-1.3990183036861543,0.3420569274136498,-0.8488097838263696,5
2025-08-29,48.0,197.9848,13.2302,41.459999084472656,UK,0.04076224020080077,0.17414378630334104,48.0,-0.01940683426851786,0.0624191955287523,-0.0624191955287523,0.04144681372175585,0.11911950796829435,0.11794441704442282,0.9901351932700705,-1.4768656253944317,-0.820147112400817,-0.6341115680653203,0.8140522539839633,-0.5292680129691514,5
2025-09-30,46.2,199.7965,13.318,41.970001220703125,UK,0.04789130957998888,0.0855372896872113,46.2,-0.005682836132864577,0.08962978114133757,-0.08962978114133757,0.012301064821332197,0.11841169225660787,0.11933040117967253,1.0077585997257241,-1.020510382819032,-0.6400582475731675,-0.12266743747978326,0.348944069755245,-0.3585729995291844,4
2025-10-31,49.7,206.1918,13.4222,42.66999816894531,UK,0.0817905279641371,0.10499188069321463,49.7,0.06334750154970248,0.0720350151354201,-0.0720350151354201,0.016678506740116283,0.09876237605762057,0.12009607294898172,1.2160103649077307,0.8584940961096856,0.3188340358405005,0.22692026773292306,-0.1780194770646254,0.3065572306546209,2
2025-11-28,49.7,208.8905,13.2718,43.150001525878906,UK,0.12815755698132003,,49.7,0.09350322752549767,0.015284577723378323,-0.015284577723378323,0.011249200317119623,0.09844804394425477,0.11994750335563231,1.2183838149547328,0.9307578419910404,0.6552689602786533,0.6860307840654015,-0.05859184826177646,0.5533664345183297,1
2025-12-31,50.6,208.9223,13.5542,43.97999954223633,UK,0.03592546265348018,,50.6,0.08488120546568068,0.04911916777609204,-0.04911916777609204,0.019235179304909922,0.06336268658166688,0.08091191145009335,1.276964658779227,1.1099780547611242,0.2502610607852458,0.0302550515738885,0.5714141636572666,0.4904770826943813,2
2026-01-30,50.6,208.9707,13.9616,46.15999984741211,UK,0.021447176814111346,,50.6,0.062338529863015246,0.05764088268046397,-0.05764088268046397,0.0495679929028241,0.0629403016857812,0.10725070973343209,1.7040069218108154,0.40144445970390974,-0.17470985349306636,0.042904471761097025,1.7052267764812385,0.49371646361329474,2
2026-02-27,51.8,212.1366,14.7,48.68000030517578,UK,,,51.8,0.07147922466775225,0.11109431452283403,-0.11109431452283403,0.05459273106789131,0.06885868494534765,0.15950761756017884,2.3164487919973813,0.6408413361119968,0.1326922063012157,-0.17556574915755518,1.2307593024187313,0.45718177391859716,2
2026-03-31,51.0,224.25,13.0042,45.560001373291016,UK,,,51.0,0.1223920338944875,-0.02356209641087237,0.02356209641087237,-0.0640920072375809,0.11130245032842342,0.17414378630334104,1.5645997531005817,-1.1130795850510882,0.6093488790456292,-0.14956126763359412,1.3602789082827882,0.17674673366093377,2
2026-04-30,53.7,230.2861,12.8938,47.150001525878906,UK,,,53.7,0.11685382250894549,-0.03936761484704443,0.03936761484704443,0.03489903653778215,0.11274683977677782,0.0855372896872113,0.7586668491690106,0.07881104062391119,0.40687989483039294,0.3872506327029296,1.348811516409082,0.5554382711415788,1
2005-12-30,55.1,86.0228,14.5399,1248.2900390625,US,0.03731501061217335,0.017551940193186066,55.1,,,,,,,,0.41944802218397037,,,,,
2006-01-31,55.0,87.0473,14.7137,1280.0799560546875,US,0.02385009557603812,-0.0026716470786251056,55.0,,,,0.025466771341108085,,,,-0.19398751955982874,,,,,
2006-02-28,55.8,87.7948,14.5999,1280.6600341796875,US,-0.008253609917752702,0.018084356106427446,55.8,,,,0.0004531577283561905,,,,-0.05980148952415157,,,,,
2006-03-31,54.3,88.3785,14.6625,1294.8699951171875,US,-0.019052139626634768,0.03164794969632556,54.3,,,,0.011095810408889628,,,,-0.42167769439126596,,,,,
2006-04-28,55.2,88.7937,14.7713,1310.6099853515625,US,-0.02590393141462921,0.05137299181848265,55.2,,,,0.01215565291784415,,,,-0.26812713730125015,,,,,
2006-05-31,53.7,89.5423,14.197,1270.0899658203125,US,0.026557158450555063,0.1027801514660327,53.7,,,,-0.030916916538203165,,,,-0.592142319203952,,,,,
2006-06-30,52.0,90.7847,14.0063,1270.199951171875,US,0.051684795258805094,0.11659589304787343,52.0,0.05535625438837144,-0.03669901443613777,0.03669901443613777,8.659650459597046e-05,,,,-0.9940189661585659,-0.821470615978549,-0.5953982765837963,,,
2006-07-31,53.0,91.3675,13.9954,1276.6600341796875,US,0.07933193216284828,0.12656459176973445,53.0,0.049630488251789506,-0.04881844811298308,0.04881844811298308,0.0050858788034533475,,0.017551940193186066,,-0.764737598981425,-0.27457165373744113,-0.2026007808089709,,,
2006-08-31,53.7,92.1104,14.178,1303.8199462890625,US,0.07425109492249393,0.07899863803522789,53.7,0.049155530851485496,-0.028897458201768478,0.028897458201768478,0.02127419311502643,,-0.0026716470786251056,,-0.5168586865883225,-0.1838003984667254,-0.26554554948027875,,,
2006-09-29,52.2,93.4451,14.3186,1335.8499755859375,US,0.06172105756563173,0.06363739291033599,52.2,0.057328422636727216,-0.02345439045183284,0.02345439045183284,0.024566297967782313,,0.018084356106427446,,-0.7008566517486392,-0.2935768536207556,-0.6762737849346662,,,
2006-10-31,51.4,93.8472,14.7067,1377.93994140625,US,0.04376101382661579,0.07578708663046796,51.4,0.056912821517742795,-0.004373345609391177,0.004373345609391177,0.03150800358539563,,0.03164794969632556,,-0.9760120035921029,-0.40931028431470773,-0.9561578544084394,,,
2006-11-30,50.3,94.6694,14.8193,1400.6300048828125,US,0.004419397974247952,0.09280822899781516,50.3,0.05725897145818237,0.04383320419807002,-0.04383320419807002,0.016466656343095964,,0.05137299181848265,,-0.9697814160165942,-0.013111751773043114,-0.6233423680073736,,,
2006-12-29,51.4,95.349,14.8994,1418.300048828125,US,0.0018049329727884977,0.05996610296113669,51.4,0.050276092777747916,0.06376416326938594,-0.06376416326938594,0.012615782814670462,0.05697147189524016,0.1027801514660327,1.8040634732946008,-0.8600023025527539,-0.14047952850200382,-0.30008693748467985,0.7272565648765812,-0.1433280509157141,4
2007-01-31,50.4,94.8505,15.188,1438.239990234375,US,0.03068333879078211,0.011840881502745537,50.4,0.038120775987084965,0.08521371307715397,-0.08521371307715397,0.014059043023177953,0.05487594966313741,0.11659589304787343,2.124717545001249,-1.0642704346401828,-1.2174146298442592,-0.5699536009811813,0.7835266964321299,-0.5170279922583734,4
2007-02-28,54.1,95.4044,14.762,1406.8199462890625,US,0.08799992433622172,0.04774601335621864,54.1,0.03576143410516064,0.04119057695020456,-0.04119057695020456,-0.021846175991944383,0.0629827738856927,0.12656459176973445,2.009511235555237,-0.5496194732877122,-1.234038343101901,-0.8672408028485014,0.8685209177829395,-0.4455944253637938,4
2007-03-30,52.8,96.0083,14.8214,1420.8599853515625,US,0.05805638210999686,0.07452529857981549,52.8,0.027430009706234104,0.03511516489042221,-0.03511516489042221,0.009979982939206433,0.0629330487450159,0.07899863803522789,1.2552806452346603,-0.7467118026108854,-0.8958552723256823,-0.322956017105746,0.6821515569456308,-0.3208428837741707,3
2007-04-30,52.7,97.4383,15.2363,1482.3699951171875,US,-0.018281519239597865,0.04520464525479517,52.7,0.03826539310709309,0.03601079779964245,-0.03601079779964245,0.043290690426759815,0.07223378444402827,0.06363739291033599,0.8809920925525734,-0.600909435914138,-0.6963516595591338,-0.35068264360492307,-0.8594105932937277,-0.6268385830929806,5
2007-05-31,53.1,98.6623,15.5371,1530.6199951171875,US,-0.0369980825178472,-0.03232675688714082,53.1,0.04217730333138281,0.048436835747977414,-0.048436835747977414,0.032549228707361655,0.05923379842106469,0.07578708663046796,1.2794568076106463,-0.45738935374634826,-0.5846548189392234,0.014453432948657311,-0.291628719165697,-0.32980486472565285,4
2007-06-29,54.0,99.7608,15.0971,1503.3499755859375,US,0.01556525412849541,-0.02327468041547509,54.0,0.046270018563382864,0.013268990697612004,-0.013268990697612004,-0.01781632254788501,0.06665624543992536,0.09280822899781516,1.392341083499213,-0.24372619977536492,-0.4268313848150311,-0.21585543273721045,0.018112596041713898,-0.21707510532147312,3
2007-07-31,51.8,101.3346,14.3857,1455.27001953125,US,0.06466840111354433,-0.052718718638783524,51.8,0.06836126325111613,-0.052824598367131936,0.052824598367131936,-0.03198187836198829,0.08101336200569226,0.05996610296113669,0.740200153117004,-0.5551906715154388,0.15535019813110482,-0.03546330396612646,-0.27343096085118274,-0.17718368455041078,3
2007-08-31,52.2,102.0084,14.4701,1473.989990234375,US,0.004850795772992633,-0.09725980929406941,52.2,0.06922112606965714,-0.01977374339520388,0.01977374339520388,0.012863572018857905,0.08030842695735016,0.011840881502745537,0.1474425779630068,-0.5119361996325893,0.2073358025853605,-1.0040296950880263,-0.6360530710433068,-0.4861707907946405,5
2007-09-28,53.8,103.3639,14.7905,1526.75,US,-0.03824464689598006,-0.1336499419211561,53.8,0.07661420939647923,-0.0020848232960449797,0.0020848232960449797,0.03579400817860079,0.08318391794077731,0.04774601335621864,0.5739812999696812,-0.2739152213713895,0.8194321513162758,-1.4627410920994603,0.28480791709514053,-0.15810406126485838,4
2007-10-31,52.8,102.7326,15.0992,1549.3800048828125,US,-0.11025697731758721,-0.10571327792169893,52.8,0.05433489705793315,-0.008998247606046061,0.008998247606046061,0.014822338223554832,0.08042395667417722,0.07452529857981549,0.9266554601602225,-0.16893963832666797,0.2626898992015984,-1.0079596314906556,0.5940548313988162,-0.08003863480422724,3
2007-11-30,51.5,101.9781,14.543,1481.1400146484375,US,-0.10161767846191772,-0.054525574197517135,51.5,0.033607568443062785,-0.06398233904654027,0.06398233904654027,-0.04404341737941575,0.0963561555068042,0.04520464525479517,0.4691412294007833,-0.6918289057401554,0.05901621355774945,-0.6410773130674758,-0.038139423832709456,-0.32800735727064784,4
2007-12-31,50.1,101.9876,14.42,1468.3599853515625,US,-0.09919913075322118,-0.12827915989992356,50.1,0.022321392771509352,-0.04484967311602883,0.04484967311602883,-0.008628508561297932,0.0968707184101597,-0.03232675688714082,-0.3337103039771657,-0.9386949098223711,-0.07108135940574577,-0.7988772363295908,-0.8700397233419923,-0.669673307224925,5
2008-01-31,50.9,100.7226,13.7168,1378.550048828125,US,0.005106754737103758,-0.08064273331230576,50.9,-0.0060393981917330475,-0.04649756355269474,0.04649756355269474,-0.06116343227776988,0.11519088400929076,-0.02327468041547509,-0.20205314522629989,-0.6398327505972637,-0.327932668960382,-1.2615065055516974,0.295897043724746,-0.48334372034614925,5
2008-02-29,48.8,99.146,13.4475,1330.6300048828125,US,0.05241877888222035,-0.03592287010868567,48.8,-0.028060434238748933,-0.07066986406451925,0.07066986406451925,-0.03476119273728817,0.1181793831672944,-0.052718718638783524,-0.44609065664317316,-0.8494727732366361,-0.06593350837586408,-0.7120044381402597,0.4049880174573118,-0.30560567557386203,5
2008-03-31,49.7,99.7557,13.2824,1322.699951171875,US,-0.03228241683538591,-0.1181976045903681,49.7,-0.03490773858184526,-0.10196409857678912,0.10196409857678912,-0.005959623397817415,0.11717968272318323,-0.09725980929406941,-0.8300057401915734,-0.7124630276794516,-0.1075029429334208,-0.7720422145717482,-0.25564389957246914,-0.46191302118927235,5
2008-04-30,48.5,98.3868,14.1104,1385.5899658203125,US,-0.08531381133921245,-0.3008393363858768,48.5,-0.042302054070470385,-0.06548691321394506,0.06548691321394506,0.047546697641229096,0.1191700750827987,-0.1336499419211561,-1.1215058967471225,-0.6917826048705853,0.15299721751361886,-0.141576103510101,-0.7395576807935968,-0.35497979291516607,5
2008-05-30,48.9,99.1499,14.154,1400.3800048828125,US,-0.08394153616750755,-0.36000229429912867,48.9,-0.02773340550569181,-0.026748263769511116,0.026748263769511116,0.01067418170406853,0.11351124134593331,-0.10571327792169893,-0.9313022804457795,-0.6081584337459235,0.3337078113473886,-0.03160790549237752,-0.8068851446927737,-0.2782359181459215,5
2008-06-30,49.9,99.7601,12.8544,1280.0,US,-0.08878126144409182,-0.2943359375,49.9,-0.02184089046119342,-0.10857142857142854,0.10857142857142854,-0.08596238482631446,0.13839640911600137,-0.054525574197517135,-0.3939811339455692,0.2290444106157802,0.39645033355569353,0.13209870113473882,0.1493465395399949,0.22673499621155185,2
2008-07-31,50.8,97.7729,12.9794,1267.3800048828125,US,-0.2356278335876264,-0.3483564505507747,50.8,-0.029285383816541555,-0.05375889420272939,0.05375889420272939,-0.009859371185302779,0.13676933248759118,-0.12827915989992356,-0.9379234186988671,0.7141364057424453,0.33012934540617633,0.33713600796041665,-1.0268414780454769,0.08864007026589038,2
2008-08-29,50.1,97.1797,13.2163,1282.8299560546875,US,-0.301357139343129,-0.4269778130873866,50.1,-0.019832368426361158,-0.017192786763338908,0.017192786763338908,0.012190464669121548,0.1366442975573628,-0.08064273331230576,-0.5901653764838026,0.5772135406797491,0.05730177075884155,-0.11634885619904049,-1.008304381948528,-0.12253448167724446,4
2008-09-30,47.2,96.799,12.0625,1166.3599853515625,US,-0.22558214329708537,-0.3159316119056548,47.2,-0.029639409076373524,-0.09184334156477747,0.09184334156477747,-0.09079143354379215,0.14775877042977786,-0.03592287010868567,-0.24311836112468166,0.639582016482146,-0.19191078798394504,-0.21238072867283314,1.6734801549213334,0.4771926636866753,1
2008-10-31,38.2,87.981,11.0197,968.75,US,-0.14747870463709678,-0.09903484122983874,38.2,-0.10576418787886177,-0.2190370223381336,0.2190370223381336,-0.16942452401777075,0.20309451658910804,-0.1181976045903681,-0.5819832390132932,-1.1856432174521674,-0.5527777658591619,-1.5257967711134368,1.2621803317423776,-0.5005093556705971,5
2008-11-28,39.0,82.3486,10.8926,896.239990234375,US,-0.17980670929084974,0.0255512191640479,39.0,-0.16945352441101802,-0.23042249540765858,0.23042249540765858,-0.0748490423387097,0.2066183799790981,-0.3008393363858768,-1.456014399185156,-1.0534574300183124,-0.26395436875685085,-0.10758535263119681,1.5412933485554399,0.029074049287269976,2
2008-12-31,34.5,77.3874,11.6831,903.25,US,-0.11666759466682808,0.01779131727010097,34.5,-0.2242650117632199,-0.09112055016181231,0.09112055016181231,0.007821576633499472,0.20990655949601533,-0.36000229429912867,-1.7150597635609506,0.21060636621089965,-0.16456406032341767,0.09232719994454672,-0.3004918355224051,-0.0405305824225941,4
2009-01-30,36.4,69.865,11.8333,825.8800048828125,US,0.056824226762143715,0.1956700424159894,36.4,-0.2854359439067473,-0.08830146231721037,0.08830146231721037,-0.08565734305805428,0.21425477577667668,-0.2943359375,-1.373766052275978,0.8592149290096343,-0.11919548864659868,0.24900246471922058,-0.4971817216225537,0.12296004586492562,2
2009-02-27,36.6,66.2461,11.1067,735.0900268554688,US,0.2503774790419735,0.3884285704203396,36.6,-0.31831339261183145,-0.15962107397683167,0.15962107397683167,-0.10993119762019943,0.22518806812642791,-0.3483564505507747,-1.546957853713617,0.7037412136736939,0.16368107265830115,0.44752406622999674,-0.38974556820136264,0.23130019609015728,2
2009-03-31,37.2,65.1628,12.2569,797.8699951171875,US,0.15221779606988894,0.3248774393370042,37.2,-0.32682362421099387,0.01611606217616579,-0.01611606217616579,0.08540446199532292,0.2589889622059073,-0.4269778130873866,-1.648633244639673,0.6219892830555137,0.3156320948320785,0.4849130886924303,-0.5787243845412946,0.21095252050968194,2
2009-04-30,39.9,64.533,13.539,872.8099975585938,US,0.13138023536727217,0.1871884422779979,39.9,-0.26651208783714664,0.22861783896113308,-0.22861783896113308,0.09392507914826331,0.2791778978053503,-0.3159316119056548,-1.1316497988889151,0.2103965881511168,0.42888839714170585,0.4759143174418329,-0.6060155910427943,0.12729592792296532,2
2009-05-29,44.1,64.9132,14.1713,919.1400146484376,US,0.1104075318792046,0.19201643647500277,44.1,-0.2117267324520392,0.30100251546921775,-0.30100251546921775,0.05308144638516654,0.2897194802408316,-0.09903484122983874,-0.34183010803248454,1.0643041683803844,0.6300740806045239,0.4973149072539956,-0.7214552803494328,0.3675594689723678,1
2009-06-30,46.3,67.8811,13.5537,919.3200073242188,US,0.1498498320856021,0.21296171811984999,46.3,-0.12284041071285501,0.1601116142119814,-0.1601116142119814,0.00019582726560973818,0.2847118706513744,0.0255512191640479,0.08974413011157868,0.3819230908262093,0.8771528544415745,0.629115264797796,-1.6992971027068822,0.0472235268396744,4
2009-07-31,49.7,69.9523,14.1271,987.47998046875,US,0.049327542735983165,0.0874853327228251,49.7,0.0012495527087954539,0.19384279955718187,-0.19384279955718187,0.07414172714778422,0.3011760967029235,0.01779131727010097,0.059072806457313616,0.5352697545431724,1.521045523281821,1.2268280546438624,0.35123595947814573,0.9085948229867504,1
2009-08-31,53.4,71.304,14.324,1020.6199951171876,US,0.07349455245290604,0.08217553596679972,53.4,0.07635015495251807,0.2896719997839141,-0.2896719997839141,0.03356018886854417,0.30417805895864075,0.1956700424159894,0.643274676305942,0.936283896414525,-0.004027153310773223,-0.0339278557855758,-0.14821910214084272,0.18752744629433332,2
2009-09-30,54.9,72.9256,14.5056,1057.0799560546875,US,0.05488706809634025,0.10628344337884466,54.9,0.11912931918211012,0.18346400802813112,-0.18346400802813112,0.03572334572311964,0.29608688330164507,0.3884285704203396,1.3118736165851002,0.7832001557478301,-0.20937176548553812,-0.09721580149104944,-0.036332549723046836,0.1100700097620489,3
2009-10-30,57.6,75.6438,13.7091,1036.18994140625,US,0.03636404119094272,0.1452436411375999,57.6,0.17217237692343446,0.012563704852647906,-0.012563704852647906,-0.019762000526814205,0.23720687885889344,0.3248774393370042,1.3695953544849055,1.2541131777577186,-0.21343946531453536,-0.12146120987059436,0.06486300700881548,0.2460188773953511,2
2009-11-30,55.4,77.5584,14.1384,1095.6300048828125,US,0.008086658189422335,-0.005677072255601767,55.4,0.19480167361954126,-0.002321593643490716,0.002321593643490716,0.05736406145372763,0.22339372473835317,0.1871884422779979,0.8379306200173698,1.0367047079689495,-0.27755881399285726,-0.3383291471700489,-0.09350301258509187,0.08182843355523786,3
2009-12-31,55.8,78.5642,14.2056,1115.0999755859375,US,0.04872215883284525,-0.075679326065893,55.8,0.1573795946147012,0.0480975674539057,-0.0480975674539057,0.017770570919338313,0.22308058621611168,0.19201643647500277,0.8607492015866626,0.9856657658139127,-0.4424538826939789,-0.3727995765045587,0.8966453566656816,0.26676441582026417,2
2010-01-29,56.3,81.1122,13.2505,1073.8699951171875,US,0.10505922206789187,0.025822474410157836,56.3,0.1595358551470074,-0.06205095171691288,0.06205095171691288,-0.03697424569226215,0.20235945372580894,0.21296171811984999,1.0523932250202988,1.1386818846191444,-0.4984164085993693,-0.47966875588003227,0.6861275264586969,0.21168106164960993,2
2010-02-26,55.5,82.2489,13.4399,1104.489990234375,US,-0.01365332070731351,-0.04994163339405411,55.5,0.15349629754291483,-0.06172158614912038,0.06172158614912038,0.028513689046546054,0.14053108908901346,0.0874853327228251,0.6225336563599193,0.6260673961350742,-0.45773194334583256,-0.6077469858187726,1.170418228976621,0.1827516739867725,2
2010-03-31,58.8,83.5852,14.0026,1169.4300537109375,US,-0.11862196660094271,-0.024140052198487916,58.8,0.14617089197757704,-0.03467626296051185,0.03467626296051185,0.058796425545497355,0.13245770047008398,0.08217553596679972,0.6203907789065034,0.23799407164151223,-0.4621963839347404,-0.7878246211930744,1.392788677243929,0.09519043593940663,4
2010-04-30,58.1,87.2364,13.6144,1186.68994140625,US,-0.07170362101449956,-0.0028903351422701062,58.1,0.15325248070562303,-0.00690782035290427,0.00690782035290427,0.014759230482012997,0.11529873353445086,0.10628344337884466,0.921809287238073,-0.026923973076148473,-0.4259178907348639,-1.1515568606822273,1.4445566312421843,-0.03996052331276384,4
2010-05-31,57.4,89.0265,12.2458,1089.4100341796875,US,-0.03679062691503465,0.08365997355354349,57.4,0.14786406114618145,-0.1338623889549031,0.1338623889549031,-0.08197584207319053,0.15388673624477883,0.1452436411375999,0.9438346974008803,-0.18939682326213003,-0.5763453826203511,-0.6168574105019554,1.3082373146424073,-0.018590575435507295,3
2010-06-30,56.5,89.8161,11.483,1030.7099609375,US,0.10719794551502826,0.22016868208446283,56.5,0.1432191761642072,-0.1916568113983218,0.1916568113983218,-0.05388244223983851,0.16844313972045977,-0.005677072255601767,-0.03370319660998463,-0.2775220369576347,-0.16844353304399765,-0.21749443419614556,1.0573415274159776,0.09847038080454992,3
2010-07-30,56.1,91.2236,12.0842,1101.5999755859375,US,0.07412857297518793,0.16750183698316112,56.1,0.12465942238035721,-0.08801932002565949,0.08801932002565949,0.06877784957463517,0.16631009398701257,-0.075679326065893,-0.45504950572514813,-0.3540424661297698,-0.12839933712222718,-0.5748001454289869,0.7757325668809943,-0.07037734544999738,4
2010-08-31,56.4,92.0671,11.4047,1049.3299560546875,US,0.12505131681059023,0.26482615219836037,56.4,0.11937180922784374,-0.15142969813763496,0.15142969813763496,-0.04744918363260475,0.17348398973940238,0.025822474410157836,0.14884644080959208,0.18320967047778386,-0.0847599801827109,-0.09530851332270174,1.4559068402470479,0.3647620043048548,1
2010-09-30,55.3,92.9615,12.2833,1141.199951171875,US,0.1020330077625684,0.16178585066816709,55.3,0.1121765575723932,-0.12278434005113326,0.12278434005113326,0.08755110305113556,0.19086586053242544,-0.04994163339405411,-0.2616582832295969,0.1044169338841706,0.05205733501519016,-0.40838055818392743,-0.28050864767711986,-0.13310373424042166,4
2010-10-29,56.9,93.8614,12.6133,1183.260009765625,US,0.08692931773460044,0.1524178744295266,56.9,0.07594306963606945,-0.07353243624397687,0.07353243624397687,0.03685599403554063,0.19034646265997282,-0.024140052198487916,-0.12682164859354766,0.37499470367302734,0.10874245820273844,-0.22489990891925238,0.05794106129774497,0.07919457856356459,2
2010-11-30,57.3,94.589,12.487,1180.550048828125,US,0.124238630984423,0.13946880312883803,57.3,0.06248139598883484,0.01969654902088891,-0.01969654902088891,-0.002290249746576656,0.18426149855248453,-0.0028903351422701062,-0.015686050341367604,0.17007636024786374,0.2660690531390475,-0.7220082664152393,-0.550099411216586,-0.2089905660612285,4
2010-12-31,56.6,96.0868,13.0972,1257.6400146484375,US,0.05422055644858914,0.050093825948764215,56.6,0.06981710406040786,0.14057302098754687,-0.14057302098754687,0.06530004034715509,0.19306087504257124,0.08365997355354349,0.43333468542031567,0.0925895256658636,0.3106642803921567,-1.2979610070842333,-0.45547614884755044,-0.33754583746844086,5
2011-01-31,59.1,98.2373,13.1024,1286.1199951171875,US,0.06025098010183294,0.004789626320307772,59.1,0.0768847096584655,0.08425878419754729,-0.08425878419754729,0.022645574359139164,0.18580017408488506,0.22016868208446283,1.1849756501513078,0.47128950290215665,0.5114428277383918,-1.6246792848170895,0.28949400894022587,-0.08811323630907879,3
2011-02-28,59.2,99.5491,13.3455,1327.219970703125,US,0.013547099098595305,-0.08162170434890104,59.2,0.08126681518153611,0.17017545397949974,-0.17017545397949974,0.03195656372809341,0.18607538967884737,0.16750183698316112,0.9001826478625526,0.22238171223588518,0.8969795558297369,-1.6564397315521227,0.871275053802815,0.08354914757907858,2
2011-03-31,58.4,101.4267,13.083,1325.8299560546875,US,-0.003914484947748376,-0.14663261394989635,58.4,0.09106135335595922,0.06510465428671441,-0.06510465428671441,-0.0010473129391664893,0.1808753430450832,0.26482615219836037,1.4641362815956203,0.5886235737239108,0.9916486094375049,-1.6648549249873619,1.4960188625466495,0.35285903018017584,1
2011-04-29,57.9,104.1604,13.102,1363.6099853515625,US,-0.05230964632185309,-0.08089551829953612,57.9,0.10972561670718739,0.038744816978903085,-0.038744816978903085,0.028495380666536008,0.18164320719577315,0.16178585066816709,0.8906793332150097,0.5181153870411438,1.2431172901187877,-0.4245711005899873,1.6263111838435862,0.7407431901033825,1
2011-05-31,54.8,105.4579,12.7674,1345.199951171875,US,-0.09389677453779433,-0.0730300281001296,54.8,0.11490659590438623,0.022455353567710334,-0.022455353567710334,-0.01350095289522324,0.15331968477766336,0.1524178744295266,0.9941181046031725,0.17443021450663324,1.3459445681477342,0.2895896976281376,0.7415148494911167,0.6378698324434054,1
2011-06-30,55.8,106.4306,12.4202,1320.6400146484375,US,-0.14327899246146691,-0.047734460839641946,55.8,0.10765058259823412,-0.05169043765079573,0.05169043765079573,-0.018257461652479323,0.1383503883458372,0.13946880312883803,1.0080839294805959,1.5198484667829901,1.2831062854369715,0.7026625734176899,0.442512077999053,0.9870323509091761,1
2011-07-29,52.9,107.8423,11.9954,1292.280029296875,US,-0.030163725806363284,0.01557712293500746,52.9,0.09777345264985904,-0.08448833801440958,0.08448833801440958,-0.02147442530666621,0.13414042028700063,0.050093825948764215,0.37344318618941097,0.588420238441542,1.2144704339575734,0.38540720751067464,0.6386477628206783,0.7067364106826171,1
2011-08-31,52.6,107.8999,11.3106,1218.8900146484375,US,0.02302910512984946,0.12042927360007827,52.6,0.0838862430700027,-0.15247836349331223,0.15247836349331223,-0.05679110795232889,0.1390494084959781,0.004789626320307772,0.03444549942437409,0.9165692473915492,1.231603854835984,-0.05720641210356977,0.024594038442121425,0.5288901821415212,1
2011-09-30,53.7,107.9019,10.5,1131.4200439453125,US,0.11152350739750894,0.24486920506704735,53.7,0.06384117791469102,-0.1974317817014446,0.1974317817014446,-0.07176198808089651,0.13748364044268213,-0.08162170434890104,-0.5936830308398015,1.594414895649959,1.1427219866048115,0.637755050152829,-0.1391259819071726,0.8089414876251068,1
2011-10-31,51.4,105.7915,11.8632,1253.300048828125,US,0.047163474865282495,0.11538337167287072,51.4,0.015659502075644927,-0.0945504503129293,0.0945504503129293,0.10772303843744147,0.172107091054061,-0.14663261394989635,-0.8519847325978986,1.2098784397213498,0.5747562730517554,-0.4101570805750382,-0.6431408742885267,0.18283418947738506,2
2011-11-30,51.8,105.7739,11.8059,1246.9599609375,US,0.09520762213101075,0.050819590926996616,51.8,0.0029964564058264642,-0.07530899008412051,0.07530899008412051,-0.005058715107011391,0.17227328832555186,-0.08089551829953612,-0.46957667718436163,1.5531637602411457,0.6186026508373395,-0.8375444569210642,1.008171647985269,0.5855984005356725,2
2011-12-30,53.0,106.5209,11.8242,1257.5999755859375,US,0.11996660149972938,0.08314254184446335,53.0,0.00084844020422703,-0.047986344825365124,0.047986344825365124,0.008532763666636134,0.15974049459667725,-0.0730300281001296,-0.45717917854530477,1.629652440635009,0.8394988251586109,-0.5081313312789435,0.9445288251553182,0.7263871899174987,1
2012-01-31,54.2,106.7813,12.3092,1312.4100341796875,US,0.06514732269129686,0.05098247526825461,54.2,-0.009838440018434258,0.02616002801073747,-0.02616002801073747,0.043583062704985354,0.16415316990318835,-0.047734460839641946,-0.29079219650643373,1.5443501615899122,0.6048981273406309,-0.7819803996468019,1.2008238657977681,0.6420229387703773,1
2012-02-29,53.3,106.9408,12.7895,1365.6800537109375,US,-0.0405293300622267,0.029948377903457946,53.3,-0.008888794150875068,0.13075345251357118,-0.13075345251357118,0.04058946376811723,0.1660477388577992,0.01557712293500746,0.09381111144396537,1.4848950702110624,0.7777420245162093,0.44178629044110707,1.5755945546747865,1.0700044849607913,1
2012-03-30,53.5,108.0062,13.0585,1408.469970703125,US,-0.03287960516497135,0.022861739271667236,53.5,0.0009666187527745951,0.2436666666666667,-0.2436666666666667,0.03133231453144192,0.16824012781556588,0.12042927360007827,0.7158177728686671,1.5088253297482594,1.2507100969002463,-0.8535126618373524,1.5871610878449234,0.8732959631640191,1
2012-04-30,55.2,110.152,12.7064,1397.9100341796875,US,-0.013298486623664507,0.010193789050496394,55.2,0.04121786721995635,0.07107694382628638,-0.07107694382628638,-0.007497452372495994,0.16686192716011955,0.24486920506704735,1.4674959664829506,1.474124269524986,1.3626743513987623,-0.6995848988752863,1.6894955374183653,0.9566773148667068,1
2012-05-31,53.2,110.9499,11.8265,1310.3299560546875,US,0.07345478103072756,0.08078125449788032,53.2,0.04893456703402266,0.0017448902667309696,-0.0017448902667309696,-0.06265072571454366,0.17899936714466616,0.11538337167287072,0.6446021207416818,1.4025785348768676,0.9566252389601522,-1.38064781600248,1.4746122432333058,0.6132920502669614,1
2012-06-29,49.5,111.5169,12.231,1362.1600341796875,US,0.05763640673315229,0.047006156119623776,49.5,0.04690159395949545,0.03440401887654132,-0.03440401887654132,0.03955498222833631,0.18221809914536768,0.050819590926996616,0.2788943094311087,0.8001786122488582,0.9203997293787958,-1.1902108957197648,1.5267497678807311,0.5142793034471551,1
2012-07-31,49.6,110.2727,12.5254,1379.3199462890625,US,0.023808897985545974,0.08612217881869544,49.6,0.03269673622628688,0.01756409839794615,-0.01756409839794615,0.012597574204787909,0.1802289726194635,0.08314254184446335,0.4613161837193124,1.3441203465120315,0.3038464778414169,-0.4631361130157363,1.605867437006972,0.697674537086171,2
2012-08-31,49.0,110.9762,12.6927,1406.5799560546875,US,0.006825134692788559,0.07685314808513244,49.0,0.03773489631646676,-0.007568708706360727,0.007568708706360727,0.019763369506085704,0.16655844619398602,0.05098247526825461,0.30609360517734857,0.693292110840505,0.21713896376774974,-0.4465609384701397,1.4595667314791787,0.4808592169043234,2
2012-09-28,50.8,111.7147,12.9122,1440.6700439453125,US,-0.010050949972839285,0.08920841937476709,50.8,0.034335991822691536,-0.011203430715625795,0.011203430715625795,0.024236153617775313,0.13853363150863107,0.029948377903457946,0.21618128087252278,1.1973421894279301,0.41063033086094647,-0.22346314913029244,1.397218882266069,0.6954320633561633,1
2012-10-31,50.5,111.5075,12.6812,1412.1600341796875,US,0.060864171971700465,0.13129525522727192,50.5,0.012305723000944013,-0.001983252534155988,0.001983252534155988,-0.01978940971629395,0.10649050486587451,0.022861739271667236,0.2146833588634193,1.5526205195752285,0.28521572639948356,0.23834360708646513,1.1106255698238918,0.7967013557212672,1
2012-11-30,48.0,111.9956,12.6586,1416.1800537109375,US,0.06955330273286364,0.15150611390211854,48.0,0.009424974695786181,0.07035893966938667,-0.07035893966938667,0.0028467166850427716,0.1055249866727915,0.010193789050496394,0.09660071393427386,0.3675611327689576,0.7463268199048552,1.032555304398278,0.471193778073114,0.6544092587863012,1
2012-12-31,50.1,113.0875,12.6266,1426.18994140625,US,0.10026714945065396,0.12627356473503992,50.1,0.014083963955239032,0.03234404382307243,-0.03234404382307243,0.007068230956284616,0.10557387900376025,0.08078125449788032,0.7651632701210411,0.755182201841308,0.8118154454868199,1.5301065056508378,-0.3136054167340756,0.6958746840612225,1
2013-01-31,53.3,112.8692,13.2881,1498.1099853515625,US,0.06639029304257638,0.12523779759278386,53.3,0.02354617235272194,0.06089226691363159,-0.06089226691363159,0.050428096466868855,0.10807298091184628,0.047006156119623776,0.4349482703541423,1.0917446930579262,0.8195138802016336,1.3266316367369526,-0.7151837768405545,0.6306766082889896,1
2013-02-28,54.2,113.5341,13.3589,1514.6800537109375,US,0.0766234005914932,0.07809564581139061,54.2,0.02304908620046442,0.05248686252727941,-0.05248686252727941,0.011060648765041536,0.10334486441218549,0.08612217881869544,0.8333474460346836,1.7020890704161658,0.052084019272581654,1.1092329936072673,-0.6567297463888414,0.5516690842267934,1
2013-03-29,51.9,114.6795,13.7031,1569.18994140625,US,0.02363645528939995,0.07160389221025842,51.9,0.02653903201637764,0.061252149130279765,-0.061252149130279765,0.03598772398287298,0.10453642597971895,0.07685314808513244,0.73518055897609,1.5705042236439555,-0.13549270435878563,0.8642508522908613,-0.23217176110434756,0.5167726526179208,2
2013-04-30,51.0,114.8097,13.9357,1597.5699462890625,US,0.05518383366216373,0.09950743824563268,51.0,0.02961415151447233,0.09892596915118435,-0.09892596915118435,0.018085767779890016,0.10312824993338622,0.08920841937476709,0.8650240785855439,0.6891319045962064,-0.18724769394506843,0.6234879556272651,0.1161525812561313,0.3103811868836336,2
2013-05-31,50.8,115.3463,14.151,1630.739990234375,US,0.0013674653728394937,0.10735621215385382,50.8,0.02991813964120027,0.1178961338536646,-0.1178961338536646,0.020762811683057825,0.06387717821143898,0.13129525522727192,2.055432924614692,-0.11191139020594619,-0.44328355951398446,-0.1082201567658083,0.44754668770872474,-0.05396710469425356,4
2013-06-28,51.1,116.5023,13.8009,1606.280029296875,US,0.04685983649077574,0.15070843915095833,51.1,0.030196087100696323,0.09300207498455637,-0.09300207498455637,-0.014999301595580827,0.0675005119076942,0.15150611390211854,2.2445179987568182,0.03736885524237775,-0.41519103031108806,-1.4023146961265436,1.5931946630476619,-0.046735552036898,4
2013-07-31,53.8,116.8268,14.4435,1685.72998046875,US,0.04200557587168263,0.057458778377204034,53.8,0.03506359573736684,0.08694997779968539,-0.08694997779968539,0.04946207991308538,0.07617208924934506,0.12627356473503992,1.6577405973688144,0.34942688296804864,-0.3429177071489964,-1.269030104630839,1.2937445239784868,0.007805898791675037,3
2013-08-30,54.0,117.549,13.9041,1632.969970703125,US,0.10584400876410682,0.138692066928354,54.0,0.03536294382040306,0.04081174348187355,-0.04081174348187355,-0.031298019479343964,0.09005592701701477,0.12523779759278386,1.390666908232725,0.41423655590149233,-0.19947750694142044,-0.756395568350819,1.4916329363876015,0.2374991042492136,2
2013-09-30,54.6,119.0823,14.1335,1681.550048828125,US,0.09920010209609131,0.1134607424412668,54.6,0.03839221482479438,0.031408951259204176,-0.031408951259204176,0.029749523259195332,0.09098232005585952,0.07809564581139061,0.8583606767055731,0.09371854458573402,-0.04783497851964906,-0.016310181410060555,1.7052743701972475,0.433711938713318,2
2013-10-31,54.6,119.317,14.7462,1756.5400390625,US,0.014830249341606816,0.07253459031732423,54.6,0.039258877951950044,0.0581599776114583,-0.0581599776114583,0.04459575276194472,0.08819122727115992,0.07160389221025842,0.8119162690649407,0.1751748986880119,0.025403175876805295,-0.24532470302995882,0.7894616306041525,0.18617875053475272,2
2013-11-29,55.5,119.6372,15.1196,1805.81005859375,US,0.02970406124545355,0.06521166893212249,55.5,0.03720015293078327,0.06844745954349518,-0.06844745954349518,0.028049471367328715,0.08685684862581648,0.09950743824563268,1.1456487291441526,0.544883621387573,0.38104501691719944,0.04822288547000767,1.23718144501735,0.5528332421980325,1
2013-12-31,56.5,120.2922,15.3947,1848.3599853515625,US,0.012973652675233094,0.06052392174888466,56.5,0.032530688235339555,0.11548522197827671,-0.11548522197827671,0.023562791975445974,0.08558003836359432,0.10735621215385382,1.254453891428998,0.7925665546937712,0.3696789797232559,0.15832536808968445,1.6929915626376677,0.7533906162860948,1
2014-01-31,52.5,120.2397,14.8528,1782.5899658203125,US,0.05686107702559551,0.0830701849355786,52.5,0.02921333118770697,0.02833800671582365,-0.02833800671582365,-0.035582905955811595,0.0970033121640271,0.15070843915095833,1.5536421982799813,-1.459254106768589,0.4478440471351201,0.6176154763312223,0.6744256193783185,0.070157759019018,3
2014-02-28,55.0,120.0398,15.5178,1859.449951171875,US,0.03448331323829246,0.07739925662135216,55.0,0.02118946141609035,0.11605929186355102,-0.11605929186355102,0.0431170301781616,0.10082170625694939,0.057458778377204034,0.5699048400427517,-0.23482483532384463,0.5571549457985788,0.13448480658809794,0.5251220397850919,0.245484239211981,2
2014-03-31,55.9,121.3374,15.4588,1872.3399658203125,US,0.04694126934898324,0.053382438588494896,55.9,0.018937323179011534,0.09377012063536982,-0.09377012063536982,0.006932165418227054,0.09922256787772286,0.138692066928354,1.3977875184531756,1.406994215056339,0.5057888595186881,-0.4456412486466741,0.8601338420958214,0.5818189170060436,1
2014-04-30,56.6,122.9405,15.3514,1883.949951171875,US,0.024799009519534287,0.07118028670179677,56.6,0.03036868174694307,0.0410410817702187,-0.0410410817702187,0.006200789153414155,0.09955712210002783,0.1134607424412668,1.1396547032292639,0.6835067426013206,0.8070081174974766,-0.1294255519868838,1.110973631141137,0.6180157348132626,1
2014-05-30,55.7,124.4754,15.4803,1923.5699462890625,US,0.04148538969538107,0.07485566749598682,55.7,0.04044059874353456,0.02385645122886837,-0.02385645122886837,0.02103028007328045,0.09957667669730819,0.07253459031732423,0.7284295150541515,0.4793687274279789,1.2395281051276064,0.09401280903658364,0.713718986761751,0.63165715708848,1
2014-06-30,55.0,124.988,15.7107,1960.22998046875,US,0.006152369218874076,0.0503358906139193,55.0,0.03903661251519219,0.020526544849850836,-0.020526544849850836,0.019058331749470137,0.0943562892856059,0.06521166893212249,0.6911215926978019,0.5231800059782413,1.5228659384797572,0.12467834780190641,0.6125797248900906,0.6958260042874989,1
2014-07-31,55.1,126.8487,15.2436,1930.6700439453125,US,0.045258901259094486,0.03331483103017696,55.1,0.05496520699901941,0.0263115372185716,-0.0263115372185716,-0.015079830845342368,0.09223770444669134,0.06052392174888466,0.6561733307648,0.9099734608095432,1.6459963600732004,0.9410988563688427,1.5343066843211688,1.2578438403931889,1
2014-08-29,56.3,127.265,15.7651,2003.3699951171875,US,0.03204104265962493,0.05047994385924537,56.3,0.06019003697107128,0.01593653739576495,-0.01593653739576495,0.037655295579825276,0.08242807306850833,0.0830701849355786,1.0077899657624727,1.1935873084298687,1.4154327777436426,-0.5583260354550131,1.6951528753996614,0.9364617315295398,1
2014-09-30,55.7,128.1759,15.4118,1972.2900390625,US,0.04391335025066545,0.0484714984217367,55.7,0.05635937476820829,-0.003040339483012966,0.003040339483012966,-0.015513837249453988,0.08733605271713633,0.07739925662135216,0.886223434805699,1.7119059581558136,1.284974169073656,0.3535030988075527,1.6495039160355585,1.2499717855181451,1
2014-10-31,56.2,127.1783,15.8918,2018.050048828125,US,-0.011426901234258713,0.03342828934132425,56.2,0.034470333209967396,0.035202001120419046,-0.035202001120419046,0.023201460667203078,0.08149649327995613,0.053382438588494896,0.6550274305069294,1.3320141153064156,0.30123227882928943,-0.41218309776006534,1.3134948755756972,0.6336395429878342,1
2014-11-28,56.3,126.9151,16.315,2067.56005859375,US,0.017866441776484443,0.019264172674851032,56.3,0.019599856678508276,0.05392014366646647,-0.05392014366646647,0.02453358864631494,0.08080871843285402,0.07118028670179677,0.8808490975010604,1.3480161476312562,-0.28396949080499084,-0.6062773814837399,1.143276140699479,0.4002613540105011,1
2014-12-31,55.7,125.7582,16.3962,2058.89990234375,US,0.004366404711633187,0.0020448808965081167,55.7,0.006162191570390885,0.04363268345777094,-0.04363268345777094,-0.004188587515997044,0.08108903300896941,0.07485566749598682,0.9231293643334838,1.6577930537758265,-0.476306939907407,-1.443705526220473,1.568108136810308,0.32647218111456366,1
2015-01-30,53.9,121.973,16.3809,1994.989990234375,US,0.04537367103311407,0.054561726218717466,53.9,-0.03843713021891426,0.07460836022986683,-0.07460836022986683,-0.031040805838410623,0.07843128065597198,0.0503358906139193,0.6417833572641859,1.4290757844441055,-0.30671263167910345,-0.31271924305984916,1.720566606627264,0.6325526290831043,2
2015-02-27,53.0,121.5597,17.3426,2104.5,US,0.0013731967584342808,-0.06287476659019375,53.0,-0.0448300789690802,0.10006279693753939,-0.10006279693753939,0.0548925108906233,0.08455610311256082,0.03331483103017696,0.39399676432378117,0.9679818425898513,-0.1815743208342303,0.8722693800288422,1.5443590036513777,0.8007589763589602,1
2015-03-31,52.1,122.3097,16.933,2067.889892578125,US,-0.002311431171168832,-0.07150277382366177,52.1,-0.04576679391367644,0.09870359075513568,-0.09870359075513568,-0.017396107114219572,0.08909779348934979,0.05047994385924537,0.5665678338631297,0.3598707180977908,-0.18234400327516725,0.5491204881241496,1.1982440988747811,0.4812228254553886,2
2015-04-30,51.9,122.3154,17.0792,2085.510009765625,US,0.008789254445755512,-0.0029488721295761744,51.9,-0.038236869025612075,0.07471777898035459,-0.07471777898035459,0.008520819822535275,0.08905947586366603,0.0484714984217367,0.5442598662486832,0.5696126420125445,-0.031731916222649634,1.1820011711217424,0.8677045180249991,0.6468966037341591,1
2015-05-29,52.9,123.8635,17.0422,2107.389892578125,US,-0.06415985923790091,-0.012802557592104358,52.9,-0.02404442024629061,0.044572479313515156,-0.044572479313515156,0.010491382304589791,0.08809980794102364,0.03342828934132425,0.37943657452354534,0.9083443371168409,0.0803051259891172,1.3191648733642611,-0.16117822573171736,0.5366590276846255,1
2015-06-30,52.5,124.3863,16.6139,2063.110107421875,US,-0.06935164420467954,-0.009291877319907327,52.5,-0.01090903018650069,0.01327746673009611,-0.01327746673009611,-0.021011671979729973,0.091619288334858,0.019264172674851032,0.21026328653026302,0.8583863905418273,0.17800254896486203,1.6379796108088969,-0.43495165073847725,0.5598542248942773,1
2015-07-31,52.0,124.9014,16.8696,2103.840087890625,US,-0.011635856075589035,-0.07776261066509127,52.0,0.024008592065457135,0.029833525630459823,-0.029833525630459823,0.019742029435184882,0.09006853560125944,0.0020448808965081167,0.022703609899476625,0.3389596097196188,-0.00425260256433151,0.6190799117207403,-0.6874214546750124,0.06659136605025379,3
2015-08-31,50.2,125.1312,15.7847,1972.1800537109373,US,0.054878284665128785,-0.020256808280266103,50.2,0.02938062532237251,-0.08983082121481212,0.08983082121481212,-0.0625808182558657,0.10752986316930076,0.054561726218717466,0.5074099846366639,-1.5427784316797382,-0.23996586757226565,0.10479256282982155,-0.01016431740032159,-0.42202901345562593,4
2015-09-30,50.1,125.4936,15.3229,1920.030029296875,US,0.06453540320655904,0.07276446659985969,50.1,0.026031459483589536,-0.09508651745113084,0.09508651745113084,-0.026442831280001355,0.10968808772902902,-0.06287476659019375,-0.5732141738628734,-0.3272099955018397,0.21248918704427336,-0.5427116748961283,-0.6289688584484564,-0.3216003354505378,4
2015-10-30,49.1,124.2612,16.7591,2079.360107421875,US,-0.06690525450158324,-0.006761723735857594,49.1,0.015908054096213542,-0.01874209564850815,0.01874209564850815,0.08298311781266654,0.13734206404272253,-0.07150277382366177,-0.5206181683815356,-0.778987973025568,0.034993346507405085,-1.29543320515105,0.43673034102814434,-0.4006743726602672,5
2015-11-30,49.1,124.7963,16.6954,2080.409912109375,US,-0.07122631495750853,0.007950375051678948,49.1,0.007530870676187851,-0.020349485395078193,0.020349485395078193,0.0005048691103348713,0.1353596292196328,-0.0029488721295761744,-0.021785462523625655,-0.9415897600611504,0.10566375276191868,-0.5131419957202702,1.5732774727485896,0.05605236743227193,2
2015-12-31,48.7,125.5284,16.3072,2043.93994140625,US,0.007730192315364315,0.02686975527169322,48.7,0.009181879354880795,-0.018460445771311895,0.018460445771311895,-0.017530185032692547,0.13659159124244905,-0.012802557592104358,-0.09372873890443163,-1.2450402577945356,0.3708147931919673,-0.05418477603487789,1.3078143162185534,0.09485101889527678,3
2016-01-29,47.6,122.5568,15.8559,1940.239990234375,US,0.06445597411825488,0.12027383653384338,47.6,-0.018771607043636007,-0.06009034001991742,0.06009034001991742,-0.0507353220469523,0.1427690801496638,-0.009291877319907327,-0.06508326109663744,-1.4300768556182082,0.28987462995588914,-0.47396733385003437,1.4360832487825035,-0.044521577682462454,4
2016-02-29,49.2,121.0945,15.9814,1932.22998046875,US,0.08524863622246692,0.12354635479013365,49.2,-0.03225974017671063,0.012461434173598462,-0.012461434173598462,-0.0041283603090035426,0.12883562521947053,-0.07776261066509127,-0.6035800310094606,-1.5469085444899706,1.0651186562844008,-0.32912048549419093,1.4656098894045402,0.16367487892619487,2
2016-03-31,51.0,121.5352,16.9743,2059.739990234375,US,0.018992745381929854,0.052691130827889454,51.0,-0.03154264440577048,0.10777333272422318,-0.10777333272422318,0.06599111444005845,0.14684459290569926,-0.020256808280266103,-0.13794725348365147,-0.11690984748915115,1.0505576676161905,-0.7419663917217594,1.7803117128166772,0.4929982853054893,1
2016-04-29,51.3,121.486,17.0271,2065.300048828125,US,0.052437924886302056,0.02946296038202867,51.3,-0.02233360051246891,0.015991312182635165,-0.015991312182635165,0.0026993982833325436,0.14661221438607688,0.07276446659985969,0.4963056243611979,0.058548777040879726,1.3567319680438437,-0.5476125292731732,1.652375250171202,0.630010866495688,1
2016-05-31,51.4,122.7067,17.1163,2096.949951171875,US,0.03528934963786101,0.04857536412108976,51.4,-0.01674408616281098,0.025210537034153102,-0.025210537034153102,0.015324602525288444,0.14706852285190072,-0.006761723735857594,-0.045976688993243704,-0.013428414878830631,1.2331623648686882,-0.7867001252586062,1.415979513367797,0.46225333452476214,2
2016-06-30,52.2,123.8164,16.9781,2098.860107421875,US,0.03307028985111082,0.06668856595452488,52.2,-0.01363834797543828,0.04114133634222927,-0.04114133634222927,0.0009109212401243738,0.14520861844273986,0.007950375051678948,0.05475139931046188,0.33008253095039825,0.8213401633754918,-0.825602024213138,1.3891348263284828,0.42873887411030875,1
2016-07-29,52.7,124.6552,17.4644,2173.60009765625,US,-0.02183023241656301,0.04843118089880494,52.7,0.01712185696754487,0.10144488802275498,-0.10144488802275498,0.035609800753315435,0.14813395217559966,0.02686975527169322,0.18138822921460643,0.5164284217005214,0.7511098605442463,-1.3412129139182722,1.7440946235724255,0.4176049979747302,1
2016-08-31,49.8,125.2233,17.3638,2170.949951171875,US,0.012833141273863147,0.08875835267516696,49.8,0.034095685600914916,0.08650055689739333,-0.08650055689739333,-0.0012192428990193127,0.12982780740789354,0.12027383653384338,0.9264104426871089,-0.911100479237395,0.4853868284012939,-0.5383762845094392,1.704908836333914,0.18520472524709342,2
2016-09-30,51.1,126.1595,17.2135,2168.27001953125,US,0.03254209944248743,0.08967976747375417,51.1,0.03804905903804001,0.014091891860047223,-0.014091891860047223,-0.0012344511393173052,0.12473910067843444,0.12354635479013365,0.9904380752962492,-0.801494466613923,0.12244449210522909,-0.02076132681536581,1.2177937354379273,0.12949560852846692,2
2016-10-31,51.8,127.1662,16.7451,2126.14990234375,US,0.07182946728045825,0.12136964027967401,51.8,0.04675600480713826,-0.016561833782617108,0.016561833782617108,-0.01942567890903446,0.09955455112502329,0.052691130827889454,0.5292689307766404,-0.8903925939054176,-0.0906947880398714,0.0401157162457156,0.5567665573207133,-0.096051277094715,3
2016-11-30,53.2,128.046,17.1978,2198.81005859375,US,0.07496319808987595,0.09686602505838682,53.2,0.04351270142543151,0.004761543090504583,-0.004761543090504583,0.034174521829295035,0.10448913108155714,0.02946296038202867,0.28197153213028325,-0.09794761203758856,-0.2923514808060783,-0.5656400711232602,0.5012908680338795,-0.11366207398326189,4
2016-12-30,54.4,130.5402,17.1757,2238.830078125,US,0.05533688947125537,0.08244477139549544,54.4,0.05430459939071075,0.011638522567307241,-0.011638522567307241,0.01820076244186586,0.10215391080159342,0.04857536412108976,0.47551154664488937,0.547031475960967,-0.44256800549616565,0.1775828650014823,1.04785425998473,0.3324751488627534,2
2017-01-31,55.7,131.5255,17.352,2278.8701171875,US,0.04622020061168275,0.08400212464801671,55.7,0.05511442763719443,-0.006435949703396671,0.006435949703396671,0.01788435819838252,0.07967676766954299,0.06668856595452488,0.8369888476288811,0.8104801776218231,-0.5727803531027533,-0.12070522423423899,1.2195916017215203,0.33414655050158776,2
2017-02-28,57.7,131.7474,17.9657,2363.639892578125,US,0.02037542030036965,0.045696474367681095,57.7,0.0520997290440357,0.0346640712286479,-0.0346640712286479,0.03719816006681631,0.08028590264661727,0.04843118089880494,0.6032339340067882,1.1450687836458626,-0.7440124243806708,-0.7753620992048555,1.103145515112598,0.18220994379323355,2
2017-03-31,56.5,133.4627,17.7274,2362.719970703125,US,0.025686472438030572,0.06629653054997253,56.5,0.057888625113447834,0.029854474685566457,-0.029854474685566457,-0.0003891971352694146,0.06150054841879239,0.08875835267516696,1.4432123770793164,0.4088624595052376,-0.7402655579926893,-0.389909607361921,1.7113209659679174,0.24750206502963618,2
2017-04-28,55.8,134.9605,17.6901,2384.199951171875,US,0.03611278391895367,0.08013592085673893,55.8,0.061292230168079165,0.05643441962126228,-0.05643441962126228,0.009091208748854607,0.060814689286239426,0.08967976747375417,1.4746399024034158,0.1741601376736426,-0.5235785464626297,-0.4979847562025541,1.7068877546325214,0.21487114741024504,1
2017-05-31,56.4,136.009,17.7581,2411.800048828125,US,0.024815429266080935,0.09776101854357244,56.4,0.06218858847601649,0.032579748572491685,-0.032579748572491685,0.011576251246328662,0.06071849787897592,0.12136964027967401,1.9988906926121246,0.3304002295207147,-0.43936676287666293,0.05612574477827443,1.3954037636685088,0.33564074377270875,1
2017-06-30,56.2,137.344,17.6701,2423.409912109375,US,0.039593052266169604,0.1032430353867464,56.2,0.05212034300544954,0.02878485301909106,-0.02878485301909106,0.004813775207812565,0.06007239488513753,0.09686602505838682,1.6124881527297388,0.03304093002275497,-0.14459783952699864,-0.5902234271743837,-0.2504744996736758,-0.23806370908807578,4
2017-07-31,56.5,138.6596,17.8412,2470.300048828125,US,0.04248874989388085,0.14310407755257315,56.5,0.05424119277250439,0.028192715537114,-0.028192715537114,0.019348826001101882,0.05515626478683409,0.08244477139549544,1.4947489956784596,0.07159631708550279,-0.034646637442000965,-0.3410097477134124,0.14801141337521426,-0.039012163673674084,4
2017-08-31,58.4,139.6499,17.7264,2471.64990234375,US,0.07117924573962675,0.09798320366958202,58.4,0.05998220837754675,-0.013319826113093125,0.013319826113093125,0.000546433019853243,0.05476215676086584,0.08400212464801671,1.5339447826139372,0.3191413558749323,0.10160109291439991,-0.028233747177230803,0.6582316471785788,0.26268508719767003,2
2017-09-29,60.0,140.6711,17.936,2519.360107421875,US,0.06122586427624599,0.04823050480463831,60.0,0.05401059621901827,0.011767095005471795,-0.011767095005471795,0.019302978562167672,0.053602891856911444,0.045696474367681095,0.852500169014465,0.6589197535807158,0.14244530795395316,-0.7367512336070245,-0.5405746747286485,-0.11899021170025104,3
2017-10-31,58.6,142.3179,18.1208,2575.260009765625,US,0.09651454528303938,0.028265122273662957,58.6,0.05451521000589077,0.02434695111955265,-0.02434695111955265,0.02218813506615125,0.04109446403781763,0.06629653054997253,1.6132715708121277,0.29398930288853325,0.06380421428769584,-0.32059852581248854,1.3977498676540827,0.35873621475445583,2
2017-11-30,57.6,143.8684,18.4283,2647.580078125,US,0.025022850318060286,0.021789687074207587,57.6,0.05778588181664457,0.037740524042549684,-0.037740524042549684,0.028082627806563343,0.03855445236766601,0.08013592085673893,2.078512751070627,-0.2951545957973529,0.3426387994376243,-0.8448884491460676,1.034358637202754,0.05923859792423944,2
2017-12-29,59.7,146.7862,18.2394,2673.610107421875,US,-0.012245611334087081,0.016741412534824196,59.7,0.06874854380242312,0.0322182670160327,-0.0322182670160327,0.009831630594270502,0.038858446644951354,0.09776101854357244,2.5158241510993067,0.14130994170038072,0.6456384890839777,-0.9980266788375637,1.1642871599987725,0.2383022279863918,2
2018-01-31,59.4,157.1764,17.9935,2823.81005859375,US,-0.06224215018667123,-0.0026630755522539795,59.4,0.13354142086087073,0.00853642131695187,-0.00853642131695187,0.05617870412552817,0.05675457468862403,0.1032430353867464,1.8191138943983767,0.1450952500220027,1.6551939643682512,0.0911756290018018,0.9860054433225426,0.7193675716786495,1
2018-02-28,60.9,159.5678,17.0362,2713.830078125,US,-0.0031542352864126766,0.06916053548051404,60.9,0.14262738462397762,-0.03893627583716941,0.03893627583716941,-0.0389473718793677,0.07651289081656062,0.14310407755257315,1.8703263727894512,0.5826739470505197,1.311568544111882,0.20467092688285038,1.0568449774087105,0.7889395988634906,1
2018-03-30,58.8,161.2778,16.4075,2640.8701171875,US,0.02934638833451486,0.10341662072048785,58.8,0.14648851114408012,-0.08521966993755581,0.08521966993755581,-0.02688449860055664,0.08521133342315718,0.09798320366958202,1.1498846424923324,0.17300859166271296,1.4244854597835592,0.423239811592616,0.822884580583962,0.7109046109057126,1
2018-04-30,58.6,163.6075,16.219,2648.050048828125,US,0.06353353869154721,0.024051638085328397,58.6,0.14959186441059047,-0.10495121628184179,0.10495121628184179,0.0027187749953683227,0.08549017850411282,0.04823050480463831,0.5641642776815351,0.35856858280031745,1.5928872720631968,1.2523209638130282,0.5155772694248208,0.9298385220253409,1
2018-05-31,59.0,165.337,16.4013,2705.27001953125,US,0.07254359031931479,0.020293686747492545,59.0,0.14922387404044235,-0.10999386812673995,0.10999386812673995,0.0216083418545836,0.08639573784226963,0.028265122273662957,0.3271587578228203,0.4982623523703369,1.7108389957018024,0.6269588230287525,0.5813204835672044,0.8543451636670241,1
2018-06-29,59.9,167.3333,16.2869,2718.3701171875,US,0.071958510007325,-0.07781133929992379,59.9,0.13997978011556955,-0.10704847747184665,0.10704847747184665,0.00484243626760783,0.08639390222359328,0.021789687074207587,0.25221325247949095,0.6519645308009538,1.579306210817112,0.42385142551226046,0.8981771052878804,0.8883248181045518,1
2018-07-31,58.1,169.3123,16.6813,2816.2900390625,US,-0.037123324436757255,-0.03983607506689768,58.1,0.07721197329879037,-0.07292633450968411,0.07292633450968411,0.03602155617289915,0.08991970507400505,0.016741412534824196,0.18618179987407435,0.40086796429235316,0.47247194408745957,-0.025188314714941474,1.531471673797275,0.5949058168655366,1
2018-08-31,60.5,170.3581,17.0795,2901.52001953125,US,-0.048715878816884994,-0.04033404164338028,60.5,0.06762203903293784,0.0025416466113334923,-0.0025416466113334923,0.030263211276748248,0.09095059741695354,-0.0026630755522539795,-0.029280462447600946,0.647119090579092,0.591869571943122,-1.4901328635465365,1.6671675260048522,0.3540058312451324,2
2018-09-28,59.3,172.4296,16.9474,2913.97998046875,US,-0.1397160878047653,-0.0273097545825276,59.3,0.0691465285364754,0.03290568337650468,-0.03290568337650468,0.0042942874264617625,0.09119208528026437,0.06916053548051404,0.7584050224091283,0.4829171308039098,0.5621276089244448,-0.8448169067520012,1.6804360070726148,0.4701659600122421,1
2018-10-31,58.1,173.3965,15.6832,2711.739990234375,US,-0.002817339643785166,0.08632468036524132,58.1,0.05983222040554392,-0.03303532893519956,0.03303532893519956,-0.0694033560936963,0.12154116276445398,0.10341662072048785,0.8508773354497902,1.105093228515574,0.29334889674824566,-0.9045778522014483,1.6807432974406722,0.5436518926257609,1
2018-11-30,58.6,172.5643,16.0473,2760.169921875,US,0.008811076508961513,-0.0029381753699210256,58.6,0.04371253863321578,-0.021583654954180465,0.021583654954180465,0.01785935665477978,0.11983035362636373,0.024051638085328397,0.2007140708298538,1.2904677371619988,0.3229238354548596,-0.5751383884190188,1.4369169702004734,0.6187925385995783,1
2018-12-31,54.9,171.8861,14.6037,2506.85009765625,US,0.13066190315637094,0.17348859930475657,54.9,0.027207973547405118,-0.10334686158814754,0.10334686158814754,-0.09177689467997252,0.15296359410516974,0.020293686747492545,0.1326700439160685,0.5572583722858129,0.30714146598452413,-0.3310263114863248,1.1849294595553783,0.42957574658484765,1
2019-01-31,55.7,168.9238,16.0295,2704.10009765625,US,0.08939387291109036,0.10217069456700689,55.7,-0.0022945763538738673,-0.03907369329728505,0.03907369329728505,0.07868440166582613,0.16395342381986958,-0.07781133929992379,-0.47459417124105097,1.2305672372112884,0.1319729135831312,-0.9181481730323358,0.6758259983769256,0.28005449403475235,2
2019-02-28,54.4,168.7263,16.5258,2784.489990234375,US,-0.011646632508775956,0.0509859870931606,54.4,-0.009578646392510826,-0.03241898182031089,0.03241898182031089,0.029728889343927145,0.16169384454547153,-0.03983607506689768,-0.2463672948025859,1.0034705801478392,0.29834641147871266,0.5693228873802842,1.0812778262769496,0.7381044263209464,1
2019-03-29,54.9,170.5683,16.6415,2834.39990234375,US,0.037877544143682496,0.05021877391857266,54.9,-0.010794550355623378,-0.01804996636652212,0.01804996636652212,0.01792425624958849,0.15879275609957877,-0.04033404164338028,-0.254004292350004,1.1011342681144058,0.3959579748074314,0.0465893354501211,0.09881811088722373,0.41062492231479547,1
2019-04-30,53.6,171.8999,17.1617,2945.830078125,US,0.011728376644687843,0.03113892452586242,53.6,-0.008631085402531213,0.0942728524790859,-0.0942728524790859,0.03931349831373798,0.16192807853406285,-0.0273097545825276,-0.16865360739016474,1.1328133546610013,0.577959313786779,-0.6678263621615456,0.25495104597616425,0.3244743380655998,2
2019-05-31,52.6,172.697,15.9598,2752.06005859375,US,0.0633706745603746,0.14131956192617778,52.6,0.0007689887189876732,-0.005452630660609636,0.005452630660609636,-0.0657777313668354,0.17785839049313987,0.08632468036524132,0.4853562439528032,1.610582587188611,0.6442147139832721,1.0581283747864016,0.19836355550905072,0.8778223078668339,1
2019-06-28,51.5,173.286,17.0022,2941.760009765625,US,0.011890834178392762,0.09824731404730613,51.5,0.008144346750551756,0.16423919965488198,-0.16423919965488198,0.0689301639982407,0.18985621116905052,-0.0029381753699210256,-0.015475792716124703,1.4710943425703842,0.9228358259841873,-0.4559803040171557,-0.34224131678432634,0.3989271369382723,1
2019-07-31,51.0,173.7734,17.1774,2980.3798828125,US,0.01918553272722079,0.08225130565819616,51.0,0.028708802430444935,0.07161171589881166,-0.07161171589881166,0.013128152166957952,0.18753690265458373,0.17348859930475657,0.925090458725864,1.3417863875406724,0.5336810404389071,0.02616225106665237,0.07060215068588961,0.4930579574330303,2
2019-08-30,48.5,174.252,16.8195,2926.4599609375,US,0.07330358945438231,0.009485866930067921,48.5,0.032749488372589175,0.0177722107250482,-0.0177722107250482,-0.018091627240523933,0.18697258297478675,0.10217069456700689,0.5464474680803046,0.5857561979511521,0.6041274264621905,-0.1531502665518028,0.4592610243767235,0.3739985955595658,2
2019-09-30,48.1,175.7274,16.9631,2976.739990234375,US,0.08534169591429386,-0.13173804350741225,48.1,0.03024653467262084,0.01932518102334524,-0.01932518102334524,0.017181177931020697,0.18758310431798195,0.0509859870931606,0.27180479435254246,0.5246606686271634,0.7897216900374022,0.5575063908701762,0.42193819923725484,0.5734567371929993,1
2019-10-31,48.1,174.7605,17.403,3037.56005859375,US,0.061878599043903915,-0.041194289014668706,48.1,0.01664108007043641,0.01406037863381826,-0.01406037863381826,0.020431770513684056,0.1704073296861627,0.05021877391857266,0.2946984382130746,-0.1561274911181874,1.0105723330188654,0.5469690734819476,0.2952204225014532,0.4241585844710197,2
2019-11-29,48.1,174.4187,18.0318,3140.97998046875,US,-0.05945915317096462,-0.03077699395606248,48.1,0.009969484125375683,0.1298261882980991,-0.1298261882980991,0.034047037714499906,0.1719188819784003,0.03113892452586242,0.18112568071362098,-0.1561274911181874,0.5969762462809631,-0.5478281250677807,-0.04479314860031458,-0.03794312962632988,2
2019-12-31,47.9,175.3196,18.4281,3230.780029296875,US,-0.20001050382463903,-0.04038962388373246,47.9,0.011735512389921876,0.08386561739069065,-0.08386561739069065,0.02858981890573009,0.12960168878483525,0.14131956192617778,1.090414509650384,0.14941038255281558,0.5701212137455567,-0.15563330804705136,0.6162470950523953,0.2950363458259291,2
2020-01-31,51.4,176.3237,18.2924,3225.52001953125,US,-0.09706654616768584,0.014137285578800007,51.4,0.014676009101508125,0.06491087126107575,-0.06491087126107575,-0.0016280928190489652,0.11539217253326471,0.09824731404730613,0.8514209576822367,1.48904899076288,0.6351535215801849,-0.3140049233119326,0.18437392989158738,0.49864287973068,2
2020-02-28,50.1,175.3367,16.8476,2954.219970703125,US,0.03049538923439843,0.18485085515167365,50.1,0.0062248926841586005,0.0016706798656320743,-0.0016706798656320743,-0.08411048363840312,0.1506473524910004,0.08225130565819616,0.5459857362120574,1.0870891950217971,0.7822760475876924,-0.10770902921336359,0.1579579737452529,0.47990354678534475,2
2020-03-31,49.0,156.821,16.4757,2584.590087890625,US,0.19952871969448593,0.30117344942101165,49.0,-0.1075893685333078,-0.028732955650795033,0.028732955650795033,-0.12511928240892822,0.19844633587945495,0.009485866930067921,0.04780066554531929,1.2647403032074374,0.3588139202879768,-0.36259692675302674,0.8243051311879716,0.5213156069825897,1
2020-04-30,41.8,140.0092,20.7972,2912.429931640625,US,0.12315839143461149,0.1227600449413977,41.8,-0.1988509989385474,0.19503533873470102,-0.19503533873470102,0.1268440381652789,0.2360379565747774,-0.13173804350741225,-0.5581222843101393,0.8099048141653225,0.2865412495671821,-1.005155110062518,0.8587583963253969,0.23751233749884582,2
2020-05-29,43.5,138.6353,21.9554,3044.31005859375,US,0.14978763372435155,0.18963897011378328,43.5,-0.2051580478469338,0.2175933628367661,-0.2175933628367661,0.04528181966555822,0.22763599458604256,-0.041194289014668706,-0.1809656205275478,1.017368029178782,0.4374693140804292,-0.4271463867750019,1.2752254096043336,0.5757290915221358,2
2020-06-30,52.6,142.8033,21.7023,3100.2900390625,US,0.0847372205914454,0.21152215471271751,52.6,-0.18546870971642648,0.17767431259869437,-0.17767431259869437,0.01838839651392421,0.2189169081937871,-0.03077699395606248,-0.14058755995593739,1.157281779542701,0.5968779389229747,0.08293422285138427,0.8924214595867683,0.6823788502259571,2
2020-07-31,53.8,148.6837,22.0002,3271.1201171875,US,-0.00035466635538827784,0.13546426214023244,53.8,-0.1567571460898337,0.20269620170125302,-0.20269620170125302,0.055101321480443666,0.22431380459832592,-0.04038962388373246,-0.18005857444243042,0.853660698524853,0.8306314368155389,-0.21346248998814038,0.9881491367115338,0.6147446955159463,2
2020-08-31,55.4,152.6368,22.9378,3500.31005859375,US,0.034659736477028025,0.08880351698754363,55.4,-0.12946462434846795,0.36148768964125444,-0.36148768964125444,0.07006466690171775,0.22963988466360985,0.014137285578800007,0.06156284915187596,0.9586560645494839,0.9114944451268058,-0.48638529566799804,0.9881012945282192,0.5929666271341277,2
2020-09-30,55.5,156.0497,21.5539,3363.0,US,0.11688078155199966,0.1813529267255798,55.5,-0.004918346394934381,0.3082236263102629,-0.3082236263102629,-0.039227970178423055,0.2364427347752816,0.18485085515167365,0.7817996832398273,0.9226693505490209,1.1142634007693426,-0.35906566592335737,0.8298817243563821,0.626937202437847,2
2020-10-30,58.7,160.4261,20.3915,3269.9599609375,US,0.13586711599046608,0.2786608924337579,58.7,0.14582541718687048,-0.019507433692997123,0.019507433692997123,-0.027665786221379718,0.2395297248578906,0.30117344942101165,1.2573531305966028,1.355133657883715,1.6547228228463993,-0.016577789938029542,0.7828729304751411,0.9440379053168065,1
2020-11-30,57.3,165.0599,21.9411,3621.6298828125,US,0.05233003527794833,0.1608336575841387,57.3,0.19060513447873673,-0.0006513204040919929,0.0006513204040919929,0.10754563544385909,0.25863572964132775,0.1227600449413977,0.47464457100200164,0.9714590009512761,1.6699267258024926,0.09239068936997133,0.5182558074023558,0.813008055881524,1
2020-12-31,60.2,166.2888,22.5874,3756.070068359375,US,0.0577251809132131,0.14414798493818237,60.2,0.16446048515685563,0.04078369573731799,-0.04078369573731799,0.03712145909357001,0.25928248087307115,0.18963897011378328,0.731399088265508,1.059222298228325,0.8891575780798341,-1.149002615913663,0.47384150362908356,0.31830469100589487,1
2021-01-29,59.2,173.3282,21.4309,3714.239990234375,US,0.12571345224549169,0.18335373513321396,59.2,0.16575118859700178,-0.025877037481477405,0.025877037481477405,-0.011136660755445171,0.2601293354667533,0.21152215471271751,0.8131422560749662,0.9098133063249464,0.04160977855713694,-0.20867084300541675,0.11718707731150393,0.21498482979704264,2
2021-02-26,60.4,177.4664,21.4795,3811.14990234375,US,0.10310797817106088,0.18669700527914923,60.4,0.1626711251808215,-0.06357628020123973,0.06357628020123973,0.026091451377448394,0.23689674051060605,0.13546426214023244,0.5718283073386887,1.042630986127887,-0.15918529094776485,0.06704355379851427,-0.2938687743254534,0.16415511866329574,2
2021-03-31,63.8,181.5645,21.8872,3972.889892578125,US,0.08170629345361147,0.084233430961564,63.8,0.16350431945719857,0.01546355879910366,-0.01546355879910366,0.042438632533165155,0.17269648669270424,0.08880351698754363,0.5142172761485323,0.6767896010119059,-0.13122988190589868,-0.5951060366862932,-0.46172578688724164,-0.12781802611688192,3
2021-04-30,60.8,192.9923,21.6725,4181.169921875,US,0.05120333489197049,0.1014572401657543,60.8,0.20299814057687637,0.06282029276904577,-0.06282029276904577,0.05242532134755851,0.14445435230788736,0.1813529267255798,1.2554341480763935,-0.08502038471960399,0.08544986634570169,-0.49053084071623115,0.7266556333436733,0.059138568563384966,3
2021-05-31,61.6,198.1887,21.222,4204.10986328125,US,0.07577592471652506,0.08631794803657189,61.6,0.2007077430678197,-0.0327741088641863,0.0327741088641863,0.00548648867060697,0.1457488710379606,0.2786608924337579,1.9119248776972007,-0.13826597489435963,-0.06632823215025146,-0.44502894756089145,1.0436493656978731,0.09850655277309264,2
2021-06-30,61.3,201.2459,21.3674,4297.5,US,0.0023362510907505296,0.10905879599331003,61.3,0.2102192089906234,-0.05401241400072598,0.05401241400072598,0.022214009565834747,0.14552217152402097,0.1608336575841387,1.1052175479500064,-0.0542281842284225,0.09030888423387433,-0.18891884079472618,0.8347202792486916,0.1704705346148543,2
2021-07-30,60.2,209.2476,21.0155,4395.259765625,US,0.047806074815152755,0.027368129638953187,60.2,0.20723344499048624,-0.019383227022663596,0.019383227022663596,0.02274805482838871,0.1426064855015392,0.14414798493818237,1.0108094623552484,-0.21189324876315702,0.15104204790646372,-0.2981909433380217,1.2469126650989923,0.22196763022606933,2
2021-08-31,59.8,212.9949,21.2452,4522.68017578125,US,0.009799460164369167,-0.032887630474402574,59.8,0.20019846010287012,-0.010908075141414009,0.010908075141414009,0.028990416255438634,0.1343342648364962,0.18335373513321396,1.36490667780392,-0.11762837878846422,-0.014109168477614996,-0.36059211947573805,1.2419543877923174,0.187406180262625,2
2021-09-30,60.8,214.0071,20.1399,4307.5400390625,US,0.10647379538196211,0.05173953466861003,60.8,0.17868360830448693,-0.07983204795496912,0.07983204795496912,-0.047569168801901096,0.13868725130064088,0.18669700527914923,1.3461727990731798,0.30274378729333296,0.010367994828815305,-0.37861271981912475,1.2716945438440215,0.3015484015367612,1
2021-10-29,60.7,216.1101,21.3247,4605.3798828125,US,-0.01950546543624998,-0.1028036164395878,60.7,0.11978612618223616,-0.01604798708040145,0.01604798708040145,0.0691438364006065,0.13494172002566554,0.084233430961564,0.6242208187767506,0.28919685078140484,-0.30568910876479455,-0.6026745765085852,1.6878782025216692,0.26717784200742356,1
2021-11-30,60.8,219.3698,20.8347,4567.0,US,-0.042272839630775105,-0.09521569907077954,60.8,0.10687339893747727,-0.018249929318631564,0.018249929318631564,-0.008333706184746159,0.10925560436549966,0.1014572401657543,0.9286227535417131,0.5083731505920214,-0.3852700060087171,-0.9810286811448675,1.6214966121968624,0.19089276890882478,2
2021-12-31,58.3,222.5346,21.4353,4766.18017578125,US,-0.049467290542075215,-0.20578330167889258,58.3,0.10578451536155531,0.0031777380495521257,-0.0031777380495521257,0.04361291346206486,0.11055256033693468,0.08631794803657189,0.7807865125285007,0.006539999973841021,-0.10898061862354969,-0.9509254597584804,1.6064617472385718,0.1382739172075957,2
2022-01-31,57.4,225.1232,20.0698,4515.5498046875,US,-0.08495524255053555,-0.08531846226678086,57.4,0.07586992634563061,-0.04500011895981526,0.04500011895981526,-0.052585165027393854,0.12962133064866535,0.10905879599331003,0.8413645767062102,-0.3489868089727817,-0.6920235674130858,-0.5625082925175504,1.4471564280670084,-0.0390905602091024,4
2022-02-28,58.1,226.613,19.3063,4373.93994140625,US,-0.05527968886211154,-0.09578090852147325,58.1,0.06393627265253765,-0.09126296763504227,0.09126296763504227,-0.031360491945908286,0.13773064637310067,0.027368129638953187,0.19870762506127532,0.08367721017317924,-0.26226501263063406,0.06671266740957911,0.813873703887962,0.17549964221002157,2
2022-03-31,57.2,230.8401,19.6331,4530.41015625,US,-0.16445095427169687,-0.20854404049026332,57.2,0.0786562688807988,-0.02516397797407144,0.02516397797407144,0.03577328837154625,0.13629157482010518,-0.032887630474402574,-0.24130347395142965,0.024335339602845573,-0.1318340278433282,-0.4852914045150148,0.48330249502215183,-0.0273718994333364,3
2022-04-29,55.3,233.0481,17.7293,4131.93017578125,US,-0.00039694202200302175,-0.06291253342957315,55.3,0.07837671631265741,-0.16860260636726432,0.16860260636726432,-0.08795671180434306,0.16066284495866923,0.05173953466861003,0.32203795894389964,-0.4255032305566893,-0.40096677502392325,0.6466864228673924,0.6803230636563585,0.1251348702357846,3
2022-05-31,55.9,235.089,17.5671,4132.14990234375,US,-0.042871121941454926,-0.012593878768134226,55.9,0.07165617145112946,-0.15683451165603546,0.15683451165603546,5.317770464463578e-05,0.16055277274090385,-0.1028036164395878,-0.6403104392690232,0.042947625393764455,-0.18387807284675342,1.0172998088914578,0.42190801174015313,0.3245693432946555,1
2022-06-30,53.5,236.7715,15.9714,3785.3798828125,US,-0.05277139198948255,0.014297142919058814,53.5,0.0639761187698451,-0.2549019607843138,0.2549019607843138,-0.08391999993382682,0.17831417291476592,-0.09521569907077954,-0.5339771792357335,-0.18802666092401527,-0.2914905306312422,0.8397089300278839,-0.12913671328128323,0.05776375629783581,4
2022-07-29,52.9,234.4264,17.5961,4130.2900390625,US,-0.06254041632688379,-0.012999072921870747,52.9,0.04132492786172204,-0.12325484060628411,0.12325484060628411,0.09111639173021002,0.20309665932204274,-0.20578330167889258,-1.0132283926570635,-0.3502281400158293,-0.36723786087793864,0.20270128035775087,0.26934663748426546,-0.0613545207629379,4
2022-08-31,53.0,234.3429,16.8462,3955.0,US,0.031633402635113717,0.003830569492730751,53.0,0.0341105761805367,-0.12742472664363447,0.12742472664363447,-0.04244012827299837,0.20315892688130632,-0.08531846226678086,-0.4199592091595727,0.36063689276856903,-0.5153098282499761,0.00996125959411922,1.1723212149384326,0.2569023847627862,2
2022-09-30,51.1,234.4674,15.2608,3585.6201171875,US,0.07080501406034023,0.14605282330271607,51.1,0.015713474392014204,-0.22270043956379781,0.22270043956379781,-0.09339567201327437,0.2172005680185838,-0.09578090852147325,-0.4409790885688576,0.024477310678751328,-0.5760507888325331,0.38670346216758145,1.6321908653028194,0.3668302123291548,2
2022-10-31,50.3,229.7156,16.8238,3871.97998046875,US,0.052846377878928985,0.07683407494374084,50.3,-0.01429962312501154,-0.05107364644966239,0.05107364644966239,0.0798634138370089,0.2218570614200541,-0.20854404049026332,-0.9399928005690812,0.15290618918611162,-0.8422579012237874,-0.7069389493801196,1.4774979852598928,0.020301830960524403,3
2022-11-30,49.0,228.3488,17.8251,4080.110107421875,US,-0.026950303345515847,0.02444050971117928,49.0,-0.028670843808089597,0.01468654473419062,-0.01468654473419062,0.053752893352493114,0.23159199250566603,-0.06291253342957315,-0.2716524554623103,-0.02790829747637183,-1.0517139509114888,-1.190468292828824,1.3725686782063358,-0.2243804657525872,5
2022-12-30,48.0,228.6548,16.7474,3839.5,US,0.07027218611635622,0.1591040194849589,48.0,-0.03428073057779335,0.04858684899257426,-0.04858684899257426,-0.05897147407473047,0.22970672462722214,-0.012593878768134226,-0.05482590371950194,-0.30260389016525685,-0.9427033415923437,-0.8869625319712464,1.1706517266864627,-0.24040450926059614,4
2023-01-31,47.1,225.4731,18.0402,4076.60009765625,US,0.022783663000425003,0.12568313079711202,47.1,-0.03819237082512894,0.02523854717806784,-0.02523854717806784,0.0617528578346791,0.2380578510724525,0.014297142919058814,0.06005743080789006,-1.0370899457402647,-1.1578660729145234,0.03309072422191039,-0.683648989079117,-0.7113785708779987,5
2023-02-28,47.3,225.1977,17.604,3970.14990234375,US,0.052814170985701736,0.1353878989780548,47.3,-0.03902486484548917,0.04498343840153862,-0.04498343840153862,-0.02611249393181858,0.23751265491769105,-0.012999072921870747,-0.05473002239133539,-1.2155624102628966,-1.2348874662660592,0.27071800593650636,-1.3222891997055461,-0.875505267574499,5
2023-03-31,46.3,225.3217,18.2211,4109.31005859375,US,0.08299929169508036,0.04349629099414232,46.3,-0.039006275499280485,0.19398065632208006,-0.19398065632208006,0.03505161257710898,0.2373756646096133,0.003830569492730751,0.016137161739096063,-0.8711377255578145,-0.33718722361688874,-0.3894905849512217,-1.1831251434450243,-0.6952351693927373,5
2023-04-28,46.7,226.5449,18.396,4169.47998046875,US,0.10060726575825663,0.0058328195201013955,46.7,-0.01380271953667922,0.09345094449529845,-0.09345094449529845,0.014642341662481018,0.22025610006471075,0.14605282330271607,0.6631045553780626,-0.6533782810307427,-0.11265410083221047,0.24247630407239576,-1.222805197029628,-0.4365903187050464,4
2023-05-31,46.4,227.8192,18.3491,4179.830078125,US,0.07843143668463637,0.09281949727883121,46.4,-0.0023192589582253786,0.02939674952735194,-0.02939674952735194,0.002482347368192972,0.22023865941179604,0.07683407494374084,0.3488673384997256,-0.06179955856926232,-0.3534112953874203,-0.2829732068944514,-1.6616743829089489,-0.5899646109400207,5
2023-06-30,46.3,229.4044,19.4265,4450.3798828125,US,-0.03647555543559855,0.07178043306959614,46.3,0.0032783042385291505,0.1599710999916406,-0.1599710999916406,0.06472746490423464,0.20608239157100117,0.02444050971117928,0.11859581755076265,0.034028691902943484,-0.2082290452237423,-0.6788777165295857,-0.8341854018041717,-0.42181586791363906,4
2023-07-31,47.0,230.6609,19.9289,4588.9599609375,US,-0.08611104904242195,0.05593640903195185,47.0,0.02300850966257184,0.10469396126428765,-0.10469396126428765,0.031138932355010862,0.19008838458018668,0.1591040194849589,0.8370002188000215,0.5579194514278236,0.1889025673642035,-0.6154990697339774,1.1858597166187985,0.32929566641921204,2
2023-08-31,48.0,235.6901,19.1717,4507.66015625,US,0.013341655393899865,0.13057991127949742,48.0,0.046591950095405066,0.08905362417632379,-0.08905362417632379,-0.017716390070854016,0.18413281202575255,0.12568313079711202,0.6825678129519586,0.8113625732861216,0.6991133807191572,-0.6327619579585024,1.5382548107606777,0.6039922017018635,1
2023-09-29,48.7,237.5645,18.1054,4288.0498046875,US,0.11235416923349151,0.2253472643700254,48.7,0.054334757815159396,-0.00634978129750674,0.00634978129750674,-0.048719367465624885,0.16000387173061106,0.1353878989780548,0.8461538931132824,0.918084111386857,0.7600406598115257,0.07197520757971193,1.2920903759436215,0.760547588680429,1
2023-10-31,47.4,238.3642,17.6563,4193.7998046875,US,0.15543185846106988,0.20074638178430715,47.4,0.05217199769228964,-0.04020982822352681,0.04020982822352681,-0.02197968873798295,0.14758254846960242,0.04349629099414232,0.2947251653070705,0.7548043691892585,1.1669313013511993,-0.20987394771343296,1.316084070648855,0.7569864483689699,1
2023-11-30,46.8,240.5571,19.0918,4567.7998046875,US,0.11569469710590896,0.15537238742582193,46.8,0.055912319944938726,0.04047609964521426,-0.04047609964521426,0.08917926878197013,0.16312690709675295,0.0058328195201013955,0.035756329988172124,0.4363790735615637,0.9163014962039749,-0.4894024562904767,1.1076217907633008,0.4927249760595907,2
2023-12-29,46.9,242.058,19.7334,4769.830078125,US,0.10158014260367798,0.1447954939760121,46.9,0.0551584886776364,0.015798007875839737,-0.015798007875839737,0.04422923115636013,0.14706481570671973,0.09281949727883121,0.6311468642774091,0.4640325313523411,0.9246984138915079,-0.09953931028299476,1.375224920274723,0.6661041388088944,2
2024-01-31,48.6,242.717,19.9879,4845.64990234375,US,0.039218689524098904,0.13964069133770218,48.6,0.05226763617067309,0.002960524665184705,-0.002960524665184705,0.015895707598991615,0.13949576365829855,0.07178043306959614,0.5145707022718317,0.9057117986696157,1.1088800376377794,0.5246460995706885,1.6534912240400998,1.0481822899795459,1
2024-02-29,47.4,245.5552,20.7982,5096.27001953125,US,0.0355632149393883,0.1083399978212467,47.4,0.04185623409723194,0.08483859021370033,-0.08483859021370033,0.05172064062372317,0.1359983133469809,0.05593640903195185,0.4113022261477452,0.5807479041390408,0.8782319489044557,-0.1979733173929897,1.0290976863923698,0.5725260555107192,1
2024-03-29,49.8,248.9682,21.1301,5254.35009765625,US,0.039230328961986416,0.09670651429168298,49.8,0.04800254246741398,0.16706065593690278,-0.16706065593690278,0.031018779915342964,0.135626362546957,0.13057991127949742,0.9627915165408024,1.266337655946385,0.9121745392508952,-0.6567946966165278,0.7604050842993018,0.5705306457200136,2
2024-04-30,48.9,252.2528,19.9708,5035.68994140625,US,0.0966322130518944,0.13300267921563402,48.9,0.05826630005680378,0.13108635444572192,-0.13108635444572192,-0.04161507173789869,0.14962291409715497,0.2253472643700254,1.5061012929055784,0.5745684960243471,0.8442396754042445,0.2816060652907921,0.9780224403151196,0.6696091692586259,1
2024-05-31,48.6,255.2275,20.6732,5277.509765625,US,0.07027748942020695,0.14303528571455004,48.6,0.06098510499170473,0.08283137263118201,-0.08283137263118201,0.0480211901511991,0.15181728620887977,0.20074638178430715,1.32228935714282,-0.2157559095553581,0.6421891179954056,0.390638962892442,0.7789964653500684,0.3990171591706395,2
2024-06-28,48.3,258.3389,21.1378,5460.47998046875,US,0.05530649339988525,0.07712690163687719,48.3,0.06726032603756127,0.07116867848419428,-0.07116867848419428,0.03466980128308328,0.14508947551659876,0.15537238742582193,1.0708729001370383,-0.3478428510692384,0.4718140923737681,-0.597626567489603,1.0757898826125107,0.15053363910685935,3
2024-07-31,47.4,261.1732,21.1419,5522.2998046875,US,0.03316560076465547,0.09384314484861189,47.4,0.07603999719838317,0.057734929632427656,-0.057734929632427656,0.011321316887868749,0.14448190665786603,0.1447954939760121,1.0021704262173716,-0.23224068837498876,0.4766303548717448,-0.6807773284041299,1.5058005473031895,0.2673532213489539,2
2024-08-30,47.7,263.8428,21.4062,5648.39990234375,US,0.06798031072648048,0.05419235587927074,47.7,0.0744744969766471,0.02923329903549332,-0.02923329903549332,0.022834706936630367,0.13966628806778006,0.13964069133770218,0.9998167293594468,-0.14309598379605049,0.3898486087052874,-0.40745108937733493,1.0111246313374873,0.21260654171734733,2
2024-09-30,47.3,265.3496,21.7116,5762.47998046875,US,0.020676844474530887,-0.026139766788438767,47.3,0.06579715803062403,0.027519983341300014,-0.027519983341300014,0.020196884090601275,0.1181786234918394,0.1083399978212467,0.9167478400078667,-0.4788683409983791,0.5081519076831581,-0.8068535542455931,0.4740453344643363,-0.07588116327411948,4
2024-10-31,47.0,266.3646,21.4129,5705.4501953125,US,0.05872973707123852,-0.023905236580770706,47.0,0.05594308566644246,0.07221042722374671,-0.07221042722374671,-0.009896743303151712,0.11340900270845916,0.09670651429168298,0.8527234344903525,-0.7546127875344266,0.7019122837760674,-1.4253767958674057,1.0368204276658897,-0.11031421798996882,4
2024-11-29,48.4,269.6653,22.3602,6032.3798828125,US,-0.012910308091570233,-0.02000701941038574,48.4,0.056568355682675264,0.08160323510632117,-0.08160323510632117,0.057301295482098835,0.09754938778445772,0.13300267921563402,1.3634394047609284,-0.09235342867291045,1.0643211984462844,-1.6139057358064341,1.649854424268202,0.25197911455878547,3
2024-12-31,49.2,272.5676,21.5688,5881.6298828125,US,-0.04586820159231875,0.05497121018186091,49.2,0.055077651875114375,0.0203900122056222,-0.0203900122056222,-0.02499013704848363,0.10593926708686016,0.14303528571455004,1.350163066516919,0.8383854563447612,1.1566140898768693,-0.7949656116453321,1.6872962344166527,0.7218325422482378,1
2025-01-31,50.5,274.1392,22.0309,6040.52978515625,US,-0.07805105567413484,0.049475850991896,50.5,0.0496452162779335,0.042049200875985626,-0.042049200875985626,0.0270163042404441,0.1062768650779714,0.07712690163687719,0.7257167548204592,1.491739707965785,0.918052525435883,-0.41538556215251704,1.7767849015092863,0.9427978931896093,1
2025-02-28,50.0,275.3167,21.6193,5954.5,US,-0.0071895303709379466,0.0849374029095642,50.0,0.043487637335565044,0.009955059749044759,-0.009955059749044759,-0.014242092699825126,0.10455588363309572,0.09384314484861189,0.8975405456657357,1.1014704098515689,0.6638026300762759,0.21984167444552552,1.6689032605539782,0.9135044937318371,1
2025-03-31,48.9,277.2156,20.2403,5611.85009765625,US,0.10568708845304942,0.19184579854171235,48.9,0.04471836399979501,-0.06776561837911532,0.06776561837911532,-0.05754469768137538,0.12403395266814111,0.05419235587927074,0.43691549542297525,0.576770027570645,0.7104713789152389,1.3400800864082794,1.3850219312414873,1.0030858560339126,1
2025-04-30,48.8,274.1324,20.3127,5569.06005859375,US,0.13832317662588056,0.22825039115123613,48.8,0.02916228357672157,-0.05138024275086517,0.05138024275086517,-0.007624943346289825,0.11402619665395432,-0.026139766788438767,-0.22924352083554533,0.6871036339875664,1.305362484599877,1.161600901028899,-0.5386868078857289,0.6538450529326534,1
2025-05-30,48.6,276.7511,21.3611,5911.68994140625,US,0.09279407913065518,0.15856716296605455,48.6,0.026276276554677347,-0.044682069033371685,0.044682069033371685,0.06152382614078289,0.11973375122397825,-0.023905236580770706,-0.19965328352615222,0.6008219986240121,0.8980243656248907,1.399179759594231,-1.669338251252044,0.3071719681477724,2
2025-06-30,49.0,280.7201,22.1164,6204.9501953125,US,0.07792323071187024,0.10323206222854142,49.0,0.02991001131462423,0.025388524164533965,-0.025388524164533965,0.049606839467715824,0.1239424738719065,-0.02000701941038574,-0.16142181760114635,0.0,1.1939151761948392,0.7663203685259404,-1.4193484710034583,0.1352217684293303,3
2025-07-31,48.4,285.2415,22.2302,6339.39013671875,US,0.07899972202262462,0.09458948503015963,48.4,0.04049876850884493,0.009046384850369238,-0.009046384850369238,0.0216665625306407,0.12437614470452509,0.05497121018186091,0.4419755115617515,-0.6967480245359868,1.327829062035997,0.41187332416832245,-1.54517252578708,-0.12555454102968688,4
2025-08-29,48.9,289.9193,22.2893,6460.259765625,US,0.06018799432709532,0.06479927005644193,48.9,0.053039281670890226,0.030990827640117846,-0.030990827640117846,0.019066444295036122,0.1240798608076003,0.049475850991896,0.398741993018624,-0.17374889710522423,1.2332662247277975,0.05264944700251139,-1.0135981745729263,0.024642150013039543,2
2025-09-30,48.9,293.9583,22.7592,6688.4599609375,US,0.02347925232111092,-0.02391282034135578,48.9,0.06039595174297552,0.12444973641695034,-0.12444973641695034,0.035323687218701494,0.12609696008185697,0.0849374029095642,0.673588029833759,0.6003002251876607,1.4644669881150485,-0.6961079583996885,-0.7064917538666121,0.1655418752591021,3
2025-10-31,48.8,298.8807,22.886,6840.2001953125,US,0.014448347566124786,0.053917949735629245,48.8,0.09027863908096956,0.1266842911085182,-0.1266842911085182,0.0226868719049238,0.12380316716457271,0.19184579854171235,1.549603317390822,-0.1856203451048007,1.4503184055799174,-0.4864768786960255,0.5102301254183462,0.3221128267993594,1
2025-11-28,48.0,304.8045,22.483,6849.08984375,US,0.004349488726547168,,48.0,0.10136689610267124,0.052520703521822476,-0.052520703521822476,0.0012996181666717899,0.11573456979846919,0.22825039115123613,1.9721885306066536,-0.8273403039920277,0.8861688902935253,-0.26570292284368124,1.0626798844385406,0.21395138697408922,3
2025-12-31,47.9,310.8517,22.0368,6845.5,US,-0.0463048689604485,,47.9,0.10733680986862004,-0.0035991391003959983,0.0035991391003959983,-0.0005241344225139777,0.10983603319036776,0.15856716296605455,1.443671610856758,-0.5012804118276005,0.7874301720502193,1.5467159575191645,0.9509111904769908,0.6959442270546935,1
2026-01-30,52.6,317.3392,21.8885,6939.02978515625,US,0.038907453754742916,,52.6,0.1125281559660849,-0.015370981817527496,0.015370981817527496,0.013662958900920286,0.1088089157019101,0.10323206222854142,0.9487463555960168,1.274149806886314,0.9856374329123567,1.5421749401147569,-0.3661425808168587,0.8589548997741423,1
2026-02-27,52.4,322.6459,21.3293,6878.8798828125,US,,,52.4,0.1128817570958538,-0.04306999322544902,0.04306999322544902,-0.008668344740704326,0.10747281607354062,0.09458948503015963,0.8801247467586102,1.0253461377791986,1.0778466826987319,1.6419156887093729,-1.4143575126001011,0.5826877491468005,1
2026-03-31,52.7,336.2786,19.4282,6528.52001953125,US,,,52.7,0.14396701845125648,-0.14635839572568454,0.14635839572568454,-0.050932690968577,0.1028740763998852,0.06479927005644193,0.6298892036178148,0.7063774289747337,1.0381714327524596,1.621681277801453,-1.4585637551370076,0.47691659609790965,1
2026-04-30,52.7,348.0926,20.6951,7209.009765625,US,,,52.7,0.16465399070599074,-0.09573101459407496,0.09573101459407496,0.10423338582985764,0.1343117617392951,-0.02391282034135578,-0.17803965960755982,-0.7092993656151895,1.2651989077576273,1.405257389695342,-1.2986718685119856,0.16562126583144854,3
