Date,Country,Macro_Score,Micro_Score,Valuation_Score,Technical_Score,Composite_Score,Country_Rank
2005-12-30,Eurozone,-0.8499341502148812,,,,,
2006-01-31,Eurozone,-0.8265555181244963,,,,,
2006-02-28,Eurozone,-0.4485111714311304,,,,,
2006-03-31,Eurozone,-0.026354855899452072,,,,,
2006-04-28,Eurozone,-0.06703178432531215,,,,,
2006-05-31,Eurozone,0.09591037564571084,,,,,
2006-06-30,Eurozone,0.2595005265635192,1.4142810852246885,0.3243609611698712,,,
2006-07-31,Eurozone,0.18578371048701275,0.8311375231920691,0.4483485647041347,,,
2006-08-31,Eurozone,-0.021240767941984234,1.223230926677332,1.2244666910568556,,,
2006-09-29,Eurozone,0.03061995080455343,1.1343474676798486,0.6178180428327071,,,
2006-10-31,Eurozone,0.23320640793793748,0.9883010301343026,0.2781960777565897,,,
2006-11-30,Eurozone,0.07281635205585303,0.9857418147978203,-0.09710907458169309,,,
2006-12-29,Eurozone,0.03799206959068496,0.5999162163547904,-0.9396834446761545,0.606506736393355,0.07618289441566897,2
2007-01-31,Eurozone,0.05255656467358808,-0.016893562273818687,-0.7866012087198702,0.7869244590644341,0.008996563186083328,3
2007-02-28,Eurozone,-0.21448564811227808,0.14331145580550855,-0.9219828420168058,0.939687430180368,-0.013367401035801835,2
2007-03-30,Eurozone,-0.14934236052217617,0.25122050200666374,-0.9378656819895455,1.2160471322380764,0.09501489793325463,2
2007-04-30,Eurozone,0.10450598885463247,0.2083644549609978,-1.5307788200982182,1.540871051577113,0.08074066882363123,2
2007-05-31,Eurozone,0.1219704943323591,0.24878346232134493,-0.9685092970230375,1.3532803174333032,0.18888124426599245,2
2007-06-29,Eurozone,0.06874328711613097,0.4313618573848034,-0.5006711592561541,1.6929233559894563,0.42308933530855913,2
2007-07-31,Eurozone,0.05948471480522493,0.7090782946952785,-0.4427768278780575,1.4082250413079767,0.43350280573260563,2
2007-08-31,Eurozone,-0.1077760420279141,0.7490549059611576,-0.5261067635811307,1.5179225768402165,0.4082736692980823,2
2007-09-28,Eurozone,-0.17467057594697372,1.095077439743759,0.2372481966945908,0.8797777373355411,0.5093581994567293,2
2007-10-31,Eurozone,-0.4505057022044469,1.6297166304305373,0.46613504871623596,0.9184145736744125,0.6409401376541847,1
2007-11-30,Eurozone,-0.40721574831540885,1.1932202292783165,0.2644127931166541,1.09982853315606,0.5375614518089054,1
2007-12-31,Eurozone,-0.34906242877816873,0.879306604452509,-0.18753403304562305,1.1488797596385327,0.37289747556681246,1
2008-01-31,Eurozone,-0.23188569484733038,1.3168021760418598,0.6507831613743444,0.9977832317683358,0.6833707185843024,1
2008-02-29,Eurozone,-0.11716865837746744,0.9022614932458828,0.9448390812519487,0.5445772301415975,0.5686272865654904,1
2008-03-31,Eurozone,0.03238468307633923,0.5909951591993338,0.4316072928974552,0.5631045395697363,0.4045229186857161,1
2008-04-30,Eurozone,-0.03578185887261772,0.4568204901153964,0.7688733917490289,0.6953965341543431,0.4713271392865377,1
2008-05-30,Eurozone,-0.060815843374593,0.44034411832042586,1.0099010178160739,0.501710674827539,0.47278499189736145,1
2008-06-30,Eurozone,0.04261291360293533,0.5409869902940884,1.2143337170581914,0.5309052737541764,0.5822097236773478,1
2008-07-31,Eurozone,-0.22697358632124512,0.3471672772161145,0.757095359523458,-0.5884893134439267,0.07219993424360016,3
2008-08-29,Eurozone,-0.19430950874367753,0.06496745470700263,0.7046207973772274,-0.08133516271924245,0.12348589515532751,2
2008-09-30,Eurozone,-0.1009866341813902,-0.13951524735245602,0.704773969007685,-0.14456768136548212,0.07992610152708915,3
2008-10-31,Eurozone,-0.23581854048772558,-0.45909646322593156,0.6429418718305698,-0.19344932813435264,-0.06135561500435998,3
2008-11-28,Eurozone,-0.31108810013963634,-0.34279903656341726,0.3162795513780284,0.2769551201900631,-0.01516311628374055,3
2008-12-31,Eurozone,-0.0902598712332422,-0.18815885407484045,0.1647598774711991,0.650937125363205,0.13431956938158038,2
2009-01-30,Eurozone,-0.248020804250205,-0.10189440130237337,0.2557070152507945,0.3354647567738468,0.060314141618015724,3
2009-02-27,Eurozone,-0.05519538930773935,0.08708969075649271,0.4048528122880911,0.3209301614997129,0.18941931880913934,3
2009-03-31,Eurozone,-0.5713622483882018,0.13067778703593977,0.4228909808711744,0.5043396191188186,0.12163653465943275,3
2009-04-30,Eurozone,-0.8087118857058547,0.13385835377198052,0.330277281224221,0.6555933902054536,0.0777542848739501,3
2009-05-29,Eurozone,-0.8780509389138148,0.24923428681361182,0.3225417702777532,1.245843790416847,0.23489222714859928,2
2009-06-30,Eurozone,-0.9512046790388565,0.10106035979093758,0.24470153086397062,0.9534579816262894,0.08700379831058525,3
2009-07-31,Eurozone,-0.6021784738610698,-0.24846861892078567,-0.2904435423871517,-0.2782449890343974,-0.35483390605085113,4
2009-08-31,Eurozone,-1.2568135186104878,-0.6638216944421518,-0.9166856098867633,0.37037137844580986,-0.6167373611233983,5
2009-09-30,Eurozone,-1.2856304443407738,-0.5936505507849724,-0.8732776178904779,0.001420653637901796,-0.6877844898445805,5
2009-10-30,Eurozone,-1.177928732379918,-0.5523754685655373,-0.5094932484964639,0.473351044595674,-0.4416116012115613,5
2009-11-30,Eurozone,-1.1278435833947893,-0.6299889334793056,-0.5602364923053276,-0.19001979039368683,-0.6270221998932773,5
2009-12-31,Eurozone,-1.6017068694476146,-0.5892074663932848,-0.6139746990126849,-0.10012226155801345,-0.7262528241028994,5
2010-01-29,Eurozone,-1.5372205442358426,-0.6541847317437463,-0.5543155158172572,-0.05334694641317728,-0.6997669345525059,5
2010-02-26,Eurozone,-1.047043748708654,-0.7256195911092441,-0.26524638569404474,-0.7743122665471255,-0.703055498014767,5
2010-03-31,Eurozone,-0.28559288596981364,-0.8767764439094992,-0.32548131283903103,-0.9954316999663692,-0.6208205856711783,5
2010-04-30,Eurozone,-0.16154383845688894,-0.9110263416110689,-0.4863182369183056,-1.3543087352385528,-0.728299288056204,5
2010-05-31,Eurozone,-0.622303847861283,-0.9427869027215406,-0.39444992022933,-1.1973006604693572,-0.7892103328203777,5
2010-06-30,Eurozone,-0.5005308166557328,-0.6908762679430042,-0.24424678993783414,-1.1345420419715955,-0.6425489791270417,5
2010-07-30,Eurozone,-0.47697387798038393,-0.3554043547719813,-0.3852271759625652,-1.3384669025859517,-0.6390180778252206,5
2010-08-31,Eurozone,-0.13017529218158339,0.10675761886160409,-0.37850951907156344,-0.996124728169327,-0.3495129801402174,5
2010-09-30,Eurozone,-0.24363951239640427,0.2148654041634125,-0.08730714122974143,-0.48836145260944713,-0.15111067551804508,5
2010-10-29,Eurozone,-0.3068138484597495,0.890489364254848,-0.1447161831228473,0.10701903489926741,0.13649459189287969,1
2010-11-30,Eurozone,-0.1770182525028822,0.8529661378149036,0.6345300536668018,0.3972533850342375,0.4269328310032652,1
2010-12-31,Eurozone,0.19780489574070917,0.8112355171738894,0.9091327646632943,-1.2816926269156783,0.15912013766555366,2
2011-01-31,Eurozone,-0.0336635359215839,0.5093678956068474,0.8770862769642436,-1.750586010238095,-0.09944884339714699,4
2011-02-28,Eurozone,0.16227854676672632,0.2897821644775633,0.4218299053269009,-1.3498720061482112,-0.11899534739425519,4
2011-03-31,Eurozone,0.4143600157135427,0.21154237376854157,0.2534276075777192,-0.9407202962108614,-0.015347574787764467,3
2011-04-29,Eurozone,0.4396130556712736,0.3467547210610615,0.9369797526960459,-0.40869191618614076,0.32866390331056006,2
2011-05-31,Eurozone,0.09514375336725578,0.38737020603379124,0.14356950923599865,-0.5855806350649739,0.010125708393017935,3
2011-06-30,Eurozone,-0.4313083486816573,0.3118518021530369,-0.202393394961193,0.00793129035290262,-0.07847966278422769,3
2011-07-29,Eurozone,-0.2390457218668836,0.20006343527597442,1.0550285054254227,0.6725078678953682,0.4221385216824704,2
2011-08-31,Eurozone,-1.2260601620951814,-0.026371539451009663,1.2120605538482119,-0.9660552481119856,-0.25160659895249116,5
2011-09-30,Eurozone,-1.0293058187107316,-0.5831157987131629,1.1071764232255077,-0.40433910381422883,-0.2273960745031539,3
2011-10-31,Eurozone,-1.3403555263579654,-1.0711815635297555,0.9484475550558165,-1.2128280274991536,-0.6689793905827646,5
2011-11-30,Eurozone,-0.7383893286392347,-1.4425829379848891,0.22165588146694792,-1.6507230033955236,-0.9025098471381748,5
2011-12-30,Eurozone,-0.6984224745578592,-1.7328652229430355,0.6151189027999964,-1.0440075350946572,-0.7150440824488888,5
2012-01-31,Eurozone,-0.7095662904602306,-1.4567826315478938,-0.510479770277414,-1.3554233407399963,-1.0080630082563835,5
2012-02-29,Eurozone,-0.7017654783874172,-1.2199801994418562,-1.2884990151018962,-0.6740532946048048,-0.9710744968839936,5
2012-03-30,Eurozone,-0.6956272624164066,-1.034459331498386,-0.9825935391340131,-0.6952764536909053,-0.8519891466849279,5
2012-04-30,Eurozone,-1.0094546628268892,-0.9177770888091331,1.1770562129250075,-0.717583743795276,-0.3669398206265727,4
2012-05-31,Eurozone,-0.9159696554297887,-1.044633974778306,1.1993681439092978,-1.3451436572789424,-0.5265947858944349,5
2012-06-29,Eurozone,-1.0146594773877289,-1.1040954915990029,-0.47544005129693695,-0.9475537012167966,-0.8854371803751163,5
2012-07-31,Eurozone,-1.2514223915801692,-0.8217762684515328,0.030633053999880283,-0.9601067039717149,-0.750668077500884,5
2012-08-31,Eurozone,-1.4526120417610486,-0.8215259446423763,-0.38498254728393305,-0.8227426057284464,-0.8704657848539511,5
2012-09-28,Eurozone,-1.33038021047548,-0.7478819193090314,-0.4305464743408047,-0.39283309443820263,-0.7254104246408797,5
2012-10-31,Eurozone,-1.1591481961212313,-0.9041791224757133,-1.0896921659574883,-0.22403264655894875,-0.8442630327783454,5
2012-11-30,Eurozone,-1.1360980467404198,-0.6583818466752495,-1.308094273481657,0.7470653416766808,-0.5888772063051614,5
2012-12-31,Eurozone,-0.8346750651930199,-0.46042598451804734,-1.2691880094525032,0.6501553167810477,-0.4785334355956307,4
2013-01-31,Eurozone,-0.9988302510955487,-1.1530501723027728,-0.3875502283696266,0.9658642387743096,-0.3933916032484097,4
2013-02-28,Eurozone,-0.6702917135709716,-1.4336745682739216,0.14641830088411512,0.7974432960997679,-0.2900261712152525,4
2013-03-29,Eurozone,-0.7735319310485218,-1.3789300496049033,0.3258719256517528,-0.2908606671981778,-0.5293626805499625,5
2013-04-30,Eurozone,-1.6626674523591036,-0.950990360192568,0.38193927171951786,-0.880885740060327,-0.7781510702231201,5
2013-05-31,Eurozone,-1.6662362541774236,-0.9316438714319801,0.0738442469949697,-1.071762135460284,-0.8989495035186795,5
2013-06-28,Eurozone,-1.7065110560685206,-0.8789511465525193,0.6204773430117404,-0.8320244920848364,-0.6992523379235339,5
2013-07-31,Eurozone,-1.1420293248224023,-0.8435307100570872,-0.6445153686368251,-1.0099225927957933,-0.909999499078027,5
2013-08-30,Eurozone,-1.1497177878082299,-0.6481986973447604,-0.8628731222858653,-0.8652301829375374,-0.8815049475940983,5
2013-09-30,Eurozone,-1.2730102306228757,-0.43752485163111743,-1.2216451107110964,-0.49974603227287145,-0.8579815563094902,5
2013-10-31,Eurozone,-1.6313162440321516,-0.4043159186671592,-0.9474156490295614,1.3006627747929704,-0.4205962592339754,5
2013-11-29,Eurozone,-1.6556079265237826,-0.17598436347892443,-1.0327356565729902,0.5198776241476507,-0.5861125806070117,5
2013-12-31,Eurozone,-1.2424016262767252,-0.014878163941992649,-0.9184673809878804,0.07654218334869249,-0.5248012469644764,5
2014-01-31,Eurozone,-0.6301324551955272,0.07622966348705536,-0.8927954408769853,0.5125513048332674,-0.23353673193804744,4
2014-02-28,Eurozone,-1.5557145340204381,0.06636305695610903,-0.8808983462829448,0.7186726100083095,-0.4128943033347411,5
2014-03-31,Eurozone,-1.2425403457640398,-0.1799008749729278,-0.7589926232051701,0.3315449564449304,-0.4624722218743018,5
2014-04-30,Eurozone,-0.3106848830005999,-0.014591500677137527,-0.4338589643582155,0.29174222581934584,-0.11684828055415178,4
2014-05-30,Eurozone,-0.2655961868182075,0.1589011368073441,-0.3480601334251261,0.19690310671887057,-0.06446301917927974,2
2014-06-30,Eurozone,-0.8956132305729317,0.08128253571765875,-0.4357830550803693,0.14176262261353864,-0.2770877818305259,5
2014-07-31,Eurozone,-0.7044955825622234,-0.2096232380685035,0.932638572497082,-0.24105255361003652,-0.05563320043592035,3
2014-08-29,Eurozone,-0.7110732901284322,-0.26199925738550667,1.4652144012162922,-0.7852698303186791,-0.07328199415408146,3
2014-09-30,Eurozone,-0.9293203772845873,-0.40965543717512953,0.7867596197775635,-0.8461183709164259,-0.3495836413996448,3
2014-10-31,Eurozone,-1.240151072871486,-0.41615170952033004,0.9462253159787066,-0.9751795109168117,-0.4213142443324802,4
2014-11-28,Eurozone,-1.2304040005224834,-0.4119778840444653,0.8626106558195771,-0.8705995247943907,-0.4125926883854406,4
2014-12-31,Eurozone,-1.0520609764346558,-0.29610444792720436,1.1529410341681439,-0.673638268583594,-0.21721566469432757,4
2015-01-30,Eurozone,-1.3780373635710879,0.27394448892195583,-0.6341222853844465,-0.6968774205007132,-0.608773145133573,4
2015-02-27,Eurozone,-0.3953728652831771,0.39171601073505824,-0.8801020262092017,-0.49380055310684684,-0.34438985846604186,3
2015-03-31,Eurozone,0.4037573910365468,0.40899137261504387,-1.0238936091225161,-0.4673743282753223,-0.16962979343656195,3
2015-04-30,Eurozone,0.6233496837118422,0.6660318496095983,-0.46729956727822736,-0.34349110360711954,0.11964771560902338,3
2015-05-29,Eurozone,0.46882288367320707,0.8718162052346768,0.1878483458915336,0.008956258190927838,0.38436092324758636,2
2015-06-30,Eurozone,0.8583863905418273,0.9002958889532062,-0.11941673078781026,-0.7583325898177318,0.2202332397223729,2
2015-07-31,Eurozone,0.7155813982969722,0.8716601509249206,0.6753407228691913,-0.23665923776746756,0.5064807585809041,1
2015-08-31,Eurozone,1.1570838237598058,0.7845261760961572,1.3395200898421633,-0.4290314994657902,0.713024647558084,1
2015-09-30,Eurozone,0.9161879874051679,0.465810146885172,1.4866685748069188,-0.34845709611205444,0.6300524032463011,2
2015-10-30,Eurozone,0.958754428339173,-0.11508346273009455,0.17586891159700896,-1.7136704402703538,-0.17353264076606656,4
2015-11-30,Eurozone,0.8359011135236779,-0.11143052584041013,-0.731190572164885,-0.3044548104230206,-0.07779369872615946,3
2015-12-31,Eurozone,1.1289771829153845,-0.19593563024444005,-0.060552020280723345,0.10260729777176998,0.24377420754049778,2
2016-01-29,Eurozone,1.0416609195243784,-0.27194122249193736,0.2955549683298394,-0.3122033973286962,0.18826781700839607,2
2016-02-29,Eurozone,0.9890071022149017,0.060244991293684116,0.1155248509559395,-0.6713694481700315,0.12335187407362344,3
2016-03-31,Eurozone,0.32150208059515656,0.39787367514694,0.3342936743361551,-0.4179939703682014,0.15891886492751256,2
2016-04-29,Eurozone,0.278106690944206,0.6636404664461449,0.6704035341948122,-0.009794779832951983,0.40058897793805276,2
2016-05-31,Eurozone,0.02014262231824714,0.5452938012936923,1.407283037257198,0.22008996622491228,0.5482023567735125,1
2016-06-30,Eurozone,0.6301575590871193,0.447476371929689,0.9337506546450846,-0.8751527570744291,0.28405795714686594,2
2016-07-29,Eurozone,0.565148084125096,0.26576320180778185,1.4173858965318913,-0.8034740069962305,0.36120579386713464,2
2016-08-31,Eurozone,0.29104598642306223,0.18153343536067978,0.9818407360643804,-0.7231714253740942,0.18281218311850705,3
2016-09-30,Eurozone,-0.11055096091226886,-0.011570484406304045,0.8509311205691303,-0.8215620066182057,-0.023188082841912067,4
2016-10-31,Eurozone,0.2225981484763509,-0.14372987966301498,0.12787873591750648,-0.9463236051055591,-0.18489415009367918,4
2016-11-30,Eurozone,0.25186528809667263,-0.17722517148369732,0.29370217086589956,-0.30727476000522985,0.015266881868411256,3
2016-12-30,Eurozone,0.08005338672599818,-0.4943004786117746,-0.6547840299038045,-0.268067477094468,-0.33427464972101223,4
2017-01-31,Eurozone,0.3883550851104604,-0.3383835443356745,-0.3906830561938321,0.31311033052352066,-0.006900296223881386,3
2017-02-28,Eurozone,-0.15872240565387777,-0.004709713468615331,-0.08365474315043442,-0.10001804710718215,-0.08677622734502742,3
2017-03-31,Eurozone,0.28109294090985215,0.12253124686299763,-0.776358023630785,-0.49482725762713414,-0.21689027337126732,4
2017-04-28,Eurozone,0.34832027534728827,0.4917173582316565,-0.5936812792895644,0.053391735072000054,0.07493702234034512,3
2017-05-31,Eurozone,0.7116312635830764,0.5224015666456121,-0.4975757709396919,-0.01947367081004402,0.17924584711973812,2
2017-06-30,Eurozone,0.4295320902958076,0.49101725397613877,0.3242843054786541,1.0352534326095932,0.5700217705900484,1
2017-07-31,Eurozone,0.10414009757891274,0.11990256403603566,-0.09401070458573238,0.15494967005921476,0.0712454067721077,3
2017-08-31,Eurozone,0.02364010043518165,-0.6924813011305065,-0.9980103879938182,0.8727546219110702,-0.1985242416945182,4
2017-09-29,Eurozone,-0.06700878849973438,-0.7187092547696857,-1.289647105312214,1.4426542698599591,-0.15817771968041877,4
2017-10-31,Eurozone,0.2633654171709773,-1.127533458745841,-0.49679427622927963,0.6273366824085349,-0.18340640884890208,3
2017-11-30,Eurozone,0.3521142546354342,-1.203888913913146,-0.16878924667101683,-0.04988646465591856,-0.2676125926511618,5
2017-12-29,Eurozone,0.2459839725895514,-1.0847604435905014,0.7741816502672088,-0.3682893325011825,-0.10822103830873094,4
2018-01-31,Eurozone,0.19346033336267082,-0.8429841259780564,-0.6037441145899787,-0.6845810053930124,-0.48446222814959417,5
2018-02-28,Eurozone,0.009960238411123276,-0.8850585645233364,-1.360797889488298,-0.5904646268133275,-0.7065902106034596,5
2018-03-30,Eurozone,0.12058174570431593,-0.864515894316787,-1.2938643871741586,-0.534246965102216,-0.6430113752222114,5
2018-04-30,Eurozone,-0.2390457218668789,-0.8928139340803237,-0.9009621193852521,-0.539798540975215,-0.6431550790769175,4
2018-05-31,Eurozone,-0.3482998968025647,-0.7895489064455085,-0.5062520189871589,-0.44438987515317,-0.5221226743471005,5
2018-06-29,Eurozone,-0.37992177694155965,-0.893908664771712,-1.6043990699127988,-0.40923152854261885,-0.8218652600421723,5
2018-07-31,Eurozone,-0.32359221213960876,-1.4157265828294807,-0.6562896404282165,-0.3263841615635234,-0.6804981492402074,5
2018-08-31,Eurozone,-0.4563498789054886,-0.25191404240863524,0.8757946672847753,-0.4975783844898789,-0.08251190962980687,4
2018-09-28,Eurozone,-0.4249670751074398,-0.3885440835294774,1.0950003234815628,-0.6784090043069634,-0.09922995986557945,4
2018-10-31,Eurozone,-0.7168172293073983,-0.28524454776291713,0.9926031777169582,-0.9387121338444326,-0.2370426832994475,4
2018-11-30,Eurozone,-0.9143515122605148,-0.6093553116197369,0.6614048737580045,-0.924382131837309,-0.44667102048988905,4
2018-12-31,Eurozone,-1.318130380599123,-0.056014987187183306,0.7585050988929837,-0.8327209911700082,-0.36209031501583266,4
2019-01-31,Eurozone,-0.9459462435705851,0.9048094164055691,1.1154590453396438,-0.7752323132121932,0.07477247624060862,3
2019-02-28,Eurozone,-0.9498500147964251,0.37612728542550905,0.6672731367305856,-1.256220517119111,-0.29066752743986035,4
2019-03-29,Eurozone,-0.9407041098460802,0.31823223370174675,0.003087621232860214,-0.9643043546138742,-0.3959221523813369,4
2019-04-30,Eurozone,-1.1569157664622944,0.31587043842169843,-1.0876643930390206,-0.46351897914603796,-0.5980571750564136,5
2019-05-31,Eurozone,-1.0921073707648778,0.23884769538772088,-0.324652495486963,0.2510491517255423,-0.23171575478464443,4
2019-06-28,Eurozone,-1.2691794328058208,0.21077497079948335,-0.14299375630368208,0.011111231221200545,-0.29757174677220477,4
2019-07-31,Eurozone,-0.7547548429916314,-0.30134616220450416,-0.4729064064518442,-0.2877031990834277,-0.4541776526828518,4
2019-08-30,Eurozone,-0.7455078883014732,-0.2921672783695285,-0.35145294879122585,-0.3936524160002605,-0.445695132865622,5
2019-09-30,Eurozone,-0.7869910029407432,-0.2574030910497674,-0.631147749319436,-0.4109075423272247,-0.5216123464092928,5
2019-10-31,Eurozone,-1.5872961597016042,-0.06061681943414333,0.20272467414894252,-0.3800947736203839,-0.45632076965179724,4
2019-11-29,Eurozone,-1.5872961597016042,-0.4337495743001312,-0.7321652865370437,-0.6071770595893217,-0.8400970200320251,5
2019-12-31,Eurozone,-1.5581368466222143,-0.35357734869771706,-0.3690496067841029,-0.6741179897274029,-0.7387204479578593,5
2020-01-31,Eurozone,-0.9692866071947078,0.06961627753270402,-0.14357683545578329,-0.9176941475898777,-0.4902353281769162,5
2020-02-28,Eurozone,-1.127351757800374,-0.0262272676464478,-0.16410802412229503,-0.5643966277460761,-0.47052091932879825,4
2020-03-31,Eurozone,-0.5027539093495371,-0.7111531154662052,1.3930912021469861,-0.10502504538314905,0.018539782987023717,3
2020-04-30,Eurozone,-0.9994570047146539,-0.7780675490508624,-0.2788843762940142,-0.6802283298505254,-0.684159314977514,4
2020-05-29,Eurozone,-0.989549372130926,-0.807924688768669,-0.30627140635453987,-0.6608571216991757,-0.6911506472383276,4
2020-06-30,Eurozone,0.19902298119524123,-0.8727678224178427,-0.9479949721620023,-0.4710945658999521,-0.523208594821139,4
2020-07-31,Eurozone,0.27686292925130385,-0.8249641895972543,-0.968319519974939,-0.07599974643856221,-0.3981051316898629,4
2020-08-31,Eurozone,-0.14290525185830485,-0.782718389722917,-0.4729964739342154,0.03803616869363476,-0.3401459867054506,3
2020-09-30,Eurozone,0.3209284697561801,-0.5768010933953402,-0.6022719645720794,-0.3795403820790575,-0.30942124257257425,4
2020-10-30,Eurozone,0.08151179897044739,-0.1844347287018589,-0.06327912808007063,-0.018531753787867686,-0.046183452899837454,3
2020-11-30,Eurozone,-0.13247168194789935,0.13749192625037043,-0.7719433398204922,0.00020175884736758714,-0.1916803341676634,4
2020-12-31,Eurozone,-0.2388442437181523,0.6092247441701191,0.3489453864915895,0.3814025825610171,0.2751821173761434,2
2021-01-29,Eurozone,-0.19971511602254882,0.8740062940206245,0.5979202465332972,-0.549115742099342,0.18077392060800768,3
2021-02-26,Eurozone,-0.22665891002780145,0.6276231730553135,0.06558528551180788,-0.5294558463409192,-0.01572657445039985,3
2021-03-31,Eurozone,0.4101755157647918,0.23559864266829003,-1.1604982714820467,-0.18306167501952042,-0.1744464470171213,4
2021-04-30,Eurozone,0.3207587241694174,0.14313614233977953,-1.1157873829953302,-0.07966083156323059,-0.18288833701234095,4
2021-05-31,Eurozone,0.11465958893678815,0.04027089633660131,-0.1872832555995042,0.16324332520913296,0.03272263872075455,3
2021-06-30,Eurozone,0.3253691053705299,0.08036504091619956,-0.11819320781293025,-0.3281758795743993,-0.01015873527515003,3
2021-07-30,Eurozone,0.36273251059455286,-0.008940024951636896,-0.2645165587511479,-0.06291092930740029,0.006591249396091955,3
2021-08-31,Eurozone,0.17644256818269632,0.07210732913057141,-0.06662232355192825,-0.1271546380687345,0.013693233923151249,3
2021-09-30,Eurozone,-0.08003571388214276,0.42023452576218634,0.5498168933628063,-0.19543949360657284,0.17364405290906926,2
2021-10-29,Eurozone,-0.07665458695410675,0.8267694959926111,0.6236513897989785,-0.6733219699845914,0.17511108221322286,2
2021-11-30,Eurozone,-0.20098473395498526,1.2195288305234422,0.954841359830364,-0.5700316268436708,0.3508384573887875,1
2021-12-31,Eurozone,-0.09155999963375804,1.0891242666321952,0.8186818996960256,-0.6418480976583903,0.2935995172590181,1
2022-01-31,Eurozone,0.07108990553149461,0.5211084584021904,0.6695099960728225,-0.7734636906259759,0.12206116734513292,3
2022-02-28,Eurozone,0.11356192809217287,0.8106519810878405,1.0303713702353106,-0.5886421845124769,0.34148577372571176,1
2022-03-31,Eurozone,-0.1885988819220208,0.5607044770592661,1.0795312083011062,-0.8854907167505929,0.14153652167193967,1
2022-04-29,Eurozone,-0.07091720509278016,0.32281421689957146,1.077605297662283,-0.7035592389680202,0.15648576762526353,2
2022-05-31,Eurozone,-0.42231831637199846,0.3816577754079331,1.1433960730228319,-0.7958120293865015,0.07673087566806622,4
2022-06-30,Eurozone,-0.6755031892455365,0.39403914410708774,1.1775266545235115,-0.33276818102999334,0.14082360708876734,3
2022-07-29,Eurozone,-0.6249168772831466,0.4381802615193488,1.2431722344135971,-0.6441187225239124,0.10307922403147174,2
2022-08-31,Eurozone,-0.5682763158777395,0.10865753348174577,0.7835139297914864,-1.2993115270246325,-0.24385409490728496,4
2022-09-30,Eurozone,-0.8016319247290511,0.08587324975347238,0.48665450139277777,-0.6778313720539885,-0.22673388640919734,4
2022-10-31,Eurozone,-0.9119761997885897,0.11948320206296942,0.32349700154448635,0.4762415220301094,0.001811381462243855,4
2022-11-30,Eurozone,-0.6907303625402164,0.3214284605531738,0.05484831969309026,0.5503576079262712,0.058976006408079734,2
2022-12-30,Eurozone,-0.6120851414706343,0.3095897759033575,-0.763723331685392,0.6120703368170165,-0.11353709010891308,3
2023-01-31,Eurozone,0.5656854249492396,0.36716539826715183,-1.5011382304109535,1.648758631338916,0.2701178060360885,2
2023-02-28,Eurozone,0.3362193900727235,0.8989957249195838,-1.3250393646503098,1.488660378062843,0.3497090321012101,1
2023-03-31,Eurozone,-0.0645287204116887,0.7842604980810668,-0.947163996171113,1.3972480421593818,0.2924539559144117,2
2023-04-28,Eurozone,-0.13755332232226516,1.0238791417077666,-0.42489432214441275,1.5556970763053592,0.504282143386612,2
2023-05-31,Eurozone,-0.6797951442618718,1.3963903150281045,0.6293853805238879,0.8251534920368683,0.5427835108317473,1
2023-06-30,Eurozone,-1.1995113895786738,1.469496764958781,0.4812567490277283,0.6185404963786028,0.3424456551966095,2
2023-07-31,Eurozone,-0.6066696947564664,1.4160663216233749,1.0211772125711074,0.1042282747195327,0.4837005285393871,1
2023-08-31,Eurozone,-0.32961604539748585,1.0906204695203012,1.1447356949754277,-0.5284681660737015,0.34431798825613535,2
2023-09-29,Eurozone,-0.3516066809566676,0.9352216925498662,1.1393992511199558,-0.7143549837962587,0.2521648197292239,2
2023-10-31,Eurozone,-0.5130310946833256,0.6514333206080136,0.7802264779964662,-1.0037622342484014,-0.02128338258181181,3
2023-11-30,Eurozone,-0.5251341393706992,0.21470888861227264,0.5382928107777124,-0.44840248510719205,-0.055133731271976544,3
2023-12-29,Eurozone,-0.5303228929741042,0.24749224814489318,0.3875027083784426,-0.2673816024493826,-0.04067738472503775,3
2024-01-31,Eurozone,-0.028011705113490944,-0.23628393588093824,-0.05632345278874702,-0.6246646871830047,-0.23632094524154523,3
2024-02-29,Eurozone,0.0580747904139049,-0.1603244170899594,-0.6193819676295946,-0.3526559292258596,-0.2685718808828772,3
2024-03-29,Eurozone,-0.16479736618480145,-0.24131247344040968,-1.2978656245433497,-0.10406221483282489,-0.4520094197503465,4
2024-04-30,Eurozone,-0.4701014967471929,-0.21091499645996034,-1.0255862343189235,0.22834676238570478,-0.36956399128509304,3
2024-05-31,Eurozone,-0.9538682317184227,-0.3599599325172483,-0.42384374035727895,0.2866923684668729,-0.3627448840315193,4
2024-06-28,Eurozone,-0.908879707632522,-0.772847944945117,0.3635847281392798,-0.2939894114045268,-0.40303308396072146,5
2024-07-31,Eurozone,-0.8315714970846333,-0.7135862444425594,0.4187225816276475,-0.6761130254949134,-0.45063704634861457,4
2024-08-30,Eurozone,-0.8585759027763002,-0.7820436977688958,0.15478216198691416,-1.0794096433608735,-0.6413117704797888,5
2024-09-30,Eurozone,-1.4122557853172528,-0.5802979710310883,0.12123265474453467,-1.0673290612582307,-0.7346625407155093,5
2024-10-31,Eurozone,-1.3535118252601597,-1.0841798276700545,0.11833556175396479,-0.8936245814856969,-0.8032451681654865,5
2024-11-29,Eurozone,-1.6755550630655733,-1.5369217629882572,-0.010066849842924297,-0.8097335630332131,-1.008069309732492,5
2024-12-31,Eurozone,-1.423048998269383,-1.2864936380532173,-0.9454584909280476,-0.9602451713594161,-1.153811574652516,5
2025-01-31,Eurozone,-1.1527079561553748,-1.2288104667431776,-1.4796484895946969,-0.45334040229169065,-1.078626828696235,5
2025-02-28,Eurozone,-0.760169719475023,-1.1344703457290195,-1.6242747435432572,0.11460813589051105,-0.8510766682141973,5
2025-03-31,Eurozone,0.4002077742326936,-1.2785872644551244,-1.2900577780524645,0.46526319552521406,-0.4257935181874203,4
2025-04-30,Eurozone,0.8098007114853473,-0.2638756298606394,-1.088217324392288,1.0938896110337284,0.1378993420665371,2
2025-05-30,Eurozone,0.8511644980506827,0.2562307057030144,-1.0312917866515128,1.00322189720303,0.2698313285763036,3
2025-06-30,Eurozone,0.5555555555555561,0.3529005544525953,-0.8121068339104681,1.353160215075364,0.3623773727932619,2
2025-07-31,Eurozone,1.179112041522426,-0.06520422479930231,-0.4021775942301998,1.2170694211900275,0.4821999109207379,1
2025-08-29,Eurozone,1.1293678311839832,-0.22345820627350116,0.5121572782968632,1.2163909863004319,0.6586144723769443,1
2025-09-30,Eurozone,1.1405704278565583,-0.28073996571308285,0.22893012775707813,0.49858613086355924,0.3968366801910282,1
2025-10-31,Eurozone,1.2065322431811756,-0.843685712784024,0.32365401871204386,0.346861753069296,0.25834057554462286,3
2025-11-28,Eurozone,1.2410104559880488,-0.9164063957145784,0.655731701578065,-0.12375165670949469,0.2141460262855102,2
2025-12-31,Eurozone,0.03580574370197298,-0.7269931396676572,0.15764789813433674,-0.7626109134138664,-0.32403760281130345,4
2026-01-30,Eurozone,-0.38399035276025584,-0.2853822441994527,0.19377576410533429,-0.19650277972200098,-0.1680249031440938,3
2026-02-27,Eurozone,-0.8330937369456044,-0.33421033930668725,0.07088955611499173,0.5276536911222189,-0.14219020725377024,4
2026-03-31,Eurozone,-0.47091828598315066,-0.5371677912921857,0.11021666318212607,-0.05501991349617576,-0.2382223318973465,4
2026-04-30,Eurozone,-1.2609766499825623,-0.3894983721724817,-0.019027961083932714,-0.5662322693844614,-0.5589338131558595,5
2005-12-30,Japan,0.5298290806534331,,,,,
2006-01-31,Japan,0.6494364785263946,,,,,
2006-02-28,Japan,0.23920595809660203,,,,,
2006-03-31,Japan,-0.026354855899452072,,,,,
2006-04-28,Japan,-0.06703178432531215,,,,,
2006-05-31,Japan,-0.258541012610177,,,,,
2006-06-30,Japan,-0.4882128550601815,0.1205134698246026,1.222502798457868,,,
2006-07-31,Japan,-0.24627143018045908,0.14506156288418803,1.062939481923312,,,
2006-08-31,Japan,-0.3575529270234281,-0.057371072894028,0.5718918345110362,,,
2006-09-29,Japan,-0.29259064102127585,0.38975689647855666,1.4678697165198822,,,
2006-10-31,Japan,-0.3929959837472616,-0.305405899060768,1.5809848839733973,,,
2006-11-30,Japan,-0.4071096046759078,0.0870581440997539,1.7280347928257282,,,
2006-12-29,Japan,-0.4628124841046939,0.0763473652837692,1.6265265974255836,-1.7316075162607052,-0.12288650941401158,3
2007-01-31,Japan,-0.40731337622031777,-0.7457523182686608,-0.07395413096047433,-1.5611231463755675,-0.697035742956255,5
2007-02-28,Japan,-0.7953842784163643,-0.04071258463470356,-0.33859441082090236,-1.353977339010706,-0.632167153220669,5
2007-03-30,Japan,-0.7040425567474057,-0.02791646497409975,-0.11405302077893979,-0.4445415422378681,-0.32263839618457835,4
2007-04-30,Japan,-0.7054154247687724,-0.10859979150014441,0.9921425684326851,-0.8123373485411381,-0.15855249909434246,3
2007-05-31,Japan,-0.9757639546588771,-0.7966496728764453,-0.648290220638585,-1.3058467523224575,-0.9316376501240913,5
2007-06-29,Japan,-1.0561468656932547,-0.7801112966371393,-0.5191786344549214,-0.8903544738968973,-0.8114478176705531,5
2007-07-31,Japan,-1.1103813430308762,-0.813604659228538,-0.0749536812498394,-1.1553326868613885,-0.7885680925926606,5
2007-08-31,Japan,-1.01232496619076,-1.5990651091798076,1.47199495786431,-0.6966769546288585,-0.45901801803377906,4
2007-09-28,Japan,-1.1075702429364813,-1.4009914251162725,1.0755504978762842,-1.6698691858813877,-0.7757200890144643,5
2007-10-31,Japan,-0.8836842620164155,-0.8223678646628318,0.7302134642218295,-1.6429088870838362,-0.6546868873853134,5
2007-11-30,Japan,-0.8450821443534814,0.37727718145452666,1.6465851716107978,-1.055256022431397,0.030881046570111537,3
2007-12-31,Japan,-0.41981832650347406,0.17027973453801312,1.7399561196720914,-1.2174551678746515,0.06824058995799476,3
2008-01-31,Japan,-0.3392401832025761,-0.24527641223994115,1.3114220744709046,-1.633561881331324,-0.22666410057573413,4
2008-02-29,Japan,-0.4310132790313968,0.185776665865151,1.2292744500422104,-1.7150342969546288,-0.18274911501966606,4
2008-03-31,Japan,-0.77723239383213,0.061046836781068405,1.4465972319796276,-1.4306224942776464,-0.17505270483727012,4
2008-04-30,Japan,-0.6619643891434046,-0.10305322780772315,0.2906537910000519,-0.9253048378704846,-0.34991716595539013,4
2008-05-30,Japan,-0.6993821988078108,-0.3469803091064845,-0.5166209660482861,0.7849515050830246,-0.1945079922198892,4
2008-06-30,Japan,-0.6764800034466144,-0.04607372436024926,-0.41953836270047046,1.0454097182675177,-0.024170593059954115,3
2008-07-31,Japan,-0.33769240891697305,-0.5193791834835325,-0.7927693929394891,1.5734037275916521,-0.019109314437085634,4
2008-08-29,Japan,-0.30860921976936984,-0.833665068897981,-0.7921323758733892,1.1474231912558757,-0.19674586832121616,5
2008-09-30,Japan,-0.33662211393797054,-1.2717380961277773,-1.266986132358114,-0.22748903525571382,-0.775708844419894,5
2008-10-31,Japan,0.1244597852574082,-1.05596342886176,-0.02954259165225773,0.6905511919375091,-0.06762376082977511,4
2008-11-28,Japan,0.07777202503490846,-1.2559998713712,-1.5723082704833518,-0.13856383415747348,-0.7222749877442791,5
2008-12-31,Japan,-1.6447354313613036,-1.4364777834697802,-1.6542177622636878,0.8605507018245334,-0.9687200688175595,5
2009-01-30,Japan,-1.6209931134924047,-1.4638552155290265,-1.6758100425369913,0.7819684521931878,-0.9946724798413087,5
2009-02-27,Japan,-1.7110570685399542,-1.6447530063792153,-1.7741251155827327,1.1004580089177194,-1.0073692953960456,5
2009-03-31,Japan,-0.6075244160077089,-1.6803977898611175,-1.77024953582164,1.0502652577462985,-0.7519766209860419,5
2009-04-30,Japan,0.7035135916302964,-1.6865249270575071,-1.7654179426088306,0.8224716348676095,-0.4814894107921079,5
2009-05-29,Japan,0.34589885472362547,-1.702171158880252,-1.74676260333606,0.9298334754134355,-0.5433003580198127,5
2009-06-30,Japan,1.0665022158920567,-1.5835897435208677,-1.7417355198698694,0.15437573958758985,-0.5261118269777726,5
2009-07-31,Japan,0.7694502721558086,-0.8595979405192804,-1.281847635609653,-0.493156898991528,-0.46628805074116325,5
2009-08-31,Japan,1.0206337969924113,1.7135328759142396,1.68199745711842,-1.4943369410675906,0.7304567972393701,1
2009-09-30,Japan,0.6354265414557875,1.7701169370614915,1.7129397271196696,-1.6209836403065807,0.6243748913325919,1
2009-10-30,Japan,0.3457601751761918,1.772673543908021,1.757604128017364,-1.5671319410957474,0.5772264765014573,1
2009-11-30,Japan,-0.7291110034067343,1.770514598667529,1.778709002292045,-1.5128778850422235,0.32680867812765413,1
2009-12-31,Japan,-0.24641644145348257,1.7770343353100813,1.7802302778717163,-1.6615587494461466,0.41232235557054214,1
2010-01-29,Japan,-0.2846704711547861,1.736865203313665,1.7727641067155955,-1.6772758546162494,0.38692074606455623,1
2010-02-26,Japan,-0.9930724214556298,1.6885644397918624,1.7366581311512241,-1.2333366956842238,0.2997033634508082,1
2010-03-31,Japan,-1.213769765371711,1.4431386937400204,1.479762138195658,-0.8846194420063832,0.20612790613939605,2
2010-04-30,Japan,-1.1846548153505176,1.402574847744085,1.3149250706692857,0.13803344864781888,0.417719637927668,1
2010-05-31,Japan,-0.9199274272731989,1.2676022055477227,0.785481449031178,0.7157157299362903,0.46221798931049807,2
2010-06-30,Japan,-0.9217696227521417,1.2501315635185566,1.0568189130004362,1.0450674701241105,0.6075620809727404,1
2010-07-30,Japan,-0.8949406782724726,1.3999093091461263,1.7048213124635947,1.0230261941673788,0.8082040343761568,1
2010-08-31,Japan,-1.335502071640691,1.3195266816045272,1.696377823947163,-0.8908077586134391,0.19739866882439006,2
2010-09-30,Japan,-1.1572876838829171,1.4411450615079322,1.7438237913835415,-1.2676608793536033,0.19000507241373837,1
2010-10-29,Japan,-1.2016875731340209,0.8203010365270162,1.7303089144775308,-1.6460016201442547,-0.07426981056843213,4
2010-11-30,Japan,-1.565396703505866,0.47228866516272433,1.433502980337358,-1.4611648084725033,-0.28019246661957176,5
2010-12-31,Japan,-1.6539856175765735,0.044836334115173467,0.9644987614999334,0.13048477815387324,-0.12854143595189835,4
2011-01-31,Japan,-1.6887873853993958,-0.370197380865239,0.27942975424722954,0.5768718605706632,-0.30067078786168544,5
2011-02-28,Japan,-1.6708680000425928,0.43302830630275,-0.16323108815663478,0.7173167063992787,-0.17093851887429973,5
2011-03-31,Japan,-1.734890533081001,-0.2619311622040287,0.5169336612803117,0.5201057764790904,-0.2399455643814069,4
2011-04-29,Japan,-1.7388266398426322,-0.9433551286999398,-1.2940468005990777,-0.9892843637985087,-1.2413782332350394,5
2011-05-31,Japan,-1.213082855432502,-0.9181842833788921,1.2808244876761223,-1.0741387397471258,-0.4811453477205994,5
2011-06-30,Japan,-1.0988093644985093,-0.6686994642907573,0.8621853006267262,-1.5274442208655798,-0.6081919372570301,5
2011-07-29,Japan,-1.4342743312012756,-0.050590615049447084,0.6745406212400237,-1.679117218534847,-0.6223603858863865,5
2011-08-31,Japan,0.4999468622135723,-0.2846200808277887,0.6533110692779738,-0.7582321784402831,0.02760141805586855,2
2011-09-30,Japan,-0.6256564780398577,0.07625418766661453,-0.3148604213834837,-1.1035567087782903,-0.49195485513375425,5
2011-10-31,Japan,0.7354163064972926,1.012223418826347,1.054242375301214,1.275634462766378,1.019379140847808,1
2011-11-30,Japan,0.407387215800957,0.834151732453295,1.648197881185348,0.11910347486326445,0.752210076075716,1
2011-12-30,Japan,0.25397180893013316,0.18051382498285296,1.4326232441592612,0.6980172915331777,0.6412815424013563,2
2012-01-31,Japan,0.08347838711296934,-0.5363859348454554,1.6931614887526047,-0.4159249549772762,0.20608224651071064,3
2012-02-29,Japan,0.06102308507716923,-0.800140919069146,-0.762090740544616,-0.87374898753299,-0.5937393905173957,4
2012-03-30,Japan,0.03919026830514878,-0.6520699307668569,-0.0026043469177941436,-0.34943019966077254,-0.24122855226006867,4
2012-04-30,Japan,0.27239252806440184,-0.4181034761474382,-0.87218471818301,-0.778022901848729,-0.44897964202869384,5
2012-05-31,Japan,0.6869772415723441,0.15193413902567604,0.7098197171878385,-0.0765266718470766,0.3680511064846955,2
2012-06-29,Japan,1.2951344548770196,0.930378425778571,0.4947845513849118,-0.708603477685698,0.5029234885887011,2
2012-07-31,Japan,0.5561877295911838,1.316960182821516,1.718664888404824,0.26954969563634873,0.9653406241134681,1
2012-08-31,Japan,-0.022009273360011565,1.2861154938043746,1.7840967611307186,-1.04294044211517,0.5013156348649779,1
2012-09-28,Japan,-0.1773840280633967,1.074073452442024,1.7386646728836281,-1.3530336607510605,0.3205801091277988,2
2012-10-31,Japan,-0.36156916209286105,0.8010950743528819,1.5706993534727232,-1.5440321405093345,0.11654828130585237,3
2012-11-30,Japan,-0.8854881834888588,0.880684399099321,0.979256833611195,-1.7170656411362404,-0.18565314797864582,3
2012-12-31,Japan,-1.2718858136274607,0.5516008391741571,-0.037446206433902965,-1.5178382556190904,-0.5688923591265742,5
2013-01-31,Japan,-1.076258952730861,0.974432745937385,-1.4055271563249756,-1.1990686014735106,-0.6766054911479905,5
2013-02-28,Japan,-0.4443506865245772,1.319259536620152,-1.5721382208835801,-0.8823835211992218,-0.3949032229968068,5
2013-03-29,Japan,-0.4219265078446494,1.4251873992453223,-1.6614485508666494,-0.02011530874374127,-0.16957574205242945,3
2013-04-30,Japan,0.7438249128974935,1.694380636749621,-1.7430320403701753,0.6454053504235024,0.3351447149251104,1
2013-05-31,Japan,0.3232995717060692,1.6962961001955932,-1.5746811120898758,0.2076607203689134,0.16314382004517503,2
2013-06-28,Japan,0.2864945568582191,1.7188644374255568,-0.10374641015394737,-0.18341326232057995,0.42954983045231215,1
2013-07-31,Japan,-0.9715771867892056,1.7305710851737457,1.3106647851124773,0.6133204679724709,0.6707447878673721,1
2013-08-30,Japan,-0.9806416425423117,1.7341660474955742,1.539401581289813,0.5322691788566539,0.7062987912749323,1
2013-09-30,Japan,-0.7263187205394324,1.6740614293844165,1.3867286316870546,-0.05017151495138065,0.5710749563951645,1
2013-10-31,Japan,-0.043793724672006866,1.6353144067953689,1.6325722989156999,-0.4713608736316397,0.6881830268518556,1
2013-11-29,Japan,-0.13622090534689232,1.3516192856960922,1.386611009882865,-1.4008007815801378,0.30030215216298184,2
2013-12-31,Japan,0.09639322962491817,1.3124127380033928,1.2355097443205452,-0.7692939896207561,0.46875543058202496,2
2014-01-31,Japan,0.8070117408644472,1.1030772119914274,1.2854753128245235,-1.7638652783832984,0.35792474682427494,1
2014-02-28,Japan,0.13208896986965413,1.2296604832592948,1.6483137301521256,-1.7093576274181141,0.3251763889657401,1
2014-03-31,Japan,-0.4202709993025438,1.4114006709074014,1.7501368867111375,-1.6390239734623946,0.27556064621340015,2
2014-04-30,Japan,-1.5534244150029994,1.1000122864946762,1.7525179428830269,-1.5259419541262877,-0.05670903493789603,2
2014-05-30,Japan,-1.5611873420289641,0.5680393875643696,1.6862249301227523,-1.6988196283360804,-0.2514356631694806,5
2014-06-30,Japan,-1.0286250964996029,-0.036567286167865753,1.6623970675036261,-1.664973164189688,-0.2669421198383826,4
2014-07-31,Japan,-1.340498539042008,0.09148459654557443,-0.295898300803782,-0.9390291076730254,-0.6209853377433102,5
2014-08-29,Japan,-1.2613085741563848,0.04006525634866784,-0.8306956544553206,0.0895601590047258,-0.4905947033145779,5
2014-09-30,Japan,-0.24455799402225908,-0.358792153440477,-1.748570042336502,0.2010707917896008,-0.5377123495024094,5
2014-10-31,Japan,-0.413383690957162,0.483571471626118,-1.5470585567582689,0.8123739243923476,-0.1661242129242413,3
2014-11-28,Japan,-0.4161660590002506,1.2951479257984542,-1.4676336421652185,1.0291369436549167,0.11012129207197544,3
2014-12-31,Japan,-0.3081794779455048,1.3737117002149248,-0.335959014131308,0.361593426296618,0.2727916586086825,2
2015-01-30,Japan,-0.1871408765343394,1.575615678924408,1.5493173023711977,-0.1633077913832474,0.6936210783445047,1
2015-02-27,Japan,0.4226399594406419,1.4698103097085273,0.9002281658946905,0.015545713649469552,0.7020560371733324,2
2015-03-31,Japan,-0.4300893947998072,1.462349218360715,1.263417574288434,0.8127488675685716,0.7771065663544783,1
2015-04-30,Japan,-0.5051281919733934,1.250759689483188,0.3423865872935351,0.9192800954697158,0.5018245450682614,2
2015-05-29,Japan,-0.5567271743619407,1.0355768962536542,-0.5682373584216532,0.9107388731664184,0.20533780915911967,3
2015-06-30,Japan,-1.1613462930859941,0.9989818369644138,-1.0559785441487022,1.6592799566000744,0.110234239082448,3
2015-07-31,Japan,-0.41428396743508816,0.8151621390993037,-1.2204685763890875,1.7537879976700312,0.23354939823628984,2
2015-08-31,Japan,0.38569460791994137,0.8146080571070676,-1.0955697622889065,1.5976620640925663,0.4255987417076672,2
2015-09-30,Japan,0.26176799640147924,0.7875698409351026,0.5512969398959546,1.4047225820528584,0.7513393398213487,1
2015-10-30,Japan,0.35953291062719306,1.1875329933366532,1.4701216599564522,-0.041600547795002475,0.743896754031324,1
2015-11-30,Japan,0.7398205257623378,1.2640628054971934,1.7527718278122553,0.34908647972417134,1.0264354096989894,1
2015-12-31,Japan,0.8124415241540611,1.1717014462311968,1.6688445524248863,0.44582796645698547,1.0247038723167823,1
2016-01-29,Japan,0.7768318721876721,1.2271525010907054,1.4239214144355938,0.08580089827690905,0.8784266714977201,1
2016-02-29,Japan,-0.40574650347277996,0.8423676208994559,1.4984058762414971,0.614318205794837,0.6373362998657526,1
2016-03-31,Japan,-1.505214286422788,0.6706208532163513,1.2287726518812772,-0.32696213802093005,0.016804270163477616,4
2016-04-29,Japan,-1.551542591583487,-0.29719644139414664,1.2751248149784289,-0.07755070110949917,-0.16279122977717597,3
2016-05-31,Japan,-1.255556791170689,-1.2417750378967964,0.6757042210500606,-1.1556573815233504,-0.7443212473851939,5
2016-06-30,Japan,-1.7204301613172164,-1.4174308810071579,1.1422694297011207,-0.4260676041186245,-0.6054148041854696,5
2016-07-29,Japan,-1.724676049830039,-1.4335209316321962,0.22149844299045165,-0.2974729260244482,-0.8085428661240579,5
2016-08-31,Japan,-1.1009130790785173,-1.5811384300094493,-1.4719503685316557,-0.1106756180220178,-1.0661693739104101,5
2016-09-30,Japan,-1.1239347692746964,-1.356469712768682,-1.4196433137094904,0.8972368505691588,-0.7507027362959275,5
2016-10-31,Japan,-1.1522727685834793,-0.9895219166104225,-1.5890171976656,1.453306837183003,-0.5693762614191247,5
2016-11-30,Japan,-1.4272366325477852,-0.6778936648330199,-1.3945079236584126,1.4868387758044634,-0.5031998613086887,5
2016-12-30,Japan,-1.5210143477939084,-0.3644998755860172,-1.3056767857086078,1.0630637821292543,-0.5320318067398198,5
2017-01-31,Japan,-1.722270377446353,-0.07944869912889957,-1.1785995143429315,0.5300822390734009,-0.6125590879611958,5
2017-02-28,Japan,-1.3491404480579872,0.28253848216396915,-0.6115813541449147,0.9222535341171074,-0.1889824464804563,4
2017-03-31,Japan,-1.3373209612983803,0.44760374364812944,-0.2541946186320713,0.031109802607345062,-0.2782005084187443,5
2017-04-28,Japan,-1.3062010325523241,1.3499641733588523,0.9316742418655722,-0.6348746292893278,0.08514068834569316,2
2017-05-31,Japan,-1.766370457822268,1.3769060418167454,1.5600987535265098,-1.39732826065442,-0.05667348078335821,4
2017-06-30,Japan,-1.2225144108419175,1.4424450337331198,1.4233486971099525,-1.430392421730558,0.05322172456764923,3
2017-07-31,Japan,-1.3603300246245138,1.466891623087124,1.7313197056528857,1.0698669731270887,0.7269370693106462,1
2017-08-31,Japan,-1.5129664278515205,1.4814583600896079,1.6260413252309698,0.5573658881729423,0.5379747864104999,1
2017-09-29,Japan,-1.5188658726606328,1.4336523264851193,1.2075420502424148,0.4806931086692875,0.40075540318404723,1
2017-10-31,Japan,-1.482196068729688,1.3755926746424996,-1.0833408366781798,-0.28614391691510155,-0.3690220369201175,4
2017-11-30,Japan,-1.3307847564898123,1.1674615752786546,-1.0348756492156852,0.9634047592165456,-0.058698517802574346,3
2017-12-29,Japan,-1.4549690293594784,1.3095288530354086,-1.0291462719919264,0.9703531269143081,-0.05105833035042204,3
2018-01-31,Japan,-0.967301666813349,0.18761968199195955,-1.3582009178673693,1.120114343039506,-0.2544421399123132,4
2018-02-28,Japan,-1.1105665828398712,0.834538181330498,-0.5580765227128468,1.1234032357710484,0.07232457788720709,3
2018-03-30,Japan,-1.059022288359642,0.6543786029688597,-0.49943700293281684,1.3191048242537915,0.10375603398254807,3
2018-04-30,Japan,-0.836660026534077,0.34214117593008875,0.24333581368001161,1.5134320762694944,0.3155622598363794,2
2018-05-31,Japan,-1.0013622033073752,-0.23906032890545764,0.11955744216522765,0.9081691562262365,-0.05317398345534216,3
2018-06-29,Japan,-1.0131247385108302,-0.3027771380861655,0.4255736912006701,0.04068070027063753,-0.212411871281422,4
2018-07-31,Japan,-0.9997550434761076,0.21311915176747617,1.7286938774112837,-0.12759073196900084,0.20361681343341287,2
2018-08-31,Japan,-0.8491100205864414,-1.4974374633814895,-0.20238530053629644,-0.9376009262782284,-0.8716334276956139,5
2018-09-28,Japan,-0.8306174649827243,-1.2671326675927417,-1.1779482128654157,-0.7569893047176988,-1.008171912539645,5
2018-10-31,Japan,-0.4480107683171242,-1.153876245343677,0.0177008407867972,-0.2887545429670497,-0.46823517896026345,5
2018-11-30,Japan,-0.7846562622944828,-0.9253825153107704,-0.03963474452718617,-0.42700067925397617,-0.5441685503466038,5
2018-12-31,Japan,-0.675139951038572,-1.6223909089183817,0.21015476077515094,-0.17476024758559638,-0.5655340866918498,5
2019-01-31,Japan,-1.0296583005237352,-0.9889008081655256,0.42513450979004,-0.3417910788451321,-0.48380391943608825,5
2019-02-28,Japan,-1.1030516300861708,-1.336674424256567,0.38102928221773846,0.13567412209958107,-0.4807556625063546,5
2019-03-29,Japan,-1.0865497082718287,-1.7343991921399653,1.333024766729531,-0.9699083883758542,-0.6144581305145294,5
2019-04-30,Japan,-0.23298998074587554,-1.4754904922853684,1.473670936326801,-1.2840439825930299,-0.3797133798243682,4
2019-05-31,Japan,0.06618832550090037,-1.7165314017456828,0.9903561215640572,-1.5168925308424035,-0.5442198713807822,5
2019-06-28,Japan,0.2451823904283948,-1.6918502575145857,0.9089226646186045,-1.1326570377282383,-0.4176005600489562,5
2019-07-31,Japan,0.5963495055736303,-1.5680634538520213,-0.07999104993277449,-0.9206940250260233,-0.4930997558092972,5
2019-08-30,Japan,1.1848250367648325,-1.5716861106695885,0.29496120558800987,-0.8027968397729736,-0.22367417702242992,4
2019-09-30,Japan,0.961877892483131,-1.6378331064244804,-0.9751360484316013,-0.3070124349352193,-0.48952592432704245,4
2019-10-31,Japan,0.039031872779549164,-1.3588635245961196,-1.6648178631402262,0.1804176502762191,-0.7010579661701444,5
2019-11-29,Japan,0.039031872779549164,-0.265053103393204,-0.8941297278657926,0.5809520813567605,-0.13479971928067172,3
2019-12-31,Japan,0.683018891670012,-0.4005915330539871,-1.3734691998722417,0.8286906007902693,-0.06558781011648687,3
2020-01-31,Japan,-0.33714316771990055,-0.12004018297636145,-1.423620486664113,0.32857038338023226,-0.38805836349503564,4
2020-02-28,Japan,-0.22144409528221567,-0.35323146946443806,-1.5206163492211988,-0.08908439051409608,-0.5460940761204871,5
2020-03-31,Japan,-0.3849209618457399,0.4804012165545298,-1.079147465448701,-0.8424753985576806,-0.45653565232439797,5
2020-04-30,Japan,0.8314448358186558,0.025421006596981547,0.15326261273125621,-0.3874702861370811,0.15566454225245313,3
2020-05-29,Japan,0.6994405200604122,-0.25047906428225014,-0.8611883249091491,-0.41211061124613024,-0.20608437009427932,3
2020-06-30,Japan,-1.146224947254076,-0.4225140608870112,-0.8713510580675892,0.042441754946955505,-0.5994120778154303,5
2020-07-31,Japan,-1.6265697093514069,-0.44099450867323886,-0.6298439891976725,0.12853099983579166,-0.6422193018466317,5
2020-08-31,Japan,-1.4826419880299415,-0.3385228184862492,-0.9485144751975575,-0.15205192224248834,-0.7304328009890592,5
2020-09-30,Japan,-1.6848744662199588,-1.0683490300081622,-1.111192904280188,0.395092781166191,-0.8673309048355295,5
2020-10-30,Japan,-1.4468344317254735,-1.067430180632738,-1.5078066584557406,0.61215909544207,-0.8524780438429705,5
2020-11-30,Japan,-1.646433761352482,-0.4957031626518113,-1.100705073003111,1.1035206322331368,-0.5348303411935669,5
2020-12-31,Japan,-1.5888334473424894,0.39840470146777063,-0.6840497457281132,0.9140078762990411,-0.24011765382594769,4
2021-01-29,Japan,-1.6421020650742932,0.1607222457812061,-1.500418531309409,1.4815099799891414,-0.37507209265333863,5
2021-02-26,Japan,-1.3599534601668086,0.6263300464607361,-1.2809066926524837,1.7768180122376582,-0.05942802353022453,4
2021-03-31,Japan,-1.5996845114826874,1.0688414009223883,0.46560502650908664,1.576349231915951,0.3777777869661847,2
2021-04-30,Japan,-1.4762630437676756,0.6839309263825016,1.2821278758874808,0.30694286369435925,0.19918465554916653,2
2021-05-31,Japan,-1.5883725408596072,1.1517539774495849,1.370581230672902,-1.2794755281054557,-0.08637821521064404,4
2021-06-30,Japan,-1.6629976496716001,1.0838725992708567,1.202192133350456,-1.6086832693005912,-0.2464040465877197,4
2021-07-30,Japan,-1.6125435371975774,1.0224854930168807,1.309461745222575,-1.541325258334407,-0.20548038932313217,4
2021-08-31,Japan,-1.422568205972987,0.9827465193445872,1.193863486733196,-1.4521295268764236,-0.1745219316929068,4
2021-09-30,Japan,-1.3153695585848169,0.9141998877639627,1.0159166502452404,-1.3091888032079364,-0.17361045594588756,4
2021-10-29,Japan,-1.3135808764408359,1.012484973348134,0.9343276211492566,-0.5090747022068419,0.03103925396242821,3
2021-11-30,Japan,-1.3536912963438712,-0.09655597658893551,0.3799680240358871,-0.8944903747585029,-0.4911924059138556,5
2021-12-31,Japan,-1.3014599947941587,0.5981076303604582,1.0148174564464354,-0.6859871625403365,-0.09363051763190042,3
2022-01-31,Japan,-0.995258677440897,1.487405757772637,1.2800324717196043,-0.918292836690052,0.21347167884032303,2
2022-02-28,Japan,-1.5300975574524542,1.1836384059695069,0.6664129338424455,-1.326782813247438,-0.251707257721985,5
2022-03-31,Japan,-0.9186590700072734,0.8181662571426277,1.063377178840714,-1.150452588450997,-0.04689205561873219,4
2022-04-29,Japan,-0.7800892560205964,0.2460714737260046,0.2846865292020576,-1.4143749046439327,-0.4159265394341167,5
2022-05-31,Japan,-0.887584258137764,-0.23432485037764683,-0.4809234439529107,-1.32260038196598,-0.7313582336085753,5
2022-06-30,Japan,-0.466584677107741,-0.5253386027236607,-1.198652439952762,-1.2151981594979107,-0.8514434698205187,5
2022-07-29,Japan,-0.4189003243326574,-0.47761194398447276,-1.4041405587882025,-1.106685483278364,-0.8518345775959242,5
2022-08-31,Japan,-0.04917775810480258,-0.329132983249975,-1.4286048406170733,-0.7414239886373049,-0.637084892652289,5
2022-09-30,Japan,-0.06731260436656127,-0.47076005860190867,-1.4700859150829315,-0.9360548519001365,-0.7360533574878845,5
2022-10-31,Japan,0.26212489574762105,-0.2095854635235943,-1.2367073018272734,-0.8695643006147309,-0.5134330425544944,5
2022-11-30,Japan,-0.02790829747637183,0.43876245951657866,-0.3383306514899006,-0.23680210577427152,-0.041069648805991316,3
2022-12-30,Japan,0.041264166840718625,0.751113414583887,1.2624929113402195,0.18155862496970204,0.5591072794336318,1
2023-01-31,Japan,0.6599663291074472,1.0082512349800292,1.288146866500288,0.1338067939522223,0.7725428061349967,1
2023-02-28,Japan,-0.6983018101510171,0.9620540494874665,1.0799480069848162,-0.1048073154359522,0.3097232327213284,2
2023-03-31,Japan,1.468028389365955,0.9216656281896621,1.271381809496116,-0.5893169463810923,0.7679397201676602,1
2023-04-28,Japan,1.4958923802546007,0.8230332296692001,1.2315974407372212,-0.26505269603324,0.8213675886569456,1
2023-05-31,Japan,1.5604388538738374,0.005618688242417578,-1.6059624621155657,-0.06634726883941679,-0.026563047209681865,3
2023-06-30,Japan,1.5227839626566202,-0.24899176095855394,-1.414716085839395,0.49030841076088305,0.08734613165488858,3
2023-07-31,Japan,1.2620896328415812,-0.011672064000961276,-1.4042167811654025,0.5204003043010901,0.09165027299407685,3
2023-08-31,Japan,1.2170438599291824,0.15866185344762151,-1.3726531660013437,0.33880439256454503,0.08546423498500129,3
2023-09-29,Japan,1.1378382869847743,0.23125275274593818,-1.541118020415005,0.664154908976168,0.12303198207296889,3
2023-10-31,Japan,1.1381034629181808,0.059612475302345494,-1.6189427072397578,0.7673300772151254,0.08652582704897346,2
2023-11-30,Japan,0.9910982348686396,0.885037027711438,-0.91524932372117,1.0521234601344376,0.5032523497483363,1
2023-12-29,Japan,0.9796242328549426,0.9303928342652249,1.143758621503804,0.5796210996301984,0.9083491970635424,1
2024-01-31,Japan,0.625594747534683,0.8492601040706412,-1.4957159695481759,0.09232555684132225,0.01786610972461763,2
2024-02-29,Japan,0.4645983233112351,1.1563549268609608,-0.9125322063999077,1.0542156987980225,0.44065918564257767,2
2024-03-29,Japan,0.13877672941878505,1.1499389638439248,0.03496107162911214,1.253991312630281,0.6444170193805258,1
2024-04-30,Japan,0.8030900569431227,1.1266546147453649,-0.16470645279164495,0.8889379871189043,0.6634940515039367,2
2024-05-31,Japan,0.8062457672858033,1.2768827872315476,0.4080358659137887,0.18035818217528948,0.6678806506516073,1
2024-06-28,Japan,0.830334547713658,1.325963532927623,-1.274191259173891,0.012807466759835068,0.22372857205680619,2
2024-07-31,Japan,0.4045482958790091,1.4764297077250925,1.360415670471976,0.22252093059195743,0.8659786511670089,1
2024-08-30,Japan,0.3840997459788683,1.3005054670648044,1.5405309385923556,-0.12187431951157551,0.7758154580311132,1
2024-09-30,Japan,0.4951011661169708,1.1818554367254397,1.6017131284535149,-0.9079048715242932,0.592691214942908,1
2024-10-31,Japan,0.5629650954621876,1.1245943848653563,1.3921532170600024,-1.1942808419465003,0.4713579638602616,1
2024-11-29,Japan,0.43538044945798027,0.4663531989138773,0.9782247000947524,-0.634088922558702,0.311467356476977,2
2024-12-31,Japan,1.059013208014433,-0.25242477394559837,0.35168164631327514,-0.0518466821710434,0.27660584955276657,3
2025-01-31,Japan,0.271225401448328,-0.6712224292228067,0.588355223932949,-0.27272170080202224,-0.021090876160887978,3
2025-02-28,Japan,0.3257870226321551,-0.6500736730894682,0.8052222766238265,-0.8986742800512109,-0.10443466347117436,3
2025-03-31,Japan,0.28249960534072316,-0.5522819865598957,0.16820157467869995,-1.3103428861322117,-0.3529809231681711,3
2025-04-30,Japan,0.6257550952386802,0.4176248546443338,0.8275602552809881,-1.446277776320898,0.10616560721077606,3
2025-05-30,Japan,0.6634076234806809,0.4670797723896819,0.3667743313841129,0.06041918119965281,0.38942022711353214,1
2025-06-30,Japan,1.222222222222225,0.21871391909266846,0.977196280618228,-0.29329113169349824,0.5312103225599057,1
2025-07-31,Japan,-0.026798000943695832,0.6278720567488103,0.08382058483872547,-0.0908923253072994,0.14850057883413512,3
2025-08-29,Japan,-0.17374889710522423,0.8375036966676612,-1.2557784943673076,-0.11260458676040883,-0.17615707039131986,4
2025-09-30,Japan,0.36018013511259556,0.5088893421225925,-0.9845340253213513,1.17859514013921,0.26578264801326174,2
2025-10-31,Japan,-0.8816966392477805,0.10948663933573986,-1.3746285480397382,0.9560508372700597,-0.29769692767042977,4
2025-11-28,Japan,-0.6205052279940171,0.622950585616193,-1.6447880125204108,0.6698921499510695,-0.24311262623679136,4
2025-12-31,Japan,0.7519206177414072,1.0152357320474248,-0.6705225864600535,0.5945901462071366,0.4228059773839788,3
2026-01-30,Japan,0.1396328555491879,0.9158819346685408,-0.8979053551733367,-0.936517872087754,-0.19472710926084053,4
2026-02-27,Japan,0.4485889352783982,0.6400209811690092,-0.9768402754088803,-0.4433383201791701,-0.08289216978516073,3
2026-03-31,Japan,-0.47091828598315066,0.3519905997909741,-0.5865481107747539,0.015600360440205371,-0.17246885913168128,3
2026-04-30,Japan,1.182165609358651,0.15227931949736576,-0.4979529495092439,0.11598278398770408,0.23811869083361925,2
2005-12-30,Switzerland,1.1369249022354924,,,,,
2006-01-31,Switzerland,1.3663468768996858,,,,,
2006-02-28,Switzerland,1.495037238103768,,,,,
2006-03-31,Switzerland,1.598861257900223,,,,,
2006-04-28,Switzerland,1.5864188956990695,,,,,
2006-05-31,Switzerland,1.6596665003040367,,,,,
2006-06-30,Switzerland,1.6009862994766257,0.36999338949827476,0.41677341648498084,,,
2006-07-31,Switzerland,1.6331684317230426,0.8671020117392303,0.2868696707722975,,,
2006-08-31,Switzerland,1.7134219473202008,0.5050655706566434,-0.0829797779188336,,,
2006-09-29,Switzerland,1.697706161274621,0.31157469832998425,-0.6238081199669513,,,
2006-10-31,Switzerland,1.6151703068294117,1.0304755551971752,-0.22664433701593814,,,
2006-11-30,Switzerland,1.6615367605472002,0.5790049591850154,-0.7364908057865847,,,
2006-12-29,Switzerland,1.6958278335478023,1.0494926627770398,-0.5848904935136,0.31215387751161405,0.618145970080714,1
2007-01-31,Switzerland,1.6292535048812649,1.014008307608951,-0.29166268192820594,0.40134512568023223,0.6882360640605605,1
2007-02-28,Switzerland,1.7292905379052392,1.518315148646011,1.1623722565379466,0.2345344763711673,1.161128104865091,1
2007-03-30,Switzerland,1.7067698345391666,1.5419682980908749,1.7018236360514105,-0.09369276958736436,1.214217249773522,1
2007-04-30,Switzerland,1.6982223188877836,1.5792944120744554,0.722100398626815,-0.26522262493346827,0.9335986261638964,1
2007-05-31,Switzerland,1.6466016734868534,1.643370743356323,1.6251099762545906,0.5395503859905143,1.3636581947720705,1
2007-06-29,Switzerland,1.6310907215736103,1.5544963463759724,1.773210710230575,-0.3645569474729702,1.148560207676797,1
2007-07-31,Switzerland,1.5664308232042712,1.1598792321141802,1.6264230588737467,-0.5406994836514912,0.9530084076351766,1
2007-08-31,Switzerland,1.6435846409256833,0.8836557029514495,0.5518884393054305,-0.7206251849186709,0.5896258995659731,1
2007-09-28,Switzerland,1.6315819707773942,-0.12502274833525495,0.63890894172827,-0.08555696410288403,0.5149778000168812,1
2007-10-31,Switzerland,1.7153870968553957,-0.6495563227123494,0.9583687661636978,-0.1538198532025975,0.4675949217760367,2
2007-11-30,Switzerland,1.5850763536578214,-1.5573021553593338,-0.6624720995062393,-0.9184587564213964,-0.388289164407287,5
2007-12-31,Switzerland,1.6792733060138878,-1.6541636774330581,-0.2894113107004029,0.4549913284778213,0.04767241158956202,4
2008-01-31,Switzerland,1.7649077885602409,-1.326224734884508,-0.2509375937228388,0.478639190333572,0.16659616257161652,2
2008-02-29,Switzerland,1.7240531161255859,-1.6566340645227962,-0.8318801805677896,0.7733150372715301,0.002213477076632553,2
2008-03-31,Switzerland,1.684003519969617,-1.5927201565426485,-1.0596504414777177,1.2471946950660069,0.06970690425381443,3
2008-04-30,Switzerland,1.7234928690310198,-1.6003940818181246,-1.65959896022533,1.3911978030771324,-0.03632559248382561,3
2008-05-30,Switzerland,1.7332515361758745,-1.5332224652587074,-1.3722459615302378,0.8477651255479981,-0.08111294126626817,3
2008-06-30,Switzerland,1.5074318187038684,-1.700825793084222,-1.4387328381482705,-0.11650648585175481,-0.43715832459509474,5
2008-07-31,Switzerland,1.212371107423224,-1.3996149583203923,-1.2994744219204206,0.26875243160423584,-0.3044914603033383,5
2008-08-29,Switzerland,1.2915867345903285,-0.8780881753789385,-1.0900679446142318,0.8817281330847075,0.051289686920466426,3
2008-09-30,Switzerland,1.2118396101766944,0.08001420895692314,-0.4938780954168247,-1.024851808253754,-0.05671902113424032,4
2008-10-31,Switzerland,1.565573088237941,1.3735010179352043,-0.1924392919820382,-1.2950206213045579,0.36290354822163734,1
2008-11-28,Switzerland,1.6332125257330852,1.431554781584967,1.175019805132226,-0.5971073763324011,0.9106699340294693,1
2008-12-31,Switzerland,0.5616169765623991,1.2643481850704343,1.0534641946801828,0.3975429702506749,0.8192430816409229,1
2009-01-30,Switzerland,0.3277417770449133,1.296905094598,1.0205986305649826,0.8807653341860928,0.8815027090984972,1
2009-02-27,Switzerland,0.6002498587216789,1.0770030906186048,0.639040583558795,0.48466637117045064,0.7002399760173823,1
2009-03-31,Switzerland,-0.8968217569637598,1.0030986665631643,0.6316385564830284,0.4690057178419042,0.30173029598108425,1
2009-04-30,Switzerland,-1.2360799553878095,0.9633437304337706,0.6889745562079521,0.5998921986383188,0.254032632473058,1
2009-05-29,Switzerland,-1.2239497936374384,0.8019123058385311,0.753183699440498,-0.7790938976628374,-0.11198692150531167,4
2009-06-30,Switzerland,-1.1673875606385977,0.8171748177885872,0.6928522620640098,0.24797763747175477,0.14765428917143852,2
2009-07-31,Switzerland,-1.4719918249937223,0.42616343630642206,0.7675969780976631,-1.1066819342686645,-0.3462283362145754,3
2009-08-31,Switzerland,-0.7085391648542354,-0.327391150934187,-0.18968109264642252,0.004195847298157244,-0.305353890284172,4
2009-09-30,Switzerland,0.7462567521748188,-0.4461807898404212,-0.275935375664893,0.8210574956590729,0.21129952058214438,2
2009-10-30,Switzerland,0.43366530445827417,-0.5094006033702732,-0.5935059079343189,-0.1126347669282555,-0.19546899344364332,4
2009-11-30,Switzerland,1.0367047079689495,-0.5289442157715313,-0.541404243980123,0.7356850295240603,0.1755103194353389,2
2009-12-31,Switzerland,0.554436993270327,-0.4761941016943701,-0.4017023676155971,0.5923330605028281,0.06721839611579698,3
2010-01-29,Switzerland,0.45547275384766023,-0.5531305355720069,-0.5227877551451015,0.8117676184309655,0.04783052039037933,4
2010-02-26,Switzerland,1.2197519959183332,-0.6301562969606895,-0.7245336636309992,0.7005414454844635,0.14140087020277697,3
2010-03-31,Switzerland,1.5231620585056795,-0.7338317931979472,-0.8961633098013152,0.5334514518977299,0.10665460185103676,3
2010-04-30,Switzerland,1.5885144114927352,-0.7466973227686547,-0.4113404313481012,0.01623296321312984,0.11167740514727727,3
2010-05-31,Switzerland,1.6504580312842696,-0.629393822183883,-1.074819441537697,-0.43634975457004,-0.12252624675183757,4
2010-06-30,Switzerland,1.6799994737256752,-1.1585052830922298,-1.4375201455803166,-0.35298690385378784,-0.31725321470016477,4
2010-07-30,Switzerland,1.6866189705904253,-1.3176546147028894,-0.7831463495927976,0.2464190946250329,-0.04194072477005719,2
2010-08-31,Switzerland,1.4608560567044389,-1.489426970107372,-0.9449135929053394,0.18687035776839825,-0.19665353713496855,4
2010-09-30,Switzerland,1.5836568305766199,-1.3098167421577873,-0.5704046722860573,1.050858967871061,0.18857359600095905,2
2010-10-29,Switzerland,1.4829336008887917,-1.5681584354216653,-0.7465500337636375,0.4412496238401365,-0.09763131111409366,5
2010-11-30,Switzerland,1.1419412759499525,-1.7209844761297137,-0.913068150340667,1.0329061711418968,-0.11480129484463286,3
2010-12-31,Switzerland,1.060570930354443,-1.7153437155835536,0.1553456888897613,1.4522111984605623,0.23819602553030328,1
2011-01-31,Switzerland,0.8920837019219394,-1.5763613501757427,-0.21506616662117595,0.6950310732422735,-0.051078185408176435,2
2011-02-28,Switzerland,1.0337744460695169,-1.7076924833287674,0.892108121919655,0.5423381393940793,0.19013205601362093,1
2011-03-31,Switzerland,0.6854366615074488,-1.57974890782526,-0.05112685997989929,-0.4189258728413806,-0.3410912447847728,5
2011-04-29,Switzerland,0.7143712154658199,-1.1092322410320776,-0.30264040685204596,0.18859556127807128,-0.12722646778505808,4
2011-05-31,Switzerland,1.482656823306391,-1.0644884928925542,-1.4839464637455324,1.3342957385375567,0.06712940130146527,2
2011-06-30,Switzerland,0.3902313630929324,-1.2938670023815384,-1.628274657887268,1.2059840925158085,-0.3314815511650164,4
2011-07-29,Switzerland,1.2320048742369878,-1.5629671368025826,-1.2104728728158107,0.5394591364478033,-0.2504939997334006,3
2011-08-31,Switzerland,0.7380167966009858,-1.4547115811215676,-1.3868302475573575,1.5732890026234296,-0.1325590073636274,3
2011-09-30,Switzerland,-0.020182467033543334,-1.35383281758606,-1.5042567155341484,1.6118560136224303,-0.31660399663283034,4
2011-10-31,Switzerland,-0.3914312599098466,-1.0839151597550274,-1.3219616692411245,0.6900301200012762,-0.5268194922261805,4
2011-11-30,Switzerland,-0.8656978335770324,-0.6533234820850368,-0.5156824249602906,0.029862974703114994,-0.5012101914798112,4
2011-12-30,Switzerland,-0.8042440616120795,0.3027829951751067,-1.0206252575386103,-1.1213280505607202,-0.6608535936340758,4
2012-01-31,Switzerland,-1.043479838912102,1.0550544230098706,-0.5010502256388608,-0.15354695766964424,-0.16075564980268411,4
2012-02-29,Switzerland,-1.1085860455685286,1.1185763478399386,1.1716132316107184,-0.4007620412603021,0.19521037315545658,3
2012-03-30,Switzerland,-1.0875299454679015,0.8680840892296536,1.4741485015767835,-0.8746675469347606,0.09500877460094373,3
2012-04-30,Switzerland,-0.8492237639654775,0.7368145293240659,0.9993897819788986,-0.15422582465167695,0.1831886806714525,2
2012-05-31,Switzerland,-0.7156012933045234,0.9601262056354574,-0.18743792313505855,0.04004790775179176,0.0242837242369168,3
2012-06-29,Switzerland,-0.7259352358546372,0.2549364604459919,1.4301458622271914,0.4257335532967266,0.34622016002881817,3
2012-07-31,Switzerland,-0.09269795493186561,0.36819313898556566,-0.6858093156659747,-0.3950802076874603,-0.20134858482493373,3
2012-08-31,Switzerland,-0.3521483737602515,0.4932448031367305,-0.38769999791537324,0.3092880129083227,0.015671111092357123,3
2012-09-28,Switzerland,-0.4434600701584933,0.5925699094554472,-0.2652888797739274,0.20581836597630204,0.02240983137483213,3
2012-10-31,Switzerland,-0.2552252908890768,1.0140976808045552,-0.2373355702509246,0.08770943890123648,0.15231156464144757,2
2012-11-30,Switzerland,1.2864639646913574,0.4550476455726301,-0.26195467084806445,0.520651679961665,0.500052154844397,2
2012-12-31,Switzerland,0.35771788508272606,0.6478238137411038,-0.00790039115449996,1.0792112903358295,0.5192131495012899,2
2013-01-31,Switzerland,0.7820298865166716,0.3291589588812641,0.18049282638532146,1.0521788857259389,0.585965139377299,2
2013-02-28,Switzerland,0.08284504325034132,0.3469788883528679,-0.17825562611001672,1.3401523687322803,0.3979301685563682,2
2013-03-29,Switzerland,0.3984861462977168,0.19470606486577996,-0.13541168360337297,1.6342159689749798,0.5229991241337759,1
2013-04-30,Switzerland,-0.18595622822437533,-0.14581659830069837,0.09023999155640892,1.240104767076784,0.2496429830270298,3
2013-05-31,Switzerland,0.8828565227358002,-0.1037632824497728,0.4815094942431922,1.3310297834344316,0.6479081294909128,1
2013-06-28,Switzerland,0.8470273854938632,-0.14034780940029784,-0.3463940094376072,0.24447136646745607,0.15118923328085357,3
2013-07-31,Switzerland,1.0738484696091262,-0.15384042302324183,0.49455662009078677,0.0650858964609074,0.3699126407843946,2
2013-08-30,Switzerland,1.0482721006486766,-0.17887475342959658,0.4338682656095212,-0.38981405251386886,0.2283628900786831,3
2013-09-30,Switzerland,0.8356570225561216,-0.20880157858773357,0.4609796301625171,-0.8712353484410352,0.05414993142246746,3
2013-10-31,Switzerland,0.4488856778880363,-0.1967164540477962,0.15438403734710096,-1.0856496802285562,-0.1697741047603038,3
2013-11-29,Switzerland,0.33531299777696855,-0.1517087825934643,0.4799795244336433,-0.47258331221546557,0.0477501068504205,3
2013-12-31,Switzerland,-0.7604354781521343,-0.22087176877165057,0.62599407760181,-0.6340374562524875,-0.2473376563936156,3
2014-01-31,Switzerland,0.6411874105498325,-0.022046766389694505,0.06873049188859671,0.23935020105915317,0.23180533427697197,2
2014-02-28,Switzerland,1.0860648633727488,-0.4491093185904754,-0.24811788559283873,0.5306728964392879,0.22987763890718063,3
2014-03-31,Switzerland,-0.23754447786665295,-0.5440865403067056,-0.3551171057930561,0.6501636642667238,-0.12164611492492275,3
2014-04-30,Switzerland,0.18641092980036036,-0.5291686634574062,-0.5036271149228287,0.47666297432011934,-0.09243046856493882,3
2014-05-30,Switzerland,0.2526402752660956,-0.6814460412091464,-0.739486164965918,0.7513231842193223,-0.10424218667241161,3
2014-06-30,Switzerland,0.03546983091377539,-0.3124733304567103,-0.918533918634008,0.9124201883783796,-0.07077930744964084,2
2014-07-31,Switzerland,0.22504719998515896,-0.5752359272194753,-0.11357732701662678,0.3900220916904005,-0.018435990640135638,2
2014-08-29,Switzerland,0.0931167403739639,0.18237882672154818,0.613233384817406,-0.46548973503251,0.105809804220102,2
2014-09-30,Switzerland,-0.24455799402225908,0.7212498921802597,0.3863995335029632,-0.4065077325690819,0.11414592477297048,2
2014-10-31,Switzerland,0.6430412970444778,1.1260715026225294,0.3876142749589221,-0.6050247752799727,0.3879255748364891,2
2014-11-28,Switzerland,0.624249088500384,0.6732066816144625,0.5861848942842137,-0.5315459553597626,0.33802367725982435,2
2014-12-31,Switzerland,-0.09564190694860508,0.5986798685427154,0.6856396664268177,-0.3385052680630929,0.21254308998945876,3
2015-01-30,Switzerland,0.15311526261901648,-0.49024077521541676,0.3763397726770168,-0.14982049030720238,-0.027651557556646465,3
2015-02-27,Switzerland,-1.5542243669752531,-0.49203374459112453,0.34625757631432147,0.10042466093447477,-0.3998939685793954,4
2015-03-31,Switzerland,-1.4833695453299347,-0.5019659971805269,0.2151466252444211,-0.27490271568801633,-0.5112729082385141,4
2015-04-30,Switzerland,-1.5261319842600338,-0.6152150019055233,0.39572806370308233,0.0663490770053223,-0.4198174613642881,4
2015-05-29,Switzerland,-1.484605798298502,-0.6892215040106875,0.3852971817380453,0.81590306803548,-0.24315676313391604,4
2015-06-30,Switzerland,-0.9930352361170126,-1.0723374971542394,-0.030444440313217216,0.19941558226400732,-0.4741003978301155,5
2015-07-31,Switzerland,-1.5441493331671552,-0.07964818263077676,-0.9503152244514927,-0.2544405891083816,-0.7071383323394516,5
2015-08-31,Switzerland,-0.2571297386132851,0.25306780256023176,-0.8576065957241565,-0.03504447750972158,-0.22417825232173288,3
2015-09-30,Switzerland,-1.5706079784088474,0.27781186425293997,-0.5559758724943474,0.6285034216343286,-0.3050671412539816,3
2015-10-30,Switzerland,-1.3182873389663492,0.43675364669451644,-0.3599676220729595,0.63103110568636,-0.1526175521646081,3
2015-11-30,Switzerland,-1.2298315233451775,0.26161266445112746,-0.23717089811212896,-0.835683729838934,-0.5102683717112783,5
2015-12-31,Switzerland,-0.7174808265256645,0.20551048920362333,-0.7579506855435056,-1.3509129337466224,-0.6552084891530423,4
2016-01-29,Switzerland,-0.5031751899397379,0.2609155760577585,0.042378408565956864,0.13717323315778857,-0.01567699303955848,3
2016-02-29,Switzerland,0.48182397287392,-0.6549838866097705,-0.006895535443247344,-0.5780946827854604,-0.18953753299113957,4
2016-03-31,Switzerland,1.2713945914444855,-0.9127240335857658,0.4528007238471789,-0.4374082798700071,0.0935157504589729,3
2016-04-29,Switzerland,1.2295243178586044,-1.131649306082216,-0.1299007926125338,-0.6430751227438655,-0.1687752258950027,4
2016-05-31,Switzerland,1.5308392961867252,-0.7663097854107437,-0.4202170367305862,0.25759940947029986,0.15047797087892378,3
2016-06-30,Switzerland,0.030007502813673537,-0.6690002394233752,-0.20098096641335508,0.7040447748483591,-0.0339822320436744,3
2016-07-29,Switzerland,-0.01948786496983054,-0.5737962329309183,0.073424765908836,-0.41445507712227847,-0.23357860227854785,4
2016-08-31,Switzerland,0.4175877196504757,-0.18067970482235307,0.35516716342170573,-0.13662829249030115,0.1138617214398818,4
2016-09-30,Switzerland,0.9488957478302662,-0.20458025278965614,-0.44227020804593803,-0.3301510950542298,-0.0070264520148894255,3
2016-10-31,Switzerland,1.204648803519086,-0.44702149844337136,0.23753712286244513,-0.29042089820690603,0.17618588243281347,2
2016-11-30,Switzerland,1.3712665685263046,-0.6021130385081428,0.47224011901681456,-0.7160016166208423,0.13134800810353353,2
2016-12-30,Switzerland,1.1474318764059297,-0.48513284640479,0.5410082131604141,-0.9529496396382603,0.0625894008808234,3
2017-01-31,Switzerland,0.050655011101365444,-0.741716435943583,0.13236818566905764,-1.0863092825458265,-0.41125063042974663,4
2017-02-28,Switzerland,0.8049493429589737,-1.0432176441602443,-0.24868622139458613,-0.7769907704729171,-0.31598632326719345,5
2017-03-31,Switzerland,1.2606592501411484,-1.1842202792568348,-0.3318262900609304,-0.4700138228126739,-0.18135028549732268,3
2017-04-28,Switzerland,1.3497410669707355,-1.288725430504759,-1.0422202457460115,-0.40883613943340275,-0.34751018717835946,5
2017-05-31,Switzerland,0.3304002295207147,-1.264979565962054,-1.1465520216543568,0.2339857871170945,-0.46178639274465044,5
2017-06-30,Switzerland,1.3877190609556875,-0.7251280026799304,-1.2309148838570745,0.8755643706143961,0.07681013625826968,2
2017-07-31,Switzerland,1.4384350978087017,-0.2156850955394375,-0.7845507613550694,0.27980008997405487,0.17949983272206244,2
2017-08-31,Switzerland,1.2647453732821352,0.232524788825029,-0.0004913514502640214,-0.6480912588546653,0.21217188795055872,3
2017-09-29,Switzerland,1.1056450102456084,0.2925027081474259,0.392291200592393,-0.22264781135413647,0.3919477769078227,2
2017-10-31,Switzerland,1.2433297601327546,0.4700525960428898,1.529327302146718,-0.6978541372164438,0.6362138802764796,1
2017-11-30,Switzerland,1.4136351693452054,0.5622266667961477,0.8140141156431737,-1.2001602039608843,0.3974289369559107,1
2017-12-29,Switzerland,1.3188927892035551,-0.03974433633421272,1.1558584143289836,-0.9432393542017776,0.3729418782491371,1
2018-01-31,Switzerland,1.4993175835606916,-0.4142408911195898,0.8077499983246341,-1.0942401966817554,0.1996466235209951,2
2018-02-28,Switzerland,1.329691827884516,-0.5811070627274556,0.4535904566266798,-0.8608063679268277,0.08534221346422813,2
2018-03-30,Switzerland,1.5098931636018658,-0.4369957215745238,1.3774220533291432,-0.8537998373291625,0.39912991450683066,2
2018-04-30,Switzerland,1.5537971921347102,-0.46901461429533375,0.5344928829510797,-0.8919935879207201,0.18182046821743397,3
2018-05-31,Switzerland,1.4899495585443077,-0.6237576682544567,1.1658449551367247,-1.5457058232451473,0.12158275554535708,2
2018-06-29,Switzerland,1.4024273000682372,-0.711812849448137,1.0020459377504762,-1.4656254734620806,0.05675872872712395,3
2018-07-31,Switzerland,1.5358555740357591,-0.48948471751214123,-0.39724273462133686,-1.2284181809787669,-0.14482251476912147,4
2018-08-31,Switzerland,1.4326393739409975,-0.0017883409997589616,-0.15644322004138797,-0.29897420019833904,0.24385840317537788,3
2018-09-28,Switzerland,1.526018133340356,-0.2685462203561336,0.0969199102207869,0.1150116804030602,0.3673508759020173,2
2018-10-31,Switzerland,1.0453584594066232,-0.38751890497843855,-1.0994230456014091,0.005538846607516368,-0.10901116114142703,3
2018-11-30,Switzerland,0.8365343622808937,-0.37741058421409024,-1.2939655574826778,0.6261124569911086,-0.05218233060619143,3
2018-12-31,Switzerland,1.2002488018463637,0.2793126911112681,-1.5572912998073565,0.8746638818114433,0.1992335187404297,3
2019-01-31,Switzerland,0.7282948954923936,1.0212462897180379,-1.1882336864945067,1.388529638462219,0.48745928429453594,1
2019-02-28,Switzerland,0.9268697725029678,1.2701329152423042,-1.7514363535766095,0.8049908266875029,0.31263929021404124,2
2019-03-29,Switzerland,0.8459044708693467,0.8367478636931568,-1.4866284370656877,1.3842233512391124,0.39506181218398206,2
2019-04-30,Switzerland,-0.6748675304363365,1.0718400039868627,-0.14155857056380983,1.4382004604448848,0.4234035908579003,1
2019-05-31,Switzerland,-0.4302241157558622,0.7588776291678174,-1.254574547089052,1.2502964993227628,0.08109386641141653,2
2019-06-28,Switzerland,-0.4038298195291269,0.48621271473940775,-1.3586063616039599,1.6061072327108192,0.08247094157928503,3
2019-07-31,Switzerland,-1.127473283975151,0.29808960747388147,-1.0839540944545714,1.6682782494959383,-0.06126488036497563,3
2019-08-30,Switzerland,-1.2780135228025213,0.2516987622119932,-1.2633984259361428,1.5343365994101106,-0.18884414677914008,3
2019-09-30,Switzerland,-1.3335125327607047,0.6436001219739028,-0.4216508848235207,1.4737102986194492,0.09053675075228168,3
2019-10-31,Switzerland,0.8847224496697517,0.9272804721372333,-0.026887603366765694,1.3181086664934505,0.7758059962334174,1
2019-11-29,Switzerland,0.8847224496697517,1.3509215251960311,1.1087946727202471,1.3179486300519887,1.1655968194095045,1
2019-12-31,Switzerland,1.0031839971403342,1.390587369553297,1.2244596923816755,0.659098364301002,1.069332355844077,1
2020-01-31,Switzerland,-0.6883339674281274,1.0126964108797585,0.7348945765175429,1.41356730370023,0.6182060809173511,1
2020-02-28,Switzerland,-0.7247261300145267,1.0598313996227817,1.0424775788653757,1.5755036193273724,0.7382716169502508,1
2020-03-31,Switzerland,-1.1704739452043953,1.186274661426417,-0.5929567890736105,1.200047798196963,0.15572293133634357,2
2020-04-30,Switzerland,0.5298845326719933,1.498602270481372,1.6258291734759882,1.250738447890304,1.2262636061299144,1
2020-05-29,Switzerland,0.42125394958183915,1.5147011556709304,1.7221582160876387,0.8334242044704993,1.122884381452727,1
2020-06-30,Switzerland,-0.9066602476672118,1.4581679066920321,1.5114833705099409,0.9665129107762571,0.7573759850777546,1
2020-07-31,Switzerland,-0.21341517463121173,1.299387817637665,1.6054890822992054,0.5886587380064833,0.8200301158280354,1
2020-08-31,Switzerland,-0.23222103426974858,1.2048586650665793,1.594256614333235,0.7068708031885335,0.8184412620796498,1
2020-09-30,Switzerland,-0.01337201957317635,1.0215609336263998,1.2871629048161024,0.7291873804260215,0.7561347998238368,1
2020-10-30,Switzerland,-0.17321257281220612,-0.26193420708483917,0.3132580719790106,0.32778413774509435,0.051473857456764915,2
2020-11-30,Switzerland,0.37218234452029564,-0.8637282724770734,0.34269987001575064,-0.0369585916236668,-0.04645116239117348,3
2020-12-31,Switzerland,0.41018902725508644,-1.6119510450127181,0.03891079423526392,-0.100575712405961,-0.3158567339820822,5
2021-01-29,Switzerland,0.49374014794463567,-1.684750577193028,-0.04870993124422537,0.1604307669303526,-0.26982239839056626,4
2021-02-26,Switzerland,0.9293015311139863,-1.6851891892632467,-0.3454291139595281,-0.3726780219336187,-0.3684986985106018,5
2021-03-31,Switzerland,0.8408598073178221,-1.6104798328511196,-0.1456505513968381,-1.1117364385177864,-0.5067517538619806,5
2021-04-30,Switzerland,1.306222274328469,-1.6988576134057058,-0.47743450847798263,-1.6845311056794445,-0.638650238308666,5
2021-05-31,Switzerland,1.075776731495149,-1.5712741067491678,-1.2679839810309241,-0.7525228361859143,-0.6290010481177143,5
2021-06-30,Switzerland,0.9761073161115909,-1.6331714835053655,-1.4733299654741658,0.5638315384475052,-0.39164064860510883,5
2021-07-30,Switzerland,1.0091864898719776,-1.643778037452473,-1.334522828376395,0.20805069395514153,-0.4402659205004372,5
2021-08-31,Switzerland,1.3894852244387328,-1.6355485589648668,-1.4192659744248908,0.5400172445388414,-0.28132801610304586,5
2021-09-30,Switzerland,1.4336832225845133,-1.6930106433103864,-1.5468807218590297,0.6657809953710894,-0.28510678680345336,5
2021-10-29,Switzerland,1.4390156550930109,-1.4816145452897098,-1.4570834077481696,0.14146213754413695,-0.3395550401001829,5
2021-11-30,Switzerland,1.3359573492301975,-1.3893637098904617,-1.156406714733379,0.263111242936376,-0.23667545811431678,4
2021-12-31,Switzerland,1.5107399939570412,-1.5633220839791055,-1.1505745858593952,0.35964413310721793,-0.2108781356935604,5
2022-01-31,Switzerland,1.6544559832783767,-0.9503066658254473,-0.13007864571998667,0.588302117106514,0.2905931972098642,1
2022-02-28,Switzerland,1.279065926932908,-1.297929695325551,-0.19807558267103953,-0.00781620436862157,-0.056188888858076005,3
2022-03-31,Switzerland,1.6669707627946646,-1.6773883595554757,-1.0461636936690903,0.30017075011612165,-0.18910263507844494,5
2022-04-29,Switzerland,1.7315617576820876,-1.4368022194335903,-1.4054381671844987,0.6542077581742084,-0.11411771769044823,4
2022-05-31,Switzerland,1.6892732654880067,-1.353760641319784,-0.7514513886973523,0.8351853680429087,0.10481165087844477,3
2022-06-30,Switzerland,1.7618794523620724,-1.0913732289001272,-0.14803208768403234,0.13515080413636288,0.16440623497856893,2
2022-07-29,Switzerland,1.7786095738058876,-1.0932629269564158,-0.49041597372276935,-0.03078026890118167,0.041037601056380185,3
2022-08-31,Switzerland,1.4534759617642268,-0.9250943703976917,-0.43854365455055877,0.3611616338367859,0.11274989266319055,3
2022-09-30,Switzerland,1.6460991431459164,-0.7396696579685953,-0.49989447450165,-0.017257706791069624,0.09731932597115038,3
2022-10-31,Switzerland,1.463530667924207,-0.7165607163920286,0.2839091252704669,-0.8930389560627189,0.034460030184981644,2
2022-11-30,Switzerland,1.6465895511059725,-0.9846313754732557,-0.0933993181827625,-1.2526833261465677,-0.17103111717415337,4
2022-12-30,Switzerland,1.6918308404694,-1.1645159208647937,-0.4990084596993228,-1.3647508457518265,-0.3341110964616357,5
2023-01-31,Switzerland,0.9428090415820704,-0.9702568677581773,-0.09711189896853313,-0.8597049830531154,-0.24606617704943887,4
2023-02-28,Switzerland,0.20690424004475363,0.20906442909182774,0.6958355251006956,-0.13699380261938365,0.24370259790447332,3
2023-03-31,Switzerland,-0.9517986260724225,0.17732934331477684,0.8489192643901443,-0.15169124124203606,-0.019310314902384336,3
2023-04-28,Switzerland,-1.0832324132878113,-0.25159238367857883,0.3955866496086881,-0.11137941290394807,-0.26265439006541247,3
2023-05-31,Switzerland,-1.0274176612139638,0.3049732359788452,0.9049580948646784,0.721593794442012,0.22602686601789293,2
2023-06-30,Switzerland,-0.47640168664117244,0.27580566216056496,0.8622042170541789,1.0123247202650447,0.41848322820965406,1
2023-07-31,Switzerland,-1.310839876170224,-0.20943534661645058,0.7316413496006188,-0.3251050316547018,-0.27843472621018944,4
2023-08-31,Switzerland,-1.2423989403443723,-0.5278286215250864,0.29875088643742814,-0.2678744159995974,-0.434837772857907,4
2023-09-29,Switzerland,-1.2306233833483382,-0.3982396234303956,0.5303705872489612,-0.06960500401436016,-0.29202435588603315,4
2023-10-31,Switzerland,-1.3680829191555337,-0.46625536246903576,0.8213248851104056,-0.7504969341577039,-0.44087758266796695,5
2023-11-30,Switzerland,-1.4866473523029646,-0.6215152742696922,1.4956661502471238,-0.8756510425384353,-0.3720368797159921,4
2023-12-29,Switzerland,-1.4878503386217943,-0.9895628046046427,0.15213548263015192,-1.216247173595746,-0.885381208548008,5
2024-01-31,Switzerland,-1.6620278367339276,-0.3554986604424574,1.2053032538464392,-0.21507222374395055,-0.25682386676847413,4
2024-02-29,Switzerland,-1.7422437124171222,-0.7032315432193593,1.654944425954188,-0.5431227434718138,-0.3334133932885268,4
2024-03-29,Switzerland,-1.5091969324292511,-0.6557555809066887,1.1018367126838897,-1.0381508467479095,-0.5253166618499899,5
2024-04-30,Switzerland,-1.5474174267928464,-0.4191968209965658,1.5563612318255704,-1.1022567429413308,-0.37812743972629315,4
2024-05-31,Switzerland,-0.8970903607828018,-0.22630321426108277,1.1223583378109578,-1.741532858856851,-0.43564202402244445,5
2024-06-28,Switzerland,-0.8527760219761928,0.15711629782535955,1.366367203241896,-1.5019264012441456,-0.2078047305382707,4
2024-07-31,Switzerland,-0.869029672628984,-0.22248017737896825,0.12434922307701199,-1.1059098014987558,-0.518267607107424,5
2024-08-30,Switzerland,-0.8962327406173638,0.29837300841552594,-0.09279751932604983,-0.8482040047900191,-0.3847153140794767,4
2024-09-30,Switzerland,0.17044466374518652,0.2795691215576114,-0.04019892135955792,0.16535296591766319,0.14379195746522577,2
2024-10-31,Switzerland,0.5629650954621876,0.2579773218262566,-0.12188152341627861,0.25375034886458536,0.23820281068418775,2
2024-11-29,Switzerland,0.43538044945798027,0.3823248563783445,0.6618342684355888,0.21243497298979444,0.422993636815427,1
2024-12-31,Switzerland,-0.09928248825134857,0.8508420133737296,1.5268840307253435,-0.3502921819365966,0.482037843477782,2
2025-01-31,Switzerland,-0.6102571532587284,1.08870337895339,1.1214358425076658,-0.5999655806427779,0.24997912188988736,2
2025-02-28,Switzerland,0.6360603775199195,1.3419449686091192,0.7922977414101915,-0.4067600444807325,0.5908857607646244,2
2025-03-31,Switzerland,0.5179159431246598,1.2412950887089835,0.3847674415362322,-0.30516428742234686,0.45970354648688216,2
2025-04-30,Switzerland,-0.7239127572368927,-0.02688792945324805,-0.01702034348188321,0.33486831360883396,-0.1082381791407975,4
2025-05-30,Switzerland,-0.7134761233660141,0.08246504667456606,0.16855385894684713,0.4022734772303272,-0.01504593512856843,4
2025-06-30,Switzerland,-0.3333333333333305,-0.23328638017072323,0.3602977831436724,0.22318475800046664,0.004215706910021329,4
2025-07-31,Switzerland,0.7771420273670553,-0.7849271783623493,1.3055019889093062,0.0769385024907036,0.343663835101179,2
2025-08-29,Switzerland,0.6949955884209175,-1.0271646027211405,1.325083337133253,-0.9042404789510594,0.02216846097049266,3
2025-09-30,Switzerland,-1.0805404053377996,-1.0525581169513907,1.5743792934437448,-1.3196335868914015,-0.4695882039342117,5
2025-10-31,Switzerland,-0.99770935493828,-1.0349533679721343,1.310531140290797,-1.6351232386930743,-0.589313705328173,5
2025-11-28,Switzerland,-0.7239227659930224,-1.2479820404737931,0.5687284497206259,-1.5502285294183396,-0.7383512215411323,5
2025-12-31,Switzerland,-1.3964240043768912,-1.3259338252152322,-1.064096320767336,-1.3543045869275283,-1.285189684321747,5
2026-01-30,Switzerland,-1.4312367693791401,-1.4414272698883788,-0.8809498208078511,-0.20606354385462436,-0.9899193509824986,5
2026-02-27,Switzerland,-1.2816826722240071,-1.516349530862269,-0.5603992202579288,0.09928283923831922,-0.8147871460264713,5
2026-03-31,Switzerland,1.3485387280426635,-1.4623431202968769,-0.995788562575231,0.13770439991019104,-0.24297213872981333,5
2026-04-30,Switzerland,0.7092993656151895,-1.434859749912904,-1.275527111805095,0.4001098374996603,-0.4002444146507873,4
2005-12-30,UK,-1.2362678548580068,,,,,
2006-01-31,UK,-0.9952403177417404,,,,,
2006-02-28,UK,-1.2259305352450902,,,,,
2006-03-31,UK,-1.1244738517100434,,,,,
2006-04-28,UK,-1.1842281897471918,,,,,
2006-05-31,UK,-0.9048935441356172,,,,,
2006-06-30,UK,-0.37825500482140223,-1.0833173285690176,-1.3682388995289239,,,
2006-07-31,UK,-0.8079431130481728,-1.5687294440780466,-1.5955569365907731,,,
2006-08-31,UK,-0.8177695657664572,-1.4871250259732223,-1.4478331981687789,,,
2006-09-29,UK,-0.7348788193092534,-1.5421022088676337,-0.7856058544509719,,,
2006-10-31,UK,-0.4793687274279784,-1.3040604019560011,-0.6763787703056092,,,
2006-11-30,UK,-0.35746209191055367,-1.6386931663095465,-0.27109254445007713,,,
2006-12-29,UK,-0.4110051164810345,-1.585276715913595,0.19813427824885044,0.08569033747915443,-0.42811430416665613,5
2007-01-31,UK,-0.21022625869435854,0.966052202777787,1.722171622589732,-0.41067313480122825,0.516831107967983,2
2007-02-28,UK,-0.1698011380888878,-0.38687567671491513,0.9654457991482631,-0.6887654853237692,-0.06999912524482726,3
2007-03-30,UK,-0.10667311465869792,-0.8694170627977568,-0.3269489161771789,-1.3599643773584766,-0.6657508677480275,5
2007-04-30,UK,-0.4964034470595056,-0.9827074159761756,0.16721849664364136,0.3960995151912198,-0.22894821280020503,4
2007-05-31,UK,-0.33541885941398913,-0.5108497138619994,-0.02276389154162578,-0.29535523193566354,-0.29109692418831945,3
2007-06-29,UK,-0.39996094322111286,-0.7789155223086058,-0.5375054837822892,-0.45612453066130476,-0.5431266199933281,4
2007-07-31,UK,0.03965647653681615,-1.210703065712025,-1.0732292457797235,0.5612380900560854,-0.42075943622471174,4
2007-08-31,UK,-0.01154743307441976,-0.24098130231815962,-0.49374693850058327,0.5354326337506202,-0.0527107600356356,3
2007-09-28,UK,-0.07542593052255793,-0.38849541760850725,-0.48896654419968455,0.5908404955535902,-0.0905118491942899,3
2007-10-31,UK,-0.21225749430786392,-0.4204823422569547,-1.1467576476111077,0.2842593352132045,-0.3738095372406804,4
2007-11-30,UK,0.359050444751218,-0.0722114689312581,-0.607448552153736,0.9120256695294428,0.14785402329891664,2
2007-12-31,UK,0.02830235909012111,0.6756586978482818,-0.464133539596474,0.4836238031002898,0.18086283011055468,2
2008-01-31,UK,-0.5539491599130675,0.5826316400429715,-0.4497611365707137,-0.13875758449533004,-0.13995906023403493,3
2008-02-29,UK,-0.32639840548008703,0.6345294137876264,-0.6302289125861094,-0.007845987915809783,-0.08248597304859494,3
2008-03-31,UK,-0.22669278153437003,1.0481811034956672,-0.046511868827616695,-0.12403284078562732,0.1627359030870133,2
2008-04-30,UK,-0.3339640161444208,1.0936296019968326,0.7416478809863501,-0.42173181856739383,0.26989541206784207,2
2008-05-30,UK,-0.36489506024755364,1.1061508446973776,0.9105738152548273,-1.3275421607657885,0.0810718597347157,2
2008-06-30,UK,-1.1026091394759772,0.8094621935946895,0.5118387826558106,-1.609155045709933,-0.3476158022338525,4
2008-07-31,UK,-1.3618415179274608,1.2416975191816342,0.9980124473760348,-0.22682536770648193,0.16276077023093155,1
2008-08-29,UK,-1.3658815467570282,1.5894840188110753,1.2939283793094343,-0.9395117796728091,0.14450476792266806,1
2008-09-30,UK,-1.4138128785394748,1.5231499225072553,1.2684709874400868,-0.2765716300463839,0.27530910034037087,2
2008-10-31,UK,-0.2685711155554654,0.6943366400116493,1.104836782917157,-0.4642615742409772,0.26658518328309094,2
2008-11-28,UK,-0.34643902061004994,0.43119849510650116,0.18859426660429301,-1.0825772582556332,-0.20230587928872223,4
2008-12-31,UK,0.9627719598212524,0.524852512797604,0.34366649016775896,-1.6085389619160106,0.05568800021765119,3
2009-01-30,UK,0.6820572116880607,0.3880400108799983,0.15050193200199385,-1.5010168215305746,-0.07010441674013046,4
2009-02-27,UK,0.4622613854523281,0.31697915234581725,0.28270765350585,-1.5163089733865194,-0.11359019552063104,4
2009-03-31,UK,1.4537191383041619,0.230989241429935,0.23080690977500679,-1.4448862101657303,0.11765726983584335,4
2009-04-30,UK,1.1308816613122534,0.16043444571004795,0.27025178773482494,-1.4719416326685846,0.022406565522135435,4
2009-05-29,UK,0.6917977094472509,0.020950485623585136,0.17372222636381307,-0.6751280878180123,0.052835583404159225,3
2009-06-30,UK,0.6701669329591984,-0.21179828850023055,0.17506646214409305,0.34348574402124815,0.24423021265607725,1
2009-07-31,UK,0.7694502721558086,-0.8391424001481765,-0.4221338547447209,1.526847862816444,0.2587554700198388,2
2009-08-31,UK,0.008434990057789837,-0.7182928772271278,-0.5417028987996587,1.2679888174644598,0.004107007873865809,3
2009-09-30,UK,-0.8792530050376547,-0.5209138309505599,-0.4665109320732492,0.8348380407326564,-0.2579599318322019,4
2009-10-30,UK,-0.8556099250122792,-0.4974580066576751,-0.5331437617159867,1.1415526564195149,-0.18616475924160653,3
2009-11-30,UK,-0.21645482913637148,-0.33402263542383526,-0.3387391188365455,1.0607156584969424,0.042874768775047534,4
2009-12-31,UK,0.30802055181684884,-0.26917888452844735,-0.39175363473887553,0.27270259383565,-0.020052343403706013,4
2010-01-29,UK,0.22773637692383214,-0.031133527398542082,-0.21599207987320398,0.23272765613976468,0.05333460644796269,3
2010-02-26,UK,0.194296778110888,0.12494339162390398,-0.1391310960074072,0.13668928777026568,0.07919959037441261,4
2010-03-31,UK,-0.2617934788056621,0.6296659273021658,0.5297071056377626,-0.04618898716890685,0.21284764174133983,1
2010-04-30,UK,-0.21539178460918587,0.6810667073705021,0.7342904582793482,-0.2445143078645803,0.23886276829402106,2
2010-05-31,UK,0.08117006711234034,0.8809239019780519,1.300645323237804,-0.39030262953930117,0.4681091656972237,1
2010-06-30,UK,0.01982300263983055,0.7676935205606751,0.8424424567138591,-0.6148800517147045,0.25376973204991504,2
2010-07-30,UK,0.039338051792195676,0.4015489974509707,0.0383523585207546,-0.7067109530874556,-0.056867886330883646,3
2010-08-31,UK,-0.17838836335994837,0.1479026498239514,-0.27764619864755896,0.24415528876731996,-0.015994155854059,3
2010-09-30,UK,-0.2871465681814769,-0.39825105852874787,-0.6777314196838158,0.9856720117691086,-0.09436425865623296,3
2010-10-29,UK,-0.3494268829680487,-0.25137442356293765,-0.6141427886717937,1.0397919001071065,-0.04378804877391834,3
2010-11-30,UK,0.43039731981092316,0.1296606200130383,-0.4329566172482536,0.5811046635129549,0.17705149652216567,2
2010-12-31,UK,0.3030202658155547,0.548607583902334,-0.7310162079687553,0.1544727991487925,0.06877111022448146,3
2011-01-31,UK,0.35907771649688164,0.9257480076957423,0.6832294202267922,0.18918906748493383,0.5393110529760875,1
2011-02-28,UK,0.25243329497046246,0.08790245671871749,0.5057327924622023,-0.7810578934479601,0.01625266267585554,3
2011-03-31,UK,0.04647028213609862,0.6384890868232422,0.9456205161092301,-0.6564784699735001,0.2435253537737677,2
2011-04-29,UK,0.06672698166438917,0.46271535855216805,1.0842785553450653,-0.4169304651370088,0.29919760760615344,3
2011-05-31,UK,-0.5391479357477781,0.24935800208992084,-0.23003723079472632,-0.41609121321657305,-0.23397959441728916,4
2011-06-30,UK,-0.37996211669574476,0.36760837908228766,0.2658201788040452,-0.12898324000218442,0.031120800297100917,2
2011-07-29,UK,-0.14710505961039042,0.19902388261848197,-0.9045034613603111,-0.17149754862900285,-0.2560205467453056,4
2011-08-31,UK,-0.9284727441109133,0.5340993465643818,-0.42133496346525895,0.12640438548671754,-0.1723259938812682,4
2011-09-30,UK,0.08072986813417692,0.7179724420277965,0.0741856635392965,0.035165780877260945,0.22701343864463272,2
2011-10-31,UK,-0.2135079599508262,0.5681170314066805,-0.27057118054086865,-0.10969568097997201,-0.006414447516246591,3
2011-11-30,UK,-0.35646381382583847,0.6431520367792914,-0.5166268807709419,0.49358490584387477,0.06591156200659647,3
2011-12-30,UK,-0.38095771339519596,0.41006957762646495,-0.5189855581417044,0.5227894689668826,0.00822894376411179,3
2012-01-31,UK,0.12521758066945105,0.3332160160428477,0.1003489068104719,0.7240713875891506,0.3207134727779803,2
2012-02-29,UK,0.2644333686677249,0.12380274615485429,0.43719023359468745,0.3729697687233109,0.29959902928514437,2
2012-03-30,UK,0.2351416098308962,-0.43226492386465726,0.3645620463123762,0.33221311244151486,0.1249129611800325,2
2012-04-30,UK,0.1121616292029902,-0.7636083157662569,-0.6046763778456107,-0.03966306712268293,-0.3239465328828901,3
2012-05-31,UK,-0.45798482771489335,-1.0240516088429799,-0.3411021219595982,-0.09298982185907766,-0.4790320950941373,4
2012-06-29,UK,-0.35471835388351464,-1.0016191240043557,-0.25927946659540174,-0.29632614227496346,-0.47798577168955886,4
2012-07-31,UK,-0.5561877295911871,-1.1672235311969656,-0.6003525137229931,-0.5202302209841457,-0.7109984988738229,4
2012-08-31,UK,1.1334775780408224,-1.1749733160664786,-0.5648532774612727,0.09682830345611489,-0.1273801780077035,4
2012-09-28,UK,0.7538821192694367,-1.329391773449386,-0.8193661696386035,0.1428295069468915,-0.31301157921791534,4
2012-10-31,UK,0.22332212952794459,-1.1962293590812074,-0.4820152243507752,0.5697297783431552,-0.2212981688902207,4
2012-11-30,UK,0.3675611327689576,-1.4236770179015568,-0.44176319367975236,-0.021845158575219244,-0.3799310593468927,4
2012-12-31,UK,0.9936607918964577,-1.5508141138840337,-0.215571898609932,0.10207706523628805,-0.16766203884030498,3
2013-01-31,UK,0.20131462425181737,-0.9700554127175102,0.2859529215723284,-0.10379074618618403,-0.14664465326988713,3
2013-02-28,UK,-0.6702917135709716,-0.28464787597167973,0.4947425525022139,-0.5984823972439846,-0.2646698585711055,3
2013-03-29,UK,-0.7735319310485218,-0.10547071014741344,0.6067374565274087,-1.0910682319287133,-0.34083335414930993,4
2013-04-30,UK,0.4156668630897749,-0.41032598431128603,0.647364821466984,-1.120776958696091,-0.11701781461265451,4
2013-05-31,UK,0.5719915499415047,-0.21760538679985578,1.1275475276175222,-0.9144750560517851,0.1418646586768465,3
2013-06-28,UK,0.5356202584740605,-0.2843744511616516,1.2319777727063579,-0.8222282751097012,0.1652488262272664,2
2013-07-31,UK,0.6903311590344393,-0.39028224494442015,0.1083240680644,-0.9622282956160716,-0.1384638283654131,4
2013-08-30,UK,0.6678507738003666,-0.7076150897797968,-0.35400115626264983,-0.7688578797928486,-0.2906558380087322,4
2013-09-30,UK,1.0699533840204551,-0.9799000206459164,-0.609752969728415,-0.28412147453195885,-0.20095527022145876,4
2013-10-31,UK,1.0510493921280908,-1.0596852099572187,-0.5942159842032805,-0.5331138515369255,-0.28399141339233347,4
2013-11-29,UK,0.9116322127061335,-1.4049711565409029,-0.8820777632135255,0.11632502463060346,-0.31477292060442286,4
2013-12-31,UK,1.1138773201101664,-1.4463417850130056,-1.1013618090241597,-0.36620230011311716,-0.450007143510029,4
2014-01-31,UK,0.6411874105498325,-1.6051041562239081,-1.0790258401673574,0.33753815311256086,-0.4263511081822181,5
2014-02-28,UK,0.5723855361018537,-1.4040691674235068,-0.6537823048644402,-0.06510991881457502,-0.3876439637501671,4
2014-03-31,UK,0.4933616078768976,-1.1932021151464565,-0.190385909066237,-0.20281848934508195,-0.27326122642021944,4
2014-04-30,UK,0.9941916256019205,-1.3632602398576088,-0.6856063116150984,-0.3534368771543136,-0.352027950756275,5
2014-05-30,UK,1.094774526153088,-1.2850225882901738,-0.6926914407682918,0.03687435063613654,-0.2115162880673103,4
2014-06-30,UK,1.3655884901804989,-1.25510785757284,-0.4327584415911555,-0.0017893716923206608,-0.08101679516895434,3
2014-07-31,UK,0.9099734608095432,-0.952621791330796,-1.464261801045515,-0.7442471147285075,-0.5627893115738188,4
2014-08-29,UK,0.6856778154809903,-1.3758776034283522,-0.6894260961233645,-0.5339534690531983,-0.47839483828098117,4
2014-09-30,UK,-0.2934695928267116,-1.2377764706383094,0.22190779024842255,-0.5979486043396514,-0.4768217193890625,4
2014-10-31,UK,-0.32152064852223566,-1.4947235435576072,0.6254020635807056,-0.5456645137712606,-0.43412666056759946,5
2014-11-28,UK,-0.32569517660888997,-1.2724072325634608,0.6251154735451677,-0.7702676042002422,-0.4358136349568563,5
2014-12-31,UK,-0.20191069244705306,-1.1999801809230288,-0.058916160243180596,-0.9175580264602385,-0.5945912650183753,5
2015-01-30,UK,-0.017012806957658423,-1.0526067609518437,-0.9788155466039189,-0.7105609044361008,-0.6897490047373804,5
2015-02-27,UK,0.5589754302279418,-1.1879182550182308,-1.2386530960286541,-1.166528825128475,-0.7585311864868545,5
2015-03-31,UK,1.1498308309953857,-1.1870305905200647,-1.003791078534488,-1.268715922480014,-0.5774266901347952,5
2015-04-30,UK,0.838297850509029,-1.269844620964613,-1.4528162548401315,-1.509842586892918,-0.8485514030471584,5
2015-05-29,UK,0.6641657518703773,-1.2984767234667607,-1.324073042572187,-1.5744199736611086,-0.8832009969574197,5
2015-06-30,UK,0.43760874811936423,-1.0049427777282427,-0.4321398955591679,-0.6654112983078722,-0.41622130586897965,4
2015-07-31,UK,0.9038922925856523,-1.6029215048291157,0.8763631662506486,-0.57526671611917,-0.0994831905279962,4
2015-08-31,UK,0.25712973861329425,-1.6122361681911914,0.5088637053410786,-1.1234217697167317,-0.4924161234883876,5
2015-09-30,UK,0.7198619901040632,-1.7436810391174877,-0.9392779673123974,-1.0558000491266766,-0.7547242663631246,5
2015-10-30,UK,0.7789879730255808,-1.54419652380848,0.00941025567054898,0.687509541350852,-0.017072188440374586,2
2015-11-30,UK,0.5956996441203225,-1.5199086968698294,-0.2712683618149711,-0.7822254122108069,-0.49442570669382124,4
2015-12-31,UK,0.0211023772507544,-1.5520910983823475,-0.7961570705657794,-0.5053366467006875,-0.708120609599515,5
2016-01-29,UK,0.11475925384590803,-1.5060014846124157,-1.2878874574813561,-1.3468539828885036,-1.0064959177840918,5
2016-02-29,UK,0.48182397287392,-1.3127473818677708,-1.2779147062599985,-0.8304639642438852,-0.7348255198744337,5
2016-03-31,UK,0.02922746187228649,-1.206328162393716,-1.2739006583428514,-0.59794732455754,-0.7622371708554553,5
2016-04-29,UK,-0.014637194260223831,-0.5915266870136262,-1.2680150272875341,-0.9219546464848853,-0.6990333887615674,5
2016-05-31,UK,-0.281996712455448,0.22962865714515918,-0.8760700963180662,-0.7380115075396586,-0.4166124147920034,4
2016-06-30,UK,0.7301825684660288,0.8176145851253523,-1.049437093719712,-0.7919592399837876,-0.07339979502802962,4
2016-07-29,UK,0.6625874089742522,0.9904441022110867,-0.37109619151290685,-0.22869261342946842,0.26331067656074086,3
2016-08-31,UK,1.303379852242388,1.0948978710698285,0.673318753555008,-0.7344335004475009,0.5842907441049309,1
2016-09-30,UK,1.087084448970599,1.4501759578594131,1.0317437280016637,-0.9633174843346497,0.6514216626242566,1
2016-10-31,UK,0.6154184104934459,1.6709680827566802,1.1834856226399326,-0.7733288911912506,0.674135806174702,1
2016-11-30,UK,-0.09794761203758856,1.7495833556309386,1.1942057048989587,-0.9648532672122706,0.4702470453200095,1
2016-12-30,UK,-0.2535023912989816,1.7865012060987477,1.2418697374505159,-0.889900925381256,0.4712419067172565,1
2017-01-31,UK,0.4727801036127281,1.7323290325109102,1.557619609101945,-0.9764748887726145,0.6965634641132423,1
2017-02-28,UK,-0.44215527289295126,1.5094012998455617,1.7192844178947908,-1.1483902316496053,0.40953505329944906,1
2017-03-31,UK,-0.6132936892578549,1.3543508467383978,1.7522885396857075,-0.7775896881354539,0.4289390022576992,1
2017-04-28,UK,-0.5660204474393392,-0.02937755462311997,1.2022120393725577,-0.7165687209817915,-0.027438670917923236,4
2017-05-31,UK,0.3939387351977757,-0.1949612796236414,0.027903294289264673,-0.2125876193211393,0.003573282635564924,3
2017-06-30,UK,-0.627777670432335,-1.0637364455023293,0.07350530844285147,-0.2299508818197548,-0.46198992232789193,5
2017-07-31,UK,-0.253841487848592,-1.3364624541417216,-0.5117484919986717,-1.6526281465355732,-0.9386701451311397,5
2017-08-31,UK,-0.0945604017407182,-1.12310294069853,-0.5993058386096568,-1.4402608984079246,-0.8143075198642074,5
2017-09-29,UK,-0.17869010266595703,-1.1498910878168125,0.4265650880844307,-1.1601248924464613,-0.5155352487112,5
2017-10-31,UK,-0.3184884114625771,-0.7819160262272437,0.3714063365732298,-1.041088495931073,-0.442521649261916,5
2017-11-30,UK,-0.13981007169348364,-0.8684381275992809,1.2345392293895963,-0.7477167278024969,-0.1303564244264163,4
2017-12-29,UK,-0.25121767413401075,-0.830662562194672,0.0971328862332978,-0.82311160021012,-0.45196473757637623,5
2018-01-31,UK,-0.8705715001320127,-0.5855886292625646,1.0630194051309119,-0.3272985842872802,-0.18010982713773643,3
2018-02-28,UK,-0.8117594305062736,-0.6799410981915881,1.2606130286916146,-0.7289772184396037,-0.2400161796114627,4
2018-03-30,UK,-0.7444612126092544,-0.7773524468611085,-0.007360474814783775,-0.753942602406375,-0.5707791841728804,4
2018-04-30,UK,-0.836660026534077,-0.5731998996176274,-1.129187541058868,-0.59721721679838,-0.7840661710022381,5
2018-05-31,UK,-0.6385498108047031,-0.05847209209637997,-1.4061092013435452,0.500606058604876,-0.4006312614099381,4
2018-06-29,UK,-0.6613453154167913,0.3291924414889032,-0.24707198455060866,0.9359991964461815,0.08919358449192116,2
2018-07-31,UK,-0.6133762827123942,1.2196202044866877,-0.6499731876467881,0.15092140071401733,0.026798033710380684,3
2018-08-31,UK,-0.774298565028165,1.1592702748467612,0.9731667168394451,0.06698598496159525,0.3562811029049091,1
2018-09-28,UK,-0.753350724054099,1.3620953625539083,0.8308448859150672,-0.360049378451013,0.2698850364909659,3
2018-10-31,UK,-0.9856236902976724,1.533290801336787,0.9936968792991022,-0.4588154672367063,0.27063713077537765,2
2018-11-30,UK,-0.4279943248879018,1.5892245756897376,1.2473338166708783,-0.7116466161002973,0.4242293628431042,2
2018-12-31,UK,0.23576315750553736,1.0919517390097726,0.919657751625547,-1.052112102611217,0.29881513638241,2
2019-01-31,UK,0.016742411390626457,-1.0691278115412128,0.5657883043971585,-0.9473322447818205,-0.3584823351338121,4
2019-02-28,UK,0.12256129223179976,-0.6079321878899592,0.13381104724800116,-0.7657222579449207,-0.2793205265887697,3
2019-03-29,UK,0.0802150791341641,0.18346111993763037,0.10392671365317532,0.45117128086339214,0.20469354839709047,3
2019-04-30,UK,0.9319599229835194,-0.49017926390997185,0.42337838943757433,0.05441145531801875,0.22989262595728513,3
2019-05-31,UK,-0.15443942616877146,0.0745913632068722,-0.4692574537744437,-0.1828166757149522,-0.1829805481128238,3
2019-06-28,UK,-0.04326748066383649,0.07202674599150741,1.0486577573061922,-0.14232010941945492,0.23377422830360203,2
2019-07-31,UK,-0.05590776614753022,1.037638968143737,1.6106892997725386,-0.5304831760723782,0.5154843314240918,1
2019-08-30,UK,0.25294017638799576,1.008027200364933,1.4730404356911615,-0.7971483680135999,0.4842148611076226,1
2019-09-30,UK,0.6339649745911534,0.46191438546294283,1.4704282917043814,-1.1777285205942598,0.34714478279105443,2
2019-10-31,UK,0.8196693283705047,-0.5183724611258358,0.9420117188761016,-1.4136519656507387,-0.04258584488249206,3
2019-11-29,UK,0.8196693283705047,-1.249095093783659,1.0653284667503695,-1.2469305032191127,-0.15275695047047436,4
2019-12-31,UK,-0.27747642474094,-1.2065397015471495,0.6736924223217209,-1.429918070416265,-0.5600604435956584,4
2020-01-31,UK,0.5057147515798458,-1.597426027016286,1.1463076689142866,-1.0088174693821712,-0.23855526897608126,3
2020-02-28,UK,0.9864327880753335,-1.4626487100995882,0.7499558236914818,-1.0799805748124522,-0.20156016828630627,3
2020-03-31,UK,0.7934085131922431,-1.3143366828027174,0.6416099791283518,-1.076852485444105,-0.23904266898155688,4
2020-04-30,UK,-1.1717771779413177,-1.032496977594673,-0.49505229985071214,-1.041798228228095,-0.9352811709036996,5
2020-05-29,UK,-1.1485131266901103,-0.89376671670044,-0.12755209804894826,-1.0356818811295276,-0.8013784556422565,5
2020-06-30,UK,0.6965804341833456,-0.759763962310153,0.22492843686826658,-1.43028155941003,-0.31713416266714267,3
2020-07-31,UK,0.7094612562064658,-0.8640605561827098,0.2061369168615465,-1.629339128115246,-0.3944503778074859,3
2020-08-31,UK,0.8991122096085236,-0.9951119019842171,0.3136396304665364,-1.580956344167899,-0.34082910151926404,4
2020-09-30,UK,0.45464866548792227,-0.49067421099224,0.7853676299595226,-1.574621503869537,-0.20631985485358306,3
2020-10-30,UK,0.18340154768350841,-0.1409237064269633,1.2744055044948304,-1.7042844098744383,-0.09685026603076569,4
2020-11-30,UK,0.4352640978288208,-0.4479872169239787,1.437557853437881,-1.5850196068591937,-0.04004621812911763,2
2020-12-31,UK,0.3582663655772266,-0.28483597870500554,1.4451961809149227,-1.6686762500831809,-0.037512420574009275,3
2021-01-29,UK,0.4382637268272601,0.6084122588340606,1.159879059025754,-1.210012082131658,0.24913574063885408,1
2021-02-26,UK,-0.38532014704726153,0.590421260694963,1.4937069673016896,-0.5808153696376666,0.2794981778279311,1
2021-03-31,UK,-0.32814041261183374,0.4372696711663401,1.4356498330560916,0.18017466850859748,0.43123844002979883,1
2021-04-30,UK,-0.06569757001060271,0.7863406783377237,0.8016248563020631,0.7305934402046415,0.5632153512084563,1
2021-05-31,UK,0.5362021953220333,0.4455774651132336,0.5297149535184176,0.825105673384364,0.5841500718345121,1
2021-06-30,UK,0.4157494124178994,0.3786249590844358,0.5782498807313663,0.5383073311787945,0.477732895853124,1
2021-07-30,UK,0.45251778549419513,0.4791905214807651,0.5877685852429896,0.14927282858767316,0.41718743020140575,1
2021-08-31,UK,-0.02573120785997663,0.5948038789673223,0.6526169307193608,-0.20268746738600033,0.2547505336101765,1
2021-09-30,UK,-0.34102173741087666,0.34820823495542114,0.35975989807010816,-0.4328472424006018,-0.016475211696487288,3
2021-10-29,UK,-0.33797704247947197,-0.051950815286239564,0.50177897330852,-0.6469436678743727,-0.1337731380828911,4
2021-11-30,UK,-0.28965446952336027,0.6516608619646713,0.8026260120119953,-0.4200858535310655,0.18613663773056027,3
2021-12-31,UK,-0.12425999950295849,-0.01492919438999811,0.26800068947541494,-0.6382706201470632,-0.12736478114115118,4
2022-01-31,UK,-0.38130040239618795,-0.3661839829362939,-1.25695552955489,-0.3437020178574944,-0.5870354831862166,5
2022-02-28,UK,0.05379249225418559,-0.43409567910116276,-1.565421388816296,1.1093674982405743,-0.20908926935567473,4
2022-03-31,UK,-0.5840481504681987,0.4303516531969099,-0.6114532889577153,1.2524700600633172,0.12183006845857824,2
2022-04-29,UK,-0.45505206601201337,1.2688833038319374,-0.6035400825472341,0.7834033217813854,0.2484236192635188,1
2022-05-31,UK,-0.42231831637199846,1.3903057891362507,-0.9283210492640266,0.8613190315694204,0.2252463637674115,2
2022-06-30,UK,-0.43176492508477715,1.514163218147942,-0.6705510569146018,1.5419522496728235,0.48844987145534663,1
2022-07-29,UK,-0.38456423217424457,1.499932470299478,0.44868301773962344,1.5122378372191942,0.7690722732710128,1
2022-08-31,UK,-1.1966587805502438,1.660879648415897,1.0736733057820271,0.5072526668867186,0.5112867101335997,1
2022-09-30,UK,-0.8016319247290511,1.7006072556495646,1.0966224260242223,-0.0010469345576237454,0.498637705596778,1
2022-10-31,UK,-0.9665855530693424,1.648920879076441,1.3362401243924396,-0.1911362506125557,0.45685979994674564,1
2022-11-30,UK,-0.9000425936130101,1.276154406314992,1.5673499428083968,-0.43344085421176837,0.3775052253246526,1
2022-12-30,UK,-0.8184059756742201,1.0465160719698927,0.8872014120157419,-0.599529842721355,0.12894541639751486,2
2023-01-31,UK,-1.1313708498984723,0.7527063074255195,0.2770125386572885,-0.23921145315890643,-0.08521586424364269,3
2023-02-28,UK,1.3707405902964642,-0.8352267372328188,-0.7214621733717083,0.07542993969803886,-0.027629595152505997,4
2023-03-31,UK,0.419436682675988,-1.5460682459686172,-0.783646492763926,0.5268852889087711,-0.34584819178694604,4
2023-04-28,UK,0.37827163638621847,-1.4826658868661777,-1.4447660722738924,0.043540229661457854,-0.6264050232730984,5
2023-05-31,UK,0.2085735101712552,-1.3535709438619472,0.35459219362145095,0.1812743652694874,-0.15228271869993845,4
2023-06-30,UK,0.11910042166029765,-1.2880816209370496,0.7501328362870735,-1.2869882256003589,-0.4264591471475093,5
2023-07-31,UK,0.0975004866572893,-1.3838614783701664,0.2668972887276538,-1.48538326398472,-0.6262117417424858,5
2023-08-31,UK,-0.45639144747344224,-1.4205670821619938,0.5619285425469902,-1.080716621251924,-0.5989366520850925,5
2023-09-29,UK,-0.4736923340666218,-1.5282754816769346,-0.20062702553362366,-1.1722852971091708,-0.8437200345965876,5
2023-10-31,UK,-0.01179381826858403,-1.4117217347925226,0.2272652918463188,-0.32915497945787475,-0.38135131016816565,4
2023-11-30,UK,0.5843041832434527,-1.3945321382579936,-0.6293071810131895,-0.8356917232521112,-0.5688067148199604,5
2023-12-29,UK,0.5745164673886145,-1.1130206916969836,-1.583857502229404,-0.47121724385979297,-0.6483947425993914,4
2024-01-31,UK,0.15873299564312973,-1.3663575453850254,-0.17790993108020486,-0.9060798699544662,-0.5729035876941416,5
2024-02-29,UK,0.6388226945529456,-1.1710309154560976,0.07494306546830456,-1.1875347124927191,-0.41119996698189165,5
2024-03-29,UK,0.26887991324889177,-1.1650454487477218,0.8178625368468755,-0.8721833353488488,-0.23762158350020085,3
2024-04-30,UK,0.6398603705725694,-1.340782472693083,-0.6476746100057933,-0.9930504468783972,-0.585411789751176,5
2024-05-31,UK,1.260468734770767,-1.3328087584486221,-1.4971894262599097,0.4954858428646203,-0.2685109017682861,3
2024-06-28,UK,1.2791640329642873,-1.182045978181634,0.14186589528231852,0.7073184632763276,0.23657560333532487,1
2024-07-31,UK,1.5282935622095917,-1.0169936407753095,-1.2227101467725054,0.053701349098522394,-0.16442721905992522,3
2024-08-30,UK,1.5138048812108382,-1.2066833864167217,-1.1950644918758848,1.0383633363249816,0.037605084810803324,3
2024-09-30,UK,1.2255782964534803,-1.389278494935121,-0.8758933075928984,1.3358356324005243,0.07406053158149628,3
2024-10-31,UK,0.9821944218701982,-1.0003041627976257,0.03676954046971724,0.7973346469017224,0.20399861161100305,3
2024-11-29,UK,0.8971475928225044,-0.3760774907502492,-0.016086382880982554,-0.4184669116660813,0.021629201881297855,4
2024-12-31,UK,-0.37506717783843924,-0.46853769125178313,-0.1381415744652389,-0.32491219894959633,-0.3266646606262644,4
2025-01-31,UK,0.0,-0.10672300842328872,0.18524298530659894,-0.4507572177727953,-0.09305931022237127,4
2025-02-28,UK,-1.3031480905286148,-0.22120357986690747,-0.19308694893628656,-0.4780770719125457,-0.5488789228110886,4
2025-03-31,UK,-1.77739335026873,-0.12089721660920227,-0.6029913245707473,-0.23477795321214323,-0.6840149611652058,5
2025-04-30,UK,-1.3987466834746793,-1.4322237799303235,-0.883923488435716,0.556206659564065,-0.7896718230691635,5
2025-05-30,UK,-1.4019179967893616,-1.703799890392153,-0.9032161632736786,0.2034236956190348,-0.9513775887090395,5
2025-06-30,UK,-1.4444444444444426,-1.5322432695693797,-1.2917075983773723,0.13629462962112657,-1.033025170692517,5
2025-07-31,UK,-1.2327080434098179,-1.1055697156231559,-1.3990183036861543,0.3420569274136498,-0.8488097838263696,5
2025-08-29,UK,-1.4768656253944317,-0.820147112400817,-0.6341115680653203,0.8140522539839633,-0.5292680129691514,5
2025-09-30,UK,-1.020510382819032,-0.6400582475731675,-0.12266743747978326,0.348944069755245,-0.3585729995291844,4
2025-10-31,UK,0.8584940961096856,0.3188340358405005,0.22692026773292306,-0.1780194770646254,0.3065572306546209,2
2025-11-28,UK,0.9307578419910404,0.6552689602786533,0.6860307840654015,-0.05859184826177646,0.5533664345183297,1
2025-12-31,UK,1.1099780547611242,0.2502610607852458,0.0302550515738885,0.5714141636572666,0.4904770826943813,2
2026-01-30,UK,0.40144445970390974,-0.17470985349306636,0.042904471761097025,1.7052267764812385,0.49371646361329474,2
2026-02-27,UK,0.6408413361119968,0.1326922063012157,-0.17556574915755518,1.2307593024187313,0.45718177391859716,2
2026-03-31,UK,-1.1130795850510882,0.6093488790456292,-0.14956126763359412,1.3602789082827882,0.17674673366093377,2
2026-04-30,UK,0.07881104062391119,0.40687989483039294,0.3872506327029296,1.348811516409082,0.5554382711415788,1
2005-12-30,US,0.41944802218397037,,,,,
2006-01-31,US,-0.19398751955982874,,,,,
2006-02-28,US,-0.05980148952415157,,,,,
2006-03-31,US,-0.42167769439126596,,,,,
2006-04-28,US,-0.26812713730125015,,,,,
2006-05-31,US,-0.592142319203952,,,,,
2006-06-30,US,-0.9940189661585659,-0.821470615978549,-0.5953982765837963,,,
2006-07-31,US,-0.764737598981425,-0.27457165373744113,-0.2026007808089709,,,
2006-08-31,US,-0.5168586865883225,-0.1838003984667254,-0.26554554948027875,,,
2006-09-29,US,-0.7008566517486392,-0.2935768536207556,-0.6762737849346662,,,
2006-10-31,US,-0.9760120035921029,-0.40931028431470773,-0.9561578544084394,,,
2006-11-30,US,-0.9697814160165942,-0.013111751773043114,-0.6233423680073736,,,
2006-12-29,US,-0.8600023025527539,-0.14047952850200382,-0.30008693748467985,0.7272565648765812,-0.1433280509157141,4
2007-01-31,US,-1.0642704346401828,-1.2174146298442592,-0.5699536009811813,0.7835266964321299,-0.5170279922583734,4
2007-02-28,US,-0.5496194732877122,-1.234038343101901,-0.8672408028485014,0.8685209177829395,-0.4455944253637938,4
2007-03-30,US,-0.7467118026108854,-0.8958552723256823,-0.322956017105746,0.6821515569456308,-0.3208428837741707,3
2007-04-30,US,-0.600909435914138,-0.6963516595591338,-0.35068264360492307,-0.8594105932937277,-0.6268385830929806,5
2007-05-31,US,-0.45738935374634826,-0.5846548189392234,0.014453432948657311,-0.291628719165697,-0.32980486472565285,4
2007-06-29,US,-0.24372619977536492,-0.4268313848150311,-0.21585543273721045,0.018112596041713898,-0.21707510532147312,3
2007-07-31,US,-0.5551906715154388,0.15535019813110482,-0.03546330396612646,-0.27343096085118274,-0.17718368455041078,3
2007-08-31,US,-0.5119361996325893,0.2073358025853605,-1.0040296950880263,-0.6360530710433068,-0.4861707907946405,5
2007-09-28,US,-0.2739152213713895,0.8194321513162758,-1.4627410920994603,0.28480791709514053,-0.15810406126485838,4
2007-10-31,US,-0.16893963832666797,0.2626898992015984,-1.0079596314906556,0.5940548313988162,-0.08003863480422724,3
2007-11-30,US,-0.6918289057401554,0.05901621355774945,-0.6410773130674758,-0.038139423832709456,-0.32800735727064784,4
2007-12-31,US,-0.9386949098223711,-0.07108135940574577,-0.7988772363295908,-0.8700397233419923,-0.669673307224925,5
2008-01-31,US,-0.6398327505972637,-0.327932668960382,-1.2615065055516974,0.295897043724746,-0.48334372034614925,5
2008-02-29,US,-0.8494727732366361,-0.06593350837586408,-0.7120044381402597,0.4049880174573118,-0.30560567557386203,5
2008-03-31,US,-0.7124630276794516,-0.1075029429334208,-0.7720422145717482,-0.25564389957246914,-0.46191302118927235,5
2008-04-30,US,-0.6917826048705853,0.15299721751361886,-0.141576103510101,-0.7395576807935968,-0.35497979291516607,5
2008-05-30,US,-0.6081584337459235,0.3337078113473886,-0.03160790549237752,-0.8068851446927737,-0.2782359181459215,5
2008-06-30,US,0.2290444106157802,0.39645033355569353,0.13209870113473882,0.1493465395399949,0.22673499621155185,2
2008-07-31,US,0.7141364057424453,0.33012934540617633,0.33713600796041665,-1.0268414780454769,0.08864007026589038,2
2008-08-29,US,0.5772135406797491,0.05730177075884155,-0.11634885619904049,-1.008304381948528,-0.12253448167724446,4
2008-09-30,US,0.639582016482146,-0.19191078798394504,-0.21238072867283314,1.6734801549213334,0.4771926636866753,1
2008-10-31,US,-1.1856432174521674,-0.5527777658591619,-1.5257967711134368,1.2621803317423776,-0.5005093556705971,5
2008-11-28,US,-1.0534574300183124,-0.26395436875685085,-0.10758535263119681,1.5412933485554399,0.029074049287269976,2
2008-12-31,US,0.21060636621089965,-0.16456406032341767,0.09232719994454672,-0.3004918355224051,-0.0405305824225941,4
2009-01-30,US,0.8592149290096343,-0.11919548864659868,0.24900246471922058,-0.4971817216225537,0.12296004586492562,2
2009-02-27,US,0.7037412136736939,0.16368107265830115,0.44752406622999674,-0.38974556820136264,0.23130019609015728,2
2009-03-31,US,0.6219892830555137,0.3156320948320785,0.4849130886924303,-0.5787243845412946,0.21095252050968194,2
2009-04-30,US,0.2103965881511168,0.42888839714170585,0.4759143174418329,-0.6060155910427943,0.12729592792296532,2
2009-05-29,US,1.0643041683803844,0.6300740806045239,0.4973149072539956,-0.7214552803494328,0.3675594689723678,1
2009-06-30,US,0.3819230908262093,0.8771528544415745,0.629115264797796,-1.6992971027068822,0.0472235268396744,4
2009-07-31,US,0.5352697545431724,1.521045523281821,1.2268280546438624,0.35123595947814573,0.9085948229867504,1
2009-08-31,US,0.936283896414525,-0.004027153310773223,-0.0339278557855758,-0.14821910214084272,0.18752744629433332,2
2009-09-30,US,0.7832001557478301,-0.20937176548553812,-0.09721580149104944,-0.036332549723046836,0.1100700097620489,3
2009-10-30,US,1.2541131777577186,-0.21343946531453536,-0.12146120987059436,0.06486300700881548,0.2460188773953511,2
2009-11-30,US,1.0367047079689495,-0.27755881399285726,-0.3383291471700489,-0.09350301258509187,0.08182843355523786,3
2009-12-31,US,0.9856657658139127,-0.4424538826939789,-0.3727995765045587,0.8966453566656816,0.26676441582026417,2
2010-01-29,US,1.1386818846191444,-0.4984164085993693,-0.47966875588003227,0.6861275264586969,0.21168106164960993,2
2010-02-26,US,0.6260673961350742,-0.45773194334583256,-0.6077469858187726,1.170418228976621,0.1827516739867725,2
2010-03-31,US,0.23799407164151223,-0.4621963839347404,-0.7878246211930744,1.392788677243929,0.09519043593940663,4
2010-04-30,US,-0.026923973076148473,-0.4259178907348639,-1.1515568606822273,1.4445566312421843,-0.03996052331276384,4
2010-05-31,US,-0.18939682326213003,-0.5763453826203511,-0.6168574105019554,1.3082373146424073,-0.018590575435507295,3
2010-06-30,US,-0.2775220369576347,-0.16844353304399765,-0.21749443419614556,1.0573415274159776,0.09847038080454992,3
2010-07-30,US,-0.3540424661297698,-0.12839933712222718,-0.5748001454289869,0.7757325668809943,-0.07037734544999738,4
2010-08-31,US,0.18320967047778386,-0.0847599801827109,-0.09530851332270174,1.4559068402470479,0.3647620043048548,1
2010-09-30,US,0.1044169338841706,0.05205733501519016,-0.40838055818392743,-0.28050864767711986,-0.13310373424042166,4
2010-10-29,US,0.37499470367302734,0.10874245820273844,-0.22489990891925238,0.05794106129774497,0.07919457856356459,2
2010-11-30,US,0.17007636024786374,0.2660690531390475,-0.7220082664152393,-0.550099411216586,-0.2089905660612285,4
2010-12-31,US,0.0925895256658636,0.3106642803921567,-1.2979610070842333,-0.45547614884755044,-0.33754583746844086,5
2011-01-31,US,0.47128950290215665,0.5114428277383918,-1.6246792848170895,0.28949400894022587,-0.08811323630907879,3
2011-02-28,US,0.22238171223588518,0.8969795558297369,-1.6564397315521227,0.871275053802815,0.08354914757907858,2
2011-03-31,US,0.5886235737239108,0.9916486094375049,-1.6648549249873619,1.4960188625466495,0.35285903018017584,1
2011-04-29,US,0.5181153870411438,1.2431172901187877,-0.4245711005899873,1.6263111838435862,0.7407431901033825,1
2011-05-31,US,0.17443021450663324,1.3459445681477342,0.2895896976281376,0.7415148494911167,0.6378698324434054,1
2011-06-30,US,1.5198484667829901,1.2831062854369715,0.7026625734176899,0.442512077999053,0.9870323509091761,1
2011-07-29,US,0.588420238441542,1.2144704339575734,0.38540720751067464,0.6386477628206783,0.7067364106826171,1
2011-08-31,US,0.9165692473915492,1.231603854835984,-0.05720641210356977,0.024594038442121425,0.5288901821415212,1
2011-09-30,US,1.594414895649959,1.1427219866048115,0.637755050152829,-0.1391259819071726,0.8089414876251068,1
2011-10-31,US,1.2098784397213498,0.5747562730517554,-0.4101570805750382,-0.6431408742885267,0.18283418947738506,2
2011-11-30,US,1.5531637602411457,0.6186026508373395,-0.8375444569210642,1.008171647985269,0.5855984005356725,2
2011-12-30,US,1.629652440635009,0.8394988251586109,-0.5081313312789435,0.9445288251553182,0.7263871899174987,1
2012-01-31,US,1.5443501615899122,0.6048981273406309,-0.7819803996468019,1.2008238657977681,0.6420229387703773,1
2012-02-29,US,1.4848950702110624,0.7777420245162093,0.44178629044110707,1.5755945546747865,1.0700044849607913,1
2012-03-30,US,1.5088253297482594,1.2507100969002463,-0.8535126618373524,1.5871610878449234,0.8732959631640191,1
2012-04-30,US,1.474124269524986,1.3626743513987623,-0.6995848988752863,1.6894955374183653,0.9566773148667068,1
2012-05-31,US,1.4025785348768676,0.9566252389601522,-1.38064781600248,1.4746122432333058,0.6132920502669614,1
2012-06-29,US,0.8001786122488582,0.9203997293787958,-1.1902108957197648,1.5267497678807311,0.5142793034471551,1
2012-07-31,US,1.3441203465120315,0.3038464778414169,-0.4631361130157363,1.605867437006972,0.697674537086171,2
2012-08-31,US,0.693292110840505,0.21713896376774974,-0.4465609384701397,1.4595667314791787,0.4808592169043234,2
2012-09-28,US,1.1973421894279301,0.41063033086094647,-0.22346314913029244,1.397218882266069,0.6954320633561633,1
2012-10-31,US,1.5526205195752285,0.28521572639948356,0.23834360708646513,1.1106255698238918,0.7967013557212672,1
2012-11-30,US,0.3675611327689576,0.7463268199048552,1.032555304398278,0.471193778073114,0.6544092587863012,1
2012-12-31,US,0.755182201841308,0.8118154454868199,1.5301065056508378,-0.3136054167340756,0.6958746840612225,1
2013-01-31,US,1.0917446930579262,0.8195138802016336,1.3266316367369526,-0.7151837768405545,0.6306766082889896,1
2013-02-28,US,1.7020890704161658,0.052084019272581654,1.1092329936072673,-0.6567297463888414,0.5516690842267934,1
2013-03-29,US,1.5705042236439555,-0.13549270435878563,0.8642508522908613,-0.23217176110434756,0.5167726526179208,2
2013-04-30,US,0.6891319045962064,-0.18724769394506843,0.6234879556272651,0.1161525812561313,0.3103811868836336,2
2013-05-31,US,-0.11191139020594619,-0.44328355951398446,-0.1082201567658083,0.44754668770872474,-0.05396710469425356,4
2013-06-28,US,0.03736885524237775,-0.41519103031108806,-1.4023146961265436,1.5931946630476619,-0.046735552036898,4
2013-07-31,US,0.34942688296804864,-0.3429177071489964,-1.269030104630839,1.2937445239784868,0.007805898791675037,3
2013-08-30,US,0.41423655590149233,-0.19947750694142044,-0.756395568350819,1.4916329363876015,0.2374991042492136,2
2013-09-30,US,0.09371854458573402,-0.04783497851964906,-0.016310181410060555,1.7052743701972475,0.433711938713318,2
2013-10-31,US,0.1751748986880119,0.025403175876805295,-0.24532470302995882,0.7894616306041525,0.18617875053475272,2
2013-11-29,US,0.544883621387573,0.38104501691719944,0.04822288547000767,1.23718144501735,0.5528332421980325,1
2013-12-31,US,0.7925665546937712,0.3696789797232559,0.15832536808968445,1.6929915626376677,0.7533906162860948,1
2014-01-31,US,-1.459254106768589,0.4478440471351201,0.6176154763312223,0.6744256193783185,0.070157759019018,3
2014-02-28,US,-0.23482483532384463,0.5571549457985788,0.13448480658809794,0.5251220397850919,0.245484239211981,2
2014-03-31,US,1.406994215056339,0.5057888595186881,-0.4456412486466741,0.8601338420958214,0.5818189170060436,1
2014-04-30,US,0.6835067426013206,0.8070081174974766,-0.1294255519868838,1.110973631141137,0.6180157348132626,1
2014-05-30,US,0.4793687274279789,1.2395281051276064,0.09401280903658364,0.713718986761751,0.63165715708848,1
2014-06-30,US,0.5231800059782413,1.5228659384797572,0.12467834780190641,0.6125797248900906,0.6958260042874989,1
2014-07-31,US,0.9099734608095432,1.6459963600732004,0.9410988563688427,1.5343066843211688,1.2578438403931889,1
2014-08-29,US,1.1935873084298687,1.4154327777436426,-0.5583260354550131,1.6951528753996614,0.9364617315295398,1
2014-09-30,US,1.7119059581558136,1.284974169073656,0.3535030988075527,1.6495039160355585,1.2499717855181451,1
2014-10-31,US,1.3320141153064156,0.30123227882928943,-0.41218309776006534,1.3134948755756972,0.6336395429878342,1
2014-11-28,US,1.3480161476312562,-0.28396949080499084,-0.6062773814837399,1.143276140699479,0.4002613540105011,1
2014-12-31,US,1.6577930537758265,-0.476306939907407,-1.443705526220473,1.568108136810308,0.32647218111456366,1
2015-01-30,US,1.4290757844441055,-0.30671263167910345,-0.31271924305984916,1.720566606627264,0.6325526290831043,2
2015-02-27,US,0.9679818425898513,-0.1815743208342303,0.8722693800288422,1.5443590036513777,0.8007589763589602,1
2015-03-31,US,0.3598707180977908,-0.18234400327516725,0.5491204881241496,1.1982440988747811,0.4812228254553886,2
2015-04-30,US,0.5696126420125445,-0.031731916222649634,1.1820011711217424,0.8677045180249991,0.6468966037341591,1
2015-05-29,US,0.9083443371168409,0.0803051259891172,1.3191648733642611,-0.16117822573171736,0.5366590276846255,1
2015-06-30,US,0.8583863905418273,0.17800254896486203,1.6379796108088969,-0.43495165073847725,0.5598542248942773,1
2015-07-31,US,0.3389596097196188,-0.00425260256433151,0.6190799117207403,-0.6874214546750124,0.06659136605025379,3
2015-08-31,US,-1.5427784316797382,-0.23996586757226565,0.10479256282982155,-0.01016431740032159,-0.42202901345562593,4
2015-09-30,US,-0.3272099955018397,0.21248918704427336,-0.5427116748961283,-0.6289688584484564,-0.3216003354505378,4
2015-10-30,US,-0.778987973025568,0.034993346507405085,-1.29543320515105,0.43673034102814434,-0.4006743726602672,5
2015-11-30,US,-0.9415897600611504,0.10566375276191868,-0.5131419957202702,1.5732774727485896,0.05605236743227193,2
2015-12-31,US,-1.2450402577945356,0.3708147931919673,-0.05418477603487789,1.3078143162185534,0.09485101889527678,3
2016-01-29,US,-1.4300768556182082,0.28987462995588914,-0.47396733385003437,1.4360832487825035,-0.044521577682462454,4
2016-02-29,US,-1.5469085444899706,1.0651186562844008,-0.32912048549419093,1.4656098894045402,0.16367487892619487,2
2016-03-31,US,-0.11690984748915115,1.0505576676161905,-0.7419663917217594,1.7803117128166772,0.4929982853054893,1
2016-04-29,US,0.058548777040879726,1.3567319680438437,-0.5476125292731732,1.652375250171202,0.630010866495688,1
2016-05-31,US,-0.013428414878830631,1.2331623648686882,-0.7867001252586062,1.415979513367797,0.46225333452476214,2
2016-06-30,US,0.33008253095039825,0.8213401633754918,-0.825602024213138,1.3891348263284828,0.42873887411030875,1
2016-07-29,US,0.5164284217005214,0.7511098605442463,-1.3412129139182722,1.7440946235724255,0.4176049979747302,1
2016-08-31,US,-0.911100479237395,0.4853868284012939,-0.5383762845094392,1.704908836333914,0.18520472524709342,2
2016-09-30,US,-0.801494466613923,0.12244449210522909,-0.02076132681536581,1.2177937354379273,0.12949560852846692,2
2016-10-31,US,-0.8903925939054176,-0.0906947880398714,0.0401157162457156,0.5567665573207133,-0.096051277094715,3
2016-11-30,US,-0.09794761203758856,-0.2923514808060783,-0.5656400711232602,0.5012908680338795,-0.11366207398326189,4
2016-12-30,US,0.547031475960967,-0.44256800549616565,0.1775828650014823,1.04785425998473,0.3324751488627534,2
2017-01-31,US,0.8104801776218231,-0.5727803531027533,-0.12070522423423899,1.2195916017215203,0.33414655050158776,2
2017-02-28,US,1.1450687836458626,-0.7440124243806708,-0.7753620992048555,1.103145515112598,0.18220994379323355,2
2017-03-31,US,0.4088624595052376,-0.7402655579926893,-0.389909607361921,1.7113209659679174,0.24750206502963618,2
2017-04-28,US,0.1741601376736426,-0.5235785464626297,-0.4979847562025541,1.7068877546325214,0.21487114741024504,1
2017-05-31,US,0.3304002295207147,-0.43936676287666293,0.05612574477827443,1.3954037636685088,0.33564074377270875,1
2017-06-30,US,0.03304093002275497,-0.14459783952699864,-0.5902234271743837,-0.2504744996736758,-0.23806370908807578,4
2017-07-31,US,0.07159631708550279,-0.034646637442000965,-0.3410097477134124,0.14801141337521426,-0.039012163673674084,4
2017-08-31,US,0.3191413558749323,0.10160109291439991,-0.028233747177230803,0.6582316471785788,0.26268508719767003,2
2017-09-29,US,0.6589197535807158,0.14244530795395316,-0.7367512336070245,-0.5405746747286485,-0.11899021170025104,3
2017-10-31,US,0.29398930288853325,0.06380421428769584,-0.32059852581248854,1.3977498676540827,0.35873621475445583,2
2017-11-30,US,-0.2951545957973529,0.3426387994376243,-0.8448884491460676,1.034358637202754,0.05923859792423944,2
2017-12-29,US,0.14130994170038072,0.6456384890839777,-0.9980266788375637,1.1642871599987725,0.2383022279863918,2
2018-01-31,US,0.1450952500220027,1.6551939643682512,0.0911756290018018,0.9860054433225426,0.7193675716786495,1
2018-02-28,US,0.5826739470505197,1.311568544111882,0.20467092688285038,1.0568449774087105,0.7889395988634906,1
2018-03-30,US,0.17300859166271296,1.4244854597835592,0.423239811592616,0.822884580583962,0.7109046109057126,1
2018-04-30,US,0.35856858280031745,1.5928872720631968,1.2523209638130282,0.5155772694248208,0.9298385220253409,1
2018-05-31,US,0.4982623523703369,1.7108389957018024,0.6269588230287525,0.5813204835672044,0.8543451636670241,1
2018-06-29,US,0.6519645308009538,1.579306210817112,0.42385142551226046,0.8981771052878804,0.8883248181045518,1
2018-07-31,US,0.40086796429235316,0.47247194408745957,-0.025188314714941474,1.531471673797275,0.5949058168655366,1
2018-08-31,US,0.647119090579092,0.591869571943122,-1.4901328635465365,1.6671675260048522,0.3540058312451324,2
2018-09-28,US,0.4829171308039098,0.5621276089244448,-0.8448169067520012,1.6804360070726148,0.4701659600122421,1
2018-10-31,US,1.105093228515574,0.29334889674824566,-0.9045778522014483,1.6807432974406722,0.5436518926257609,1
2018-11-30,US,1.2904677371619988,0.3229238354548596,-0.5751383884190188,1.4369169702004734,0.6187925385995783,1
2018-12-31,US,0.5572583722858129,0.30714146598452413,-0.3310263114863248,1.1849294595553783,0.42957574658484765,1
2019-01-31,US,1.2305672372112884,0.1319729135831312,-0.9181481730323358,0.6758259983769256,0.28005449403475235,2
2019-02-28,US,1.0034705801478392,0.29834641147871266,0.5693228873802842,1.0812778262769496,0.7381044263209464,1
2019-03-29,US,1.1011342681144058,0.3959579748074314,0.0465893354501211,0.09881811088722373,0.41062492231479547,1
2019-04-30,US,1.1328133546610013,0.577959313786779,-0.6678263621615456,0.25495104597616425,0.3244743380655998,2
2019-05-31,US,1.610582587188611,0.6442147139832721,1.0581283747864016,0.19836355550905072,0.8778223078668339,1
2019-06-28,US,1.4710943425703842,0.9228358259841873,-0.4559803040171557,-0.34224131678432634,0.3989271369382723,1
2019-07-31,US,1.3417863875406724,0.5336810404389071,0.02616225106665237,0.07060215068588961,0.4930579574330303,2
2019-08-30,US,0.5857561979511521,0.6041274264621905,-0.1531502665518028,0.4592610243767235,0.3739985955595658,2
2019-09-30,US,0.5246606686271634,0.7897216900374022,0.5575063908701762,0.42193819923725484,0.5734567371929993,1
2019-10-31,US,-0.1561274911181874,1.0105723330188654,0.5469690734819476,0.2952204225014532,0.4241585844710197,2
2019-11-29,US,-0.1561274911181874,0.5969762462809631,-0.5478281250677807,-0.04479314860031458,-0.03794312962632988,2
2019-12-31,US,0.14941038255281558,0.5701212137455567,-0.15563330804705136,0.6162470950523953,0.2950363458259291,2
2020-01-31,US,1.48904899076288,0.6351535215801849,-0.3140049233119326,0.18437392989158738,0.49864287973068,2
2020-02-28,US,1.0870891950217971,0.7822760475876924,-0.10770902921336359,0.1579579737452529,0.47990354678534475,2
2020-03-31,US,1.2647403032074374,0.3588139202879768,-0.36259692675302674,0.8243051311879716,0.5213156069825897,1
2020-04-30,US,0.8099048141653225,0.2865412495671821,-1.005155110062518,0.8587583963253969,0.23751233749884582,2
2020-05-29,US,1.017368029178782,0.4374693140804292,-0.4271463867750019,1.2752254096043336,0.5757290915221358,2
2020-06-30,US,1.157281779542701,0.5968779389229747,0.08293422285138427,0.8924214595867683,0.6823788502259571,2
2020-07-31,US,0.853660698524853,0.8306314368155389,-0.21346248998814038,0.9881491367115338,0.6147446955159463,2
2020-08-31,US,0.9586560645494839,0.9114944451268058,-0.48638529566799804,0.9881012945282192,0.5929666271341277,2
2020-09-30,US,0.9226693505490209,1.1142634007693426,-0.35906566592335737,0.8298817243563821,0.626937202437847,2
2020-10-30,US,1.355133657883715,1.6547228228463993,-0.016577789938029542,0.7828729304751411,0.9440379053168065,1
2020-11-30,US,0.9714590009512761,1.6699267258024926,0.09239068936997133,0.5182558074023558,0.813008055881524,1
2020-12-31,US,1.059222298228325,0.8891575780798341,-1.149002615913663,0.47384150362908356,0.31830469100589487,1
2021-01-29,US,0.9098133063249464,0.04160977855713694,-0.20867084300541675,0.11718707731150393,0.21498482979704264,2
2021-02-26,US,1.042630986127887,-0.15918529094776485,0.06704355379851427,-0.2938687743254534,0.16415511866329574,2
2021-03-31,US,0.6767896010119059,-0.13122988190589868,-0.5951060366862932,-0.46172578688724164,-0.12781802611688192,3
2021-04-30,US,-0.08502038471960399,0.08544986634570169,-0.49053084071623115,0.7266556333436733,0.059138568563384966,3
2021-05-31,US,-0.13826597489435963,-0.06632823215025146,-0.44502894756089145,1.0436493656978731,0.09850655277309264,2
2021-06-30,US,-0.0542281842284225,0.09030888423387433,-0.18891884079472618,0.8347202792486916,0.1704705346148543,2
2021-07-30,US,-0.21189324876315702,0.15104204790646372,-0.2981909433380217,1.2469126650989923,0.22196763022606933,2
2021-08-31,US,-0.11762837878846422,-0.014109168477614996,-0.36059211947573805,1.2419543877923174,0.187406180262625,2
2021-09-30,US,0.30274378729333296,0.010367994828815305,-0.37861271981912475,1.2716945438440215,0.3015484015367612,1
2021-10-29,US,0.28919685078140484,-0.30568910876479455,-0.6026745765085852,1.6878782025216692,0.26717784200742356,1
2021-11-30,US,0.5083731505920214,-0.3852700060087171,-0.9810286811448675,1.6214966121968624,0.19089276890882478,2
2021-12-31,US,0.006539999973841021,-0.10898061862354969,-0.9509254597584804,1.6064617472385718,0.1382739172075957,2
2022-01-31,US,-0.3489868089727817,-0.6920235674130858,-0.5625082925175504,1.4471564280670084,-0.0390905602091024,4
2022-02-28,US,0.08367721017317924,-0.26226501263063406,0.06671266740957911,0.813873703887962,0.17549964221002157,2
2022-03-31,US,0.024335339602845573,-0.1318340278433282,-0.4852914045150148,0.48330249502215183,-0.0273718994333364,3
2022-04-29,US,-0.4255032305566893,-0.40096677502392325,0.6466864228673924,0.6803230636563585,0.1251348702357846,3
2022-05-31,US,0.042947625393764455,-0.18387807284675342,1.0172998088914578,0.42190801174015313,0.3245693432946555,1
2022-06-30,US,-0.18802666092401527,-0.2914905306312422,0.8397089300278839,-0.12913671328128323,0.05776375629783581,4
2022-07-29,US,-0.3502281400158293,-0.36723786087793864,0.20270128035775087,0.26934663748426546,-0.0613545207629379,4
2022-08-31,US,0.36063689276856903,-0.5153098282499761,0.00996125959411922,1.1723212149384326,0.2569023847627862,2
2022-09-30,US,0.024477310678751328,-0.5760507888325331,0.38670346216758145,1.6321908653028194,0.3668302123291548,2
2022-10-31,US,0.15290618918611162,-0.8422579012237874,-0.7069389493801196,1.4774979852598928,0.020301830960524403,3
2022-11-30,US,-0.02790829747637183,-1.0517139509114888,-1.190468292828824,1.3725686782063358,-0.2243804657525872,5
2022-12-30,US,-0.30260389016525685,-0.9427033415923437,-0.8869625319712464,1.1706517266864627,-0.24040450926059614,4
2023-01-31,US,-1.0370899457402647,-1.1578660729145234,0.03309072422191039,-0.683648989079117,-0.7113785708779987,5
2023-02-28,US,-1.2155624102628966,-1.2348874662660592,0.27071800593650636,-1.3222891997055461,-0.875505267574499,5
2023-03-31,US,-0.8711377255578145,-0.33718722361688874,-0.3894905849512217,-1.1831251434450243,-0.6952351693927373,5
2023-04-28,US,-0.6533782810307427,-0.11265410083221047,0.24247630407239576,-1.222805197029628,-0.4365903187050464,4
2023-05-31,US,-0.06179955856926232,-0.3534112953874203,-0.2829732068944514,-1.6616743829089489,-0.5899646109400207,5
2023-06-30,US,0.034028691902943484,-0.2082290452237423,-0.6788777165295857,-0.8341854018041717,-0.42181586791363906,4
2023-07-31,US,0.5579194514278236,0.1889025673642035,-0.6154990697339774,1.1858597166187985,0.32929566641921204,2
2023-08-31,US,0.8113625732861216,0.6991133807191572,-0.6327619579585024,1.5382548107606777,0.6039922017018635,1
2023-09-29,US,0.918084111386857,0.7600406598115257,0.07197520757971193,1.2920903759436215,0.760547588680429,1
2023-10-31,US,0.7548043691892585,1.1669313013511993,-0.20987394771343296,1.316084070648855,0.7569864483689699,1
2023-11-30,US,0.4363790735615637,0.9163014962039749,-0.4894024562904767,1.1076217907633008,0.4927249760595907,2
2023-12-29,US,0.4640325313523411,0.9246984138915079,-0.09953931028299476,1.375224920274723,0.6661041388088944,2
2024-01-31,US,0.9057117986696157,1.1088800376377794,0.5246460995706885,1.6534912240400998,1.0481822899795459,1
2024-02-29,US,0.5807479041390408,0.8782319489044557,-0.1979733173929897,1.0290976863923698,0.5725260555107192,1
2024-03-29,US,1.266337655946385,0.9121745392508952,-0.6567946966165278,0.7604050842993018,0.5705306457200136,2
2024-04-30,US,0.5745684960243471,0.8442396754042445,0.2816060652907921,0.9780224403151196,0.6696091692586259,1
2024-05-31,US,-0.2157559095553581,0.6421891179954056,0.390638962892442,0.7789964653500684,0.3990171591706395,2
2024-06-28,US,-0.3478428510692384,0.4718140923737681,-0.597626567489603,1.0757898826125107,0.15053363910685935,3
2024-07-31,US,-0.23224068837498876,0.4766303548717448,-0.6807773284041299,1.5058005473031895,0.2673532213489539,2
2024-08-30,US,-0.14309598379605049,0.3898486087052874,-0.40745108937733493,1.0111246313374873,0.21260654171734733,2
2024-09-30,US,-0.4788683409983791,0.5081519076831581,-0.8068535542455931,0.4740453344643363,-0.07588116327411948,4
2024-10-31,US,-0.7546127875344266,0.7019122837760674,-1.4253767958674057,1.0368204276658897,-0.11031421798996882,4
2024-11-29,US,-0.09235342867291045,1.0643211984462844,-1.6139057358064341,1.649854424268202,0.25197911455878547,3
2024-12-31,US,0.8383854563447612,1.1566140898768693,-0.7949656116453321,1.6872962344166527,0.7218325422482378,1
2025-01-31,US,1.491739707965785,0.918052525435883,-0.41538556215251704,1.7767849015092863,0.9427978931896093,1
2025-02-28,US,1.1014704098515689,0.6638026300762759,0.21984167444552552,1.6689032605539782,0.9135044937318371,1
2025-03-31,US,0.576770027570645,0.7104713789152389,1.3400800864082794,1.3850219312414873,1.0030858560339126,1
2025-04-30,US,0.6871036339875664,1.305362484599877,1.161600901028899,-0.5386868078857289,0.6538450529326534,1
2025-05-30,US,0.6008219986240121,0.8980243656248907,1.399179759594231,-1.669338251252044,0.3071719681477724,2
2025-06-30,US,0.0,1.1939151761948392,0.7663203685259404,-1.4193484710034583,0.1352217684293303,3
2025-07-31,US,-0.6967480245359868,1.327829062035997,0.41187332416832245,-1.54517252578708,-0.12555454102968688,4
2025-08-29,US,-0.17374889710522423,1.2332662247277975,0.05264944700251139,-1.0135981745729263,0.024642150013039543,2
2025-09-30,US,0.6003002251876607,1.4644669881150485,-0.6961079583996885,-0.7064917538666121,0.1655418752591021,3
2025-10-31,US,-0.1856203451048007,1.4503184055799174,-0.4864768786960255,0.5102301254183462,0.3221128267993594,1
2025-11-28,US,-0.8273403039920277,0.8861688902935253,-0.26570292284368124,1.0626798844385406,0.21395138697408922,3
2025-12-31,US,-0.5012804118276005,0.7874301720502193,1.5467159575191645,0.9509111904769908,0.6959442270546935,1
2026-01-30,US,1.274149806886314,0.9856374329123567,1.5421749401147569,-0.3661425808168587,0.8589548997741423,1
2026-02-27,US,1.0253461377791986,1.0778466826987319,1.6419156887093729,-1.4143575126001011,0.5826877491468005,1
2026-03-31,US,0.7063774289747337,1.0381714327524596,1.621681277801453,-1.4585637551370076,0.47691659609790965,1
2026-04-30,US,-0.7092993656151895,1.2651989077576273,1.405257389695342,-1.2986718685119856,0.16562126583144854,3
